{
  "$schema": "http://json-schema.org/draft-07/schema#",
  "title": "\u0027Sosiaalihuollon maksusitoumus\u0027 JSON schema",
  "type": "object",
  "additionalProperties": false,
  "sosmeta": {
    "title": "\u0027Sosiaalihuollon maksusitoumus\u0027 JSON schema",
    "status": "Valmis",
    "documentDefinitionVersion": "2023-05-31",
    "dataComponentLibraryVersion": "2023-05-26",
    "oid": "1.2.246.537.6.1506.9001.2023.5.31",
    "documentType": "Maksusitoumus",
    "documentAuthor": "Ammattihenkilö",
    "documentSubject": "Sosiaalihuollon  palvelutehtäville yhteiset asiakasasiakirjat"
  },
  "required": [
    "sosiaalihuollon_maksusitoumus"
  ],
  "properties": {
    "sosiaalihuollon_maksusitoumus": {
      "type": "object",
      "additionalProperties": false,
      "sosmeta": {
        "name": [
          {
            "lang": "fi",
            "value": "Sosiaalihuollon maksusitoumus"
          },
          {
            "lang": "sv",
            "value": "Betalningsförbindelse inom socialvården"
          }
        ]
      },
      "required": [
        "asiakas",
        "maksusitoumus"
      ],
      "properties": {
        "vastaanottajan_nimi": {
          "type": "string",
          "sosmeta": {
            "name": [
              {
                "lang": "fi",
                "value": "Vastaanottajan nimi"
              },
              {
                "lang": "sv",
                "value": "Mottagarens namn"
              }
            ],
            "description": [
              {
                "lang": "fi",
                "value": "Kenttään kirjataan maksusitoumuksen vastaanottaja."
              },
              {
                "lang": "sv",
                "value": "I fältet antecknas betalningsförbindelsens mottagare."
              }
            ],
            "representation": [
              {
                "lang": "fi",
                "value": "Nimi"
              },
              {
                "lang": "sv",
                "value": "Namn"
              }
            ],
            "repeatable": false,
            "required": false,
            "conditionalRequired": false,
            "nationwideRecordedInformation": false,
            "hiddenField": false,
            "hiddenTitle": false,
            "rowNumber": 1
          }
        },
        "vastaanottajan_yhteystiedot": {
          "type": "object",
          "additionalProperties": false,
          "sosmeta": {
            "name": [
              {
                "lang": "fi",
                "value": "Vastaanottajan yhteystiedot"
              },
              {
                "lang": "sv",
                "value": "Mottagarens kontaktuppgifter"
              }
            ],
            "description": [
              {
                "lang": "fi",
                "value": "Tähän kirjataan tarvittaessa maksusitoumuksen vastaanottajan yhteystiedot."
              },
              {
                "lang": "sv",
                "value": "Här antecknas vid behov kontaktuppgifter till mottagaren av betalningsförbindelsen."
              }
            ],
            "repeatable": false,
            "required": false,
            "conditionalRequired": false,
            "nationwideRecordedInformation": false,
            "hiddenField": false,
            "hiddenTitle": false,
            "rowNumber": 2
          },
          "required": [],
          "properties": {
            "osoite": {
              "type": "object",
              "additionalProperties": false,
              "sosmeta": {
                "name": [
                  {
                    "lang": "fi",
                    "value": "Osoite"
                  },
                  {
                    "lang": "sv",
                    "value": "Adress"
                  }
                ],
                "description": [
                  {
                    "lang": "fi",
                    "value": "-"
                  },
                  {
                    "lang": "sv",
                    "value": "-"
                  }
                ],
                "implementationNote": [
                  {
                    "lang": "fi",
                    "value": "Kenttä ei ole toistuva TK Yhteystietojen määrityksestä poiketen."
                  },
                  {
                    "lang": "sv",
                    "value": "Kenttä ei ole toistuva TK Yhteystietojen määrityksestä poiketen."
                  }
                ],
                "repeatable": false,
                "required": false,
                "conditionalRequired": false,
                "nationwideRecordedInformation": false,
                "hiddenField": false,
                "hiddenTitle": false,
                "rowNumber": 3
              },
              "required": [],
              "properties": {
                "lahiosoite": {
                  "type": "string",
                  "sosmeta": {
                    "name": [
                      {
                        "lang": "fi",
                        "value": "Lähiosoite"
                      },
                      {
                        "lang": "sv",
                        "value": "Näradress"
                      }
                    ],
                    "description": [
                      {
                        "lang": "fi",
                        "value": "-"
                      },
                      {
                        "lang": "sv",
                        "value": "-"
                      }
                    ],
                    "example": [
                      {
                        "lang": "fi",
                        "value": "-"
                      },
                      {
                        "lang": "sv",
                        "value": "-"
                      }
                    ],
                    "representation": [
                      {
                        "lang": "fi",
                        "value": "Teksti"
                      },
                      {
                        "lang": "sv",
                        "value": "Text"
                      }
                    ],
                    "repeatable": false,
                    "required": false,
                    "conditionalRequired": false,
                    "nationwideRecordedInformation": false,
                    "hiddenField": false,
                    "hiddenTitle": false,
                    "rowNumber": 4
                  }
                },
                "postinumero": {
                  "type": "string",
                  "sosmeta": {
                    "name": [
                      {
                        "lang": "fi",
                        "value": "Postinumero"
                      },
                      {
                        "lang": "sv",
                        "value": "Postnummer"
                      }
                    ],
                    "description": [
                      {
                        "lang": "fi",
                        "value": "-"
                      },
                      {
                        "lang": "sv",
                        "value": "-"
                      }
                    ],
                    "example": [
                      {
                        "lang": "fi",
                        "value": "-"
                      },
                      {
                        "lang": "sv",
                        "value": "-"
                      }
                    ],
                    "representation": [
                      {
                        "lang": "fi",
                        "value": "Teksti"
                      },
                      {
                        "lang": "sv",
                        "value": "Text"
                      }
                    ],
                    "repeatable": false,
                    "required": false,
                    "conditionalRequired": false,
                    "nationwideRecordedInformation": false,
                    "hiddenField": false,
                    "hiddenTitle": false,
                    "rowNumber": 5
                  }
                },
                "postitoimipaikka": {
                  "type": "string",
                  "sosmeta": {
                    "name": [
                      {
                        "lang": "fi",
                        "value": "Postitoimipaikka"
                      },
                      {
                        "lang": "sv",
                        "value": "Postkontor"
                      }
                    ],
                    "description": [
                      {
                        "lang": "fi",
                        "value": "-"
                      },
                      {
                        "lang": "sv",
                        "value": "-"
                      }
                    ],
                    "example": [
                      {
                        "lang": "fi",
                        "value": "-"
                      },
                      {
                        "lang": "sv",
                        "value": "-"
                      }
                    ],
                    "representation": [
                      {
                        "lang": "fi",
                        "value": "Nimi"
                      },
                      {
                        "lang": "sv",
                        "value": "Namn"
                      }
                    ],
                    "repeatable": false,
                    "required": false,
                    "conditionalRequired": false,
                    "nationwideRecordedInformation": false,
                    "hiddenField": false,
                    "hiddenTitle": false,
                    "rowNumber": 6
                  }
                }
              }
            }
          }
        },
        "asiakas": {
          "type": "array",
          "minItems": 1,
          "items": {
            "type": "object",
            "additionalProperties": false,
            "sosmeta": {
              "name": [
                {
                  "lang": "fi",
                  "value": "Asiakas"
                },
                {
                  "lang": "sv",
                  "value": "Klient"
                }
              ],
              "description": [
                {
                  "lang": "fi",
                  "value": "Asiakas on henkilö, jolle maksusitoumus myönnetään."
                },
                {
                  "lang": "sv",
                  "value": "Klienten är en person, till vilken en betalningsförbindelse beviljas."
                }
              ],
              "repeatable": true,
              "required": true,
              "conditionalRequired": false,
              "nationwideRecordedInformation": false,
              "hiddenField": false,
              "hiddenTitle": false,
              "rowNumber": 7
            },
            "required": [
              "sukunimi",
              "etunimet"
            ],
            "properties": {
              "sukunimi": {
                "type": "string",
                "minLength": 1,
                "sosmeta": {
                  "name": [
                    {
                      "lang": "fi",
                      "value": "Sukunimi"
                    },
                    {
                      "lang": "sv",
                      "value": "Efternamn"
                    }
                  ],
                  "description": [
                    {
                      "lang": "fi",
                      "value": "-"
                    },
                    {
                      "lang": "sv",
                      "value": "-"
                    }
                  ],
                  "example": [
                    {
                      "lang": "fi",
                      "value": "-"
                    },
                    {
                      "lang": "sv",
                      "value": "-"
                    }
                  ],
                  "representation": [
                    {
                      "lang": "fi",
                      "value": "Nimi"
                    },
                    {
                      "lang": "sv",
                      "value": "Namn"
                    }
                  ],
                  "repeatable": false,
                  "required": true,
                  "conditionalRequired": false,
                  "nationwideRecordedInformation": false,
                  "hiddenField": false,
                  "hiddenTitle": false,
                  "rowNumber": 8
                }
              },
              "etunimet": {
                "type": "string",
                "minLength": 1,
                "sosmeta": {
                  "name": [
                    {
                      "lang": "fi",
                      "value": "Etunimet"
                    },
                    {
                      "lang": "sv",
                      "value": "Samtliga förnamn"
                    }
                  ],
                  "description": [
                    {
                      "lang": "fi",
                      "value": "-"
                    },
                    {
                      "lang": "sv",
                      "value": "-"
                    }
                  ],
                  "example": [
                    {
                      "lang": "fi",
                      "value": "-"
                    },
                    {
                      "lang": "sv",
                      "value": "-"
                    }
                  ],
                  "representation": [
                    {
                      "lang": "fi",
                      "value": "Nimi"
                    },
                    {
                      "lang": "sv",
                      "value": "Namn"
                    }
                  ],
                  "repeatable": false,
                  "required": true,
                  "conditionalRequired": false,
                  "nationwideRecordedInformation": false,
                  "hiddenField": false,
                  "hiddenTitle": false,
                  "rowNumber": 9
                }
              },
              "henkilotunnus": {
                "type": "object",
                "additionalProperties": false,
                "sosmeta": {
                  "name": [
                    {
                      "lang": "fi",
                      "value": "Henkilötunnus"
                    },
                    {
                      "lang": "sv",
                      "value": "Personbeteckning"
                    }
                  ],
                  "description": [
                    {
                      "lang": "fi",
                      "value": "-"
                    },
                    {
                      "lang": "sv",
                      "value": "-"
                    }
                  ],
                  "example": [
                    {
                      "lang": "fi",
                      "value": "-"
                    },
                    {
                      "lang": "sv",
                      "value": "-"
                    }
                  ],
                  "implementationNote": [
                    {
                      "lang": "fi",
                      "value": "Henkilötunnuksen loppuosaa ei näytetä asiakirjan paperitulosteessa, ellei se ole perustellusti välttämätön tieto maksusitoumuksen saajalle (ATJ-vaatimus: Jos ATJ tulostaa asiakasasiakirjoja paperille, tulee ATJ:n pystyä poistamaan tulosteesta henkilötunnuksen loppuosa). Ehdollisesti pakollinen: Henkilötunnus- ja Tilapäinen yksilöintitunnus -kentistä toinen on pakollinen."
                    },
                    {
                      "lang": "sv",
                      "value": "Henkilötunnuksen loppuosaa ei näytetä asiakirjan paperitulosteessa, ellei se ole perustellusti välttämätön tieto maksusitoumuksen saajalle (ATJ-vaatimus: Jos ATJ tulostaa asiakasasiakirjoja paperille, tulee ATJ:n pystyä poistamaan tulosteesta henkilötunnuksen loppuosa). Ehdollisesti pakollinen: Henkilötunnus- ja Tilapäinen yksilöintitunnus -kentistä toinen on pakollinen."
                    }
                  ],
                  "representation": [
                    {
                      "lang": "fi",
                      "value": "Tunnus"
                    },
                    {
                      "lang": "sv",
                      "value": "Identifierare"
                    }
                  ],
                  "systemUri": [
                    {
                      "lang": "",
                      "value": "urn:oid:1.2.246.21"
                    }
                  ],
                  "repeatable": false,
                  "required": false,
                  "conditionalRequired": true,
                  "nationwideRecordedInformation": false,
                  "hiddenField": false,
                  "hiddenTitle": false,
                  "rowNumber": 10
                },
                "required": [
                  "value"
                ],
                "properties": {
                  "system": {
                    "type": "string"
                  },
                  "value": {
                    "type": "string"
                  }
                }
              },
              "tilapainen_yksilointitunnus": {
                "type": "object",
                "additionalProperties": false,
                "sosmeta": {
                  "name": [
                    {
                      "lang": "fi",
                      "value": "Tilapäinen yksilöintitunnus"
                    },
                    {
                      "lang": "sv",
                      "value": "Temporär identifikationskod"
                    }
                  ],
                  "description": [
                    {
                      "lang": "fi",
                      "value": "-"
                    },
                    {
                      "lang": "sv",
                      "value": "-"
                    }
                  ],
                  "example": [
                    {
                      "lang": "fi",
                      "value": "-"
                    },
                    {
                      "lang": "sv",
                      "value": "-"
                    }
                  ],
                  "implementationNote": [
                    {
                      "lang": "fi",
                      "value": "Ehdollisesti pakollinen: Henkilötunnus- ja Tilapäinen yksilöintitunnus -kentistä toinen on pakollinen."
                    },
                    {
                      "lang": "sv",
                      "value": "Ehdollisesti pakollinen: Henkilötunnus- ja Tilapäinen yksilöintitunnus -kentistä toinen on pakollinen."
                    }
                  ],
                  "representation": [
                    {
                      "lang": "fi",
                      "value": "Tunnus"
                    },
                    {
                      "lang": "sv",
                      "value": "Identifierare"
                    }
                  ],
                  "repeatable": false,
                  "required": false,
                  "conditionalRequired": true,
                  "nationwideRecordedInformation": false,
                  "hiddenField": false,
                  "hiddenTitle": false,
                  "rowNumber": 11
                },
                "required": [
                  "value"
                ],
                "properties": {
                  "system": {
                    "type": "string"
                  },
                  "value": {
                    "type": "string"
                  }
                }
              }
            }
          }
        },
        "palvelutehtava": {
          "type": "object",
          "additionalProperties": false,
          "sosmeta": {
            "name": [
              {
                "lang": "fi",
                "value": "Palvelutehtävä"
              },
              {
                "lang": "sv",
                "value": "Serviceuppgift"
              }
            ],
            "description": [
              {
                "lang": "fi",
                "value": "Kenttään kirjataan luokituksen avulla palvelutehtävä, johon asiakirja kuuluu."
              },
              {
                "lang": "sv",
                "value": "I fältet antecknas med hjälp av klassificeringen den serviceuppgift till vilken handlingen hör."
              }
            ],
            "classification": [
              {
                "lang": "fi",
                "value": "Koodistopalvelin: Sosiaalihuolto - Palvelutehtävä 1.2.246.537.6.1221"
              },
              {
                "lang": "fi",
                "value": "Kodtjänsten: Socialvård - Serviceuppgift 1.2.246.537.6.1221"
              }
            ],
            "classificationLink": [
              {
                "lang": "",
                "value": "https://koodistopalvelu.kanta.fi/codeserver/pages/classification-view-page.xhtml?classificationKey\u003d704\u0026versionKey\u003d2563"
              }
            ],
            "classificationOid": [
              {
                "lang": "",
                "value": "1.2.246.537.6.1221"
              }
            ],
            "representation": [
              {
                "lang": "fi",
                "value": "Koodi"
              },
              {
                "lang": "sv",
                "value": "Kod"
              }
            ],
            "repeatable": false,
            "required": false,
            "conditionalRequired": false,
            "nationwideRecordedInformation": true,
            "hiddenField": false,
            "hiddenTitle": false,
            "rowNumber": 12
          },
          "required": [
            "system",
            "code",
            "display"
          ],
          "properties": {
            "system": {
              "type": "string",
              "pattern": "^urn:oid:1\\.2\\.246\\.537\\.6\\.1221(\\.\\d+)*$"
            },
            "code": {
              "type": "string"
            },
            "display": {
              "type": "string"
            }
          }
        },
        "sosiaalipalvelu": {
          "type": "object",
          "additionalProperties": false,
          "sosmeta": {
            "name": [
              {
                "lang": "fi",
                "value": "Sosiaalipalvelu"
              },
              {
                "lang": "sv",
                "value": "Socialservice"
              }
            ],
            "description": [
              {
                "lang": "fi",
                "value": "Kenttään kirjataan luokituksen avulla sosiaalipalvelu, jonka antamiseen asiakirja liittyy."
              },
              {
                "lang": "sv",
                "value": "I fältet antecknas med hjälp av klassificeringen den socialservice, vars tillhandahållande handlingen anknyter till."
              }
            ],
            "classification": [
              {
                "lang": "fi",
                "value": "Koodistopalvelin: Sosiaalihuolto - Sosiaalipalvelut 1.2.246.537.6.1222"
              },
              {
                "lang": "sv",
                "value": "Kodtjänsten: Socialvård - Social service 1.2.246.537.6.1222"
              }
            ],
            "classificationLink": [
              {
                "lang": "",
                "value": "https://koodistopalvelu.kanta.fi/codeserver/pages/classification-view-page.xhtml?classificationKey\u003d703\u0026versionKey\u003d2683"
              }
            ],
            "classificationOid": [
              {
                "lang": "",
                "value": "1.2.246.537.6.1222"
              }
            ],
            "representation": [
              {
                "lang": "fi",
                "value": "Koodi"
              },
              {
                "lang": "sv",
                "value": "Kod"
              }
            ],
            "repeatable": false,
            "required": false,
            "conditionalRequired": false,
            "nationwideRecordedInformation": true,
            "hiddenField": false,
            "hiddenTitle": false,
            "rowNumber": 13
          },
          "required": [
            "system",
            "code",
            "display"
          ],
          "properties": {
            "system": {
              "type": "string",
              "pattern": "^urn:oid:1\\.2\\.246\\.537\\.6\\.1222(\\.\\d+)*$"
            },
            "code": {
              "type": "string"
            },
            "display": {
              "type": "string"
            }
          }
        },
        "maksusitoumus": {
          "type": "object",
          "additionalProperties": false,
          "sosmeta": {
            "name": [
              {
                "lang": "fi",
                "value": "Maksusitoumus"
              },
              {
                "lang": "sv",
                "value": "Betalningsförbindelse"
              }
            ],
            "description": [
              {
                "lang": "fi",
                "value": "-"
              },
              {
                "lang": "sv",
                "value": "-"
              }
            ],
            "repeatable": false,
            "required": true,
            "conditionalRequired": false,
            "nationwideRecordedInformation": false,
            "hiddenField": true,
            "hiddenTitle": false,
            "rowNumber": 14
          },
          "required": [
            "maksusitoumuksen_antaja"
          ],
          "properties": {
            "asiasisalto": {
              "type": "string",
              "sosmeta": {
                "name": [
                  {
                    "lang": "fi",
                    "value": "Asiasisältö"
                  },
                  {
                    "lang": "sv",
                    "value": "Sakinnehåll"
                  }
                ],
                "title": [
                  {
                    "lang": "fi",
                    "value": "Tieto siitä mihin maksusitoumus on tarkoitettu"
                  },
                  {
                    "lang": "sv",
                    "value": "Uppgift om för vilket ändamål betalningsförbindelsen är avsedd"
                  }
                ],
                "description": [
                  {
                    "lang": "fi",
                    "value": "Kenttään kuvataan mihin ja mitä tarkoitusta varten maksusitoumus on tarkoitettu, ja tarvittaessa muita tietoja."
                  },
                  {
                    "lang": "sv",
                    "value": "I fältet beskrivs för vilket eller vilka ändamål betalningsförbindelsen är avsedd, och vid behov andra uppgifter."
                  }
                ],
                "example": [
                  {
                    "lang": "fi",
                    "value": "-"
                  },
                  {
                    "lang": "sv",
                    "value": "-"
                  }
                ],
                "representation": [
                  {
                    "lang": "fi",
                    "value": "Teksti"
                  },
                  {
                    "lang": "sv",
                    "value": "Text"
                  }
                ],
                "repeatable": false,
                "required": false,
                "conditionalRequired": false,
                "nationwideRecordedInformation": false,
                "hiddenField": false,
                "hiddenTitle": false,
                "rowNumber": 15
              }
            },
            "maksimisumma": {
              "type": "object",
              "additionalProperties": false,
              "sosmeta": {
                "name": [
                  {
                    "lang": "fi",
                    "value": "Maksimisumma"
                  },
                  {
                    "lang": "sv",
                    "value": "Maximibelopp"
                  }
                ],
                "description": [
                  {
                    "lang": "fi",
                    "value": "Kenttään kirjataan maksusitoumuksella laskutettavien palveluiden tai hyödykkeiden yhteenlaskettu enimmäissumma, jonka ylimeneviä kustannuksia maksusitoumus ei enää kata."
                  },
                  {
                    "lang": "sv",
                    "value": "I fältet antecknas det sammanräknade maximibeloppet för fakturering av tjänster eller förnödenheter mot betalningsförbindelsen. Kostnader som överstiger maximibeloppet täcks inte av betalningsförbindelsen."
                  }
                ],
                "representation": [
                  {
                    "lang": "fi",
                    "value": "Määrä"
                  },
                  {
                    "lang": "sv",
                    "value": "Mängd"
                  }
                ],
                "repeatable": false,
                "required": false,
                "conditionalRequired": false,
                "nationwideRecordedInformation": true,
                "hiddenField": false,
                "hiddenTitle": false,
                "rowNumber": 16
              },
              "required": [
                "value",
                "code"
              ],
              "properties": {
                "value": {
                  "type": "number"
                },
                "code": {
                  "type": "string"
                }
              }
            },
            "ehdot": {
              "type": "string",
              "sosmeta": {
                "name": [
                  {
                    "lang": "fi",
                    "value": "Ehdot"
                  },
                  {
                    "lang": "sv",
                    "value": "Villkor"
                  }
                ],
                "title": [
                  {
                    "lang": "fi",
                    "value": "Maksusitoumuksen ehdot"
                  },
                  {
                    "lang": "sv",
                    "value": "Betalningsförbindelsens villkor"
                  }
                ],
                "description": [
                  {
                    "lang": "fi",
                    "value": "Kenttään kirjataan maksusitoumuksen ehdot."
                  },
                  {
                    "lang": "sv",
                    "value": "I fältet antecknas betalningsförbindelsens villkor."
                  }
                ],
                "example": [
                  {
                    "lang": "fi",
                    "value": "Maksusitoumus liitetään laskuun. Henkilöllisyys on todistettava."
                  },
                  {
                    "lang": "sv",
                    "value": "Betalningsförbindelsen bifogas till fakturan. Identiteten ska bekräftas."
                  }
                ],
                "representation": [
                  {
                    "lang": "fi",
                    "value": "Teksti"
                  },
                  {
                    "lang": "sv",
                    "value": "Text"
                  }
                ],
                "repeatable": false,
                "required": false,
                "conditionalRequired": false,
                "nationwideRecordedInformation": false,
                "hiddenField": false,
                "hiddenTitle": false,
                "rowNumber": 17
              }
            },
            "voimassaolo": {
              "type": "object",
              "additionalProperties": false,
              "sosmeta": {
                "name": [
                  {
                    "lang": "fi",
                    "value": "Voimassaolo"
                  },
                  {
                    "lang": "sv",
                    "value": "Giltighet"
                  }
                ],
                "title": [
                  {
                    "lang": "fi",
                    "value": "Maksusitoumuksen voimassaolo"
                  },
                  {
                    "lang": "sv",
                    "value": "Betalningsförbindelsens giltighet"
                  }
                ],
                "description": [
                  {
                    "lang": "fi",
                    "value": "Tähän kirjataan ajanjakso, jonka maksusitoumus on voimassa."
                  },
                  {
                    "lang": "sv",
                    "value": "Här antecknas tidsperioden, under vilken betalningsförbindelsen är giltig."
                  }
                ],
                "repeatable": false,
                "required": false,
                "conditionalRequired": false,
                "nationwideRecordedInformation": false,
                "hiddenField": false,
                "hiddenTitle": false,
                "rowNumber": 18
              },
              "required": [],
              "properties": {
                "alkamispaiva": {
                  "type": "string",
                  "pattern": "^-?[0-9]{4}(-(0[1-9]|1[0-2])(-(0[0-9]|[1-2][0-9]|3[0-1]))?)?$",
                  "sosmeta": {
                    "name": [
                      {
                        "lang": "fi",
                        "value": "Alkamispäivä"
                      },
                      {
                        "lang": "sv",
                        "value": "Inledningsdatum"
                      }
                    ],
                    "description": [
                      {
                        "lang": "fi",
                        "value": "-"
                      },
                      {
                        "lang": "sv",
                        "value": "-"
                      }
                    ],
                    "example": [
                      {
                        "lang": "fi",
                        "value": "15.10.2020"
                      },
                      {
                        "lang": "sv",
                        "value": "15.10.2020"
                      }
                    ],
                    "representation": [
                      {
                        "lang": "fi",
                        "value": "Pvm"
                      },
                      {
                        "lang": "sv",
                        "value": "Datum"
                      }
                    ],
                    "repeatable": false,
                    "required": false,
                    "conditionalRequired": false,
                    "nationwideRecordedInformation": true,
                    "hiddenField": false,
                    "hiddenTitle": false,
                    "rowNumber": 19
                  }
                },
                "paattymispaiva": {
                  "type": "string",
                  "pattern": "^-?[0-9]{4}(-(0[1-9]|1[0-2])(-(0[0-9]|[1-2][0-9]|3[0-1]))?)?$",
                  "sosmeta": {
                    "name": [
                      {
                        "lang": "fi",
                        "value": "Päättymispäivä"
                      },
                      {
                        "lang": "sv",
                        "value": "Avslutningsdatum"
                      }
                    ],
                    "description": [
                      {
                        "lang": "fi",
                        "value": "-"
                      },
                      {
                        "lang": "sv",
                        "value": "-"
                      }
                    ],
                    "example": [
                      {
                        "lang": "fi",
                        "value": "16.11.2020"
                      },
                      {
                        "lang": "sv",
                        "value": "16.11.2020"
                      }
                    ],
                    "representation": [
                      {
                        "lang": "fi",
                        "value": "Pvm"
                      },
                      {
                        "lang": "sv",
                        "value": "Datum"
                      }
                    ],
                    "repeatable": false,
                    "required": false,
                    "conditionalRequired": false,
                    "nationwideRecordedInformation": true,
                    "hiddenField": false,
                    "hiddenTitle": false,
                    "rowNumber": 20
                  }
                }
              }
            },
            "maksusitoumuksen_antaja": {
              "type": "object",
              "additionalProperties": false,
              "sosmeta": {
                "name": [
                  {
                    "lang": "fi",
                    "value": "Maksusitoumuksen antaja"
                  },
                  {
                    "lang": "sv",
                    "value": "Utfärdare av betalningsförbindelsen"
                  }
                ],
                "description": [
                  {
                    "lang": "fi",
                    "value": "Tähän kirjataan maksusitoumuksen myöntäneen ammattihenkilön tiedot."
                  },
                  {
                    "lang": "sv",
                    "value": "Här antecknas uppgifter om den yrkesutbildade person som har beviljat betalningsförbindelsen."
                  }
                ],
                "repeatable": false,
                "required": true,
                "conditionalRequired": false,
                "nationwideRecordedInformation": false,
                "hiddenField": false,
                "hiddenTitle": false,
                "rowNumber": 21
              },
              "required": [
                "sukunimi",
                "etunimet"
              ],
              "properties": {
                "sukunimi": {
                  "type": "string",
                  "minLength": 1,
                  "sosmeta": {
                    "name": [
                      {
                        "lang": "fi",
                        "value": "Sukunimi"
                      },
                      {
                        "lang": "sv",
                        "value": "Efternamn"
                      }
                    ],
                    "description": [
                      {
                        "lang": "fi",
                        "value": "-"
                      },
                      {
                        "lang": "sv",
                        "value": "-"
                      }
                    ],
                    "representation": [
                      {
                        "lang": "fi",
                        "value": "Nimi"
                      },
                      {
                        "lang": "sv",
                        "value": "Namn"
                      }
                    ],
                    "repeatable": false,
                    "required": true,
                    "conditionalRequired": false,
                    "nationwideRecordedInformation": false,
                    "hiddenField": false,
                    "hiddenTitle": false,
                    "rowNumber": 22
                  }
                },
                "etunimet": {
                  "type": "string",
                  "minLength": 1,
                  "sosmeta": {
                    "name": [
                      {
                        "lang": "fi",
                        "value": "Etunimet"
                      },
                      {
                        "lang": "sv",
                        "value": "Samtliga förnamn"
                      }
                    ],
                    "description": [
                      {
                        "lang": "fi",
                        "value": "-"
                      },
                      {
                        "lang": "sv",
                        "value": "-"
                      }
                    ],
                    "representation": [
                      {
                        "lang": "fi",
                        "value": "Nimi"
                      },
                      {
                        "lang": "sv",
                        "value": "Namn"
                      }
                    ],
                    "repeatable": false,
                    "required": true,
                    "conditionalRequired": false,
                    "nationwideRecordedInformation": false,
                    "hiddenField": false,
                    "hiddenTitle": false,
                    "rowNumber": 23
                  }
                },
                "tehtavanimike": {
                  "type": "string",
                  "sosmeta": {
                    "name": [
                      {
                        "lang": "fi",
                        "value": "Tehtävänimike"
                      },
                      {
                        "lang": "sv",
                        "value": "Uppgiftsbeteckning"
                      }
                    ],
                    "description": [
                      {
                        "lang": "fi",
                        "value": "-"
                      },
                      {
                        "lang": "sv",
                        "value": "-"
                      }
                    ],
                    "example": [
                      {
                        "lang": "fi",
                        "value": "-"
                      },
                      {
                        "lang": "sv",
                        "value": "-"
                      }
                    ],
                    "representation": [
                      {
                        "lang": "fi",
                        "value": "Teksti"
                      },
                      {
                        "lang": "sv",
                        "value": "Text"
                      }
                    ],
                    "repeatable": false,
                    "required": false,
                    "conditionalRequired": false,
                    "nationwideRecordedInformation": false,
                    "hiddenField": false,
                    "hiddenTitle": false,
                    "rowNumber": 24
                  }
                },
                "palveluyksikko": {
                  "type": "object",
                  "additionalProperties": false,
                  "sosmeta": {
                    "name": [
                      {
                        "lang": "fi",
                        "value": "Palveluyksikkö"
                      },
                      {
                        "lang": "sv",
                        "value": "Serviceenhet"
                      }
                    ],
                    "description": [
                      {
                        "lang": "fi",
                        "value": "Kenttään kirjataan palveluyksikön nimi SOTE-organisaatiorekisterin avulla."
                      },
                      {
                        "lang": "sv",
                        "value": "I fältet antecknas namnet på serviceenheten enligt Organisationsregistret för social- och hälsovården."
                      }
                    ],
                    "example": [
                      {
                        "lang": "fi",
                        "value": "1.2.246.10.1012636.10.1.1.100768 \u003d Espoon keskuksen lastensuojelu, Espoon kaupunki, sosiaali- ja terveystoimi"
                      },
                      {
                        "lang": "sv",
                        "value": "1.2.246.10.1012636.10.1.1.100768 \u003d Esbo centrums barnskydd, Esbo stad, social- och hälsovårdssektorn"
                      }
                    ],
                    "classification": [
                      {
                        "lang": "fi",
                        "value": "Koodistopalvelin: THL - SOTE-organisaatiorekisteri 1.2.246.537.6.202"
                      },
                      {
                        "lang": "sv",
                        "value": "Kodtjänsten: THL - SOTE-organisationsregister 1.2.246.537.6.202"
                      }
                    ],
                    "classificationLink": [
                      {
                        "lang": "",
                        "value": "https://koodistopalvelu.kanta.fi/codeserver/pages/classification-view-page.xhtml?classificationKey\u003d421\u0026versionKey\u003d501"
                      }
                    ],
                    "classificationOid": [
                      {
                        "lang": "",
                        "value": "1.2.246.537.6.202"
                      }
                    ],
                    "representation": [
                      {
                        "lang": "fi",
                        "value": "Koodi"
                      },
                      {
                        "lang": "sv",
                        "value": "Kod"
                      }
                    ],
                    "repeatable": false,
                    "required": false,
                    "conditionalRequired": false,
                    "nationwideRecordedInformation": true,
                    "hiddenField": false,
                    "hiddenTitle": false,
                    "rowNumber": 25
                  },
                  "required": [
                    "system",
                    "code",
                    "display"
                  ],
                  "properties": {
                    "system": {
                      "type": "string",
                      "pattern": "^urn:oid:1\\.2\\.246\\.537\\.6\\.202(\\.\\d+)*$"
                    },
                    "code": {
                      "type": "string"
                    },
                    "display": {
                      "type": "string"
                    }
                  }
                },
                "yhteystiedot": {
                  "type": "object",
                  "additionalProperties": false,
                  "sosmeta": {
                    "name": [
                      {
                        "lang": "fi",
                        "value": "Yhteystiedot"
                      },
                      {
                        "lang": "sv",
                        "value": "Kontaktuppgifter"
                      }
                    ],
                    "description": [
                      {
                        "lang": "fi",
                        "value": "-"
                      },
                      {
                        "lang": "sv",
                        "value": "-"
                      }
                    ],
                    "repeatable": false,
                    "required": false,
                    "conditionalRequired": false,
                    "nationwideRecordedInformation": false,
                    "hiddenField": false,
                    "hiddenTitle": false,
                    "rowNumber": 26
                  },
                  "required": [],
                  "properties": {
                    "osoite": {
                      "type": "array",
                      "minItems": 0,
                      "items": {
                        "type": "object",
                        "additionalProperties": false,
                        "sosmeta": {
                          "name": [
                            {
                              "lang": "fi",
                              "value": "Osoite"
                            },
                            {
                              "lang": "sv",
                              "value": "Adress"
                            }
                          ],
                          "description": [
                            {
                              "lang": "fi",
                              "value": "-"
                            },
                            {
                              "lang": "sv",
                              "value": "-"
                            }
                          ],
                          "repeatable": true,
                          "required": false,
                          "conditionalRequired": false,
                          "nationwideRecordedInformation": false,
                          "hiddenField": false,
                          "hiddenTitle": false,
                          "rowNumber": 27
                        },
                        "required": [],
                        "properties": {
                          "lahiosoite": {
                            "type": "string",
                            "sosmeta": {
                              "name": [
                                {
                                  "lang": "fi",
                                  "value": "Lähiosoite"
                                },
                                {
                                  "lang": "sv",
                                  "value": "Näradress"
                                }
                              ],
                              "description": [
                                {
                                  "lang": "fi",
                                  "value": "-"
                                },
                                {
                                  "lang": "sv",
                                  "value": "-"
                                }
                              ],
                              "example": [
                                {
                                  "lang": "fi",
                                  "value": "-"
                                },
                                {
                                  "lang": "sv",
                                  "value": "-"
                                }
                              ],
                              "representation": [
                                {
                                  "lang": "fi",
                                  "value": "Teksti"
                                },
                                {
                                  "lang": "sv",
                                  "value": "Text"
                                }
                              ],
                              "repeatable": false,
                              "required": false,
                              "conditionalRequired": false,
                              "nationwideRecordedInformation": false,
                              "hiddenField": false,
                              "hiddenTitle": false,
                              "rowNumber": 28
                            }
                          },
                          "postinumero": {
                            "type": "string",
                            "sosmeta": {
                              "name": [
                                {
                                  "lang": "fi",
                                  "value": "Postinumero"
                                },
                                {
                                  "lang": "sv",
                                  "value": "Postnummer"
                                }
                              ],
                              "description": [
                                {
                                  "lang": "fi",
                                  "value": "-"
                                },
                                {
                                  "lang": "sv",
                                  "value": "-"
                                }
                              ],
                              "example": [
                                {
                                  "lang": "fi",
                                  "value": "-"
                                },
                                {
                                  "lang": "sv",
                                  "value": "-"
                                }
                              ],
                              "representation": [
                                {
                                  "lang": "fi",
                                  "value": "Teksti"
                                },
                                {
                                  "lang": "sv",
                                  "value": "Text"
                                }
                              ],
                              "repeatable": false,
                              "required": false,
                              "conditionalRequired": false,
                              "nationwideRecordedInformation": false,
                              "hiddenField": false,
                              "hiddenTitle": false,
                              "rowNumber": 29
                            }
                          },
                          "postitoimipaikka": {
                            "type": "string",
                            "sosmeta": {
                              "name": [
                                {
                                  "lang": "fi",
                                  "value": "Postitoimipaikka"
                                },
                                {
                                  "lang": "sv",
                                  "value": "Postkontor"
                                }
                              ],
                              "description": [
                                {
                                  "lang": "fi",
                                  "value": "-"
                                },
                                {
                                  "lang": "sv",
                                  "value": "-"
                                }
                              ],
                              "example": [
                                {
                                  "lang": "fi",
                                  "value": "-"
                                },
                                {
                                  "lang": "sv",
                                  "value": "-"
                                }
                              ],
                              "representation": [
                                {
                                  "lang": "fi",
                                  "value": "Nimi"
                                },
                                {
                                  "lang": "sv",
                                  "value": "Namn"
                                }
                              ],
                              "repeatable": false,
                              "required": false,
                              "conditionalRequired": false,
                              "nationwideRecordedInformation": false,
                              "hiddenField": false,
                              "hiddenTitle": false,
                              "rowNumber": 30
                            }
                          }
                        }
                      }
                    },
                    "puhelinnumero": {
                      "type": "string",
                      "sosmeta": {
                        "name": [
                          {
                            "lang": "fi",
                            "value": "Puhelinnumero"
                          },
                          {
                            "lang": "sv",
                            "value": "Telefonnummer"
                          }
                        ],
                        "description": [
                          {
                            "lang": "fi",
                            "value": "-"
                          },
                          {
                            "lang": "sv",
                            "value": "-"
                          }
                        ],
                        "example": [
                          {
                            "lang": "fi",
                            "value": "-"
                          },
                          {
                            "lang": "sv",
                            "value": "-"
                          }
                        ],
                        "representation": [
                          {
                            "lang": "fi",
                            "value": "Teksti"
                          },
                          {
                            "lang": "sv",
                            "value": "Text"
                          }
                        ],
                        "repeatable": false,
                        "required": false,
                        "conditionalRequired": false,
                        "nationwideRecordedInformation": false,
                        "hiddenField": false,
                        "hiddenTitle": false,
                        "rowNumber": 31
                      }
                    },
                    "sahkopostiosoite": {
                      "type": "string",
                      "sosmeta": {
                        "name": [
                          {
                            "lang": "fi",
                            "value": "Sähköpostiosoite"
                          },
                          {
                            "lang": "sv",
                            "value": "E-postadress"
                          }
                        ],
                        "description": [
                          {
                            "lang": "fi",
                            "value": "-"
                          },
                          {
                            "lang": "sv",
                            "value": "-"
                          }
                        ],
                        "example": [
                          {
                            "lang": "fi",
                            "value": "-"
                          },
                          {
                            "lang": "sv",
                            "value": "-"
                          }
                        ],
                        "representation": [
                          {
                            "lang": "fi",
                            "value": "Teksti"
                          },
                          {
                            "lang": "sv",
                            "value": "Text"
                          }
                        ],
                        "repeatable": false,
                        "required": false,
                        "conditionalRequired": false,
                        "nationwideRecordedInformation": false,
                        "hiddenField": false,
                        "hiddenTitle": false,
                        "rowNumber": 32
                      }
                    }
                  }
                }
              }
            },
            "laskutustiedot": {
              "type": "string",
              "sosmeta": {
                "name": [
                  {
                    "lang": "fi",
                    "value": "Laskutustiedot"
                  },
                  {
                    "lang": "sv",
                    "value": "Fakturering"
                  }
                ],
                "description": [
                  {
                    "lang": "fi",
                    "value": "Kenttään kirjataan esimerkiksi numero, jota käytetään laskutukseen vastaanottajan ja maksusitoumuksen antajan välillä."
                  },
                  {
                    "lang": "sv",
                    "value": "I fältet antecknas till exempel ett nummer, som används vid faktureringen mellan mottagaren och utfärdaren av betalningsförbindelsen."
                  }
                ],
                "representation": [
                  {
                    "lang": "fi",
                    "value": "Teksti"
                  },
                  {
                    "lang": "sv",
                    "value": "Text"
                  }
                ],
                "repeatable": false,
                "required": false,
                "conditionalRequired": false,
                "nationwideRecordedInformation": false,
                "hiddenField": false,
                "hiddenTitle": false,
                "rowNumber": 33
              }
            }
          }
        },
        "lisatiedot": {
          "type": "string",
          "sosmeta": {
            "name": [
              {
                "lang": "fi",
                "value": "Lisätiedot"
              },
              {
                "lang": "sv",
                "value": "Tilläggsuppgifter"
              }
            ],
            "representation": [
              {
                "lang": "fi",
                "value": "Teksti"
              },
              {
                "lang": "sv",
                "value": "Text"
              }
            ],
            "repeatable": false,
            "required": false,
            "conditionalRequired": false,
            "nationwideRecordedInformation": false,
            "hiddenField": false,
            "hiddenTitle": false,
            "rowNumber": 34
          }
        },
        "paivamaara": {
          "type": "string",
          "pattern": "^-?[0-9]{4}(-(0[1-9]|1[0-2])(-(0[0-9]|[1-2][0-9]|3[0-1]))?)?$",
          "sosmeta": {
            "name": [
              {
                "lang": "fi",
                "value": "Päivämäärä"
              },
              {
                "lang": "sv",
                "value": "Datum"
              }
            ],
            "description": [
              {
                "lang": "fi",
                "value": "Kenttään kirjataan maksusitoumuksen laatimisen päivämäärä."
              },
              {
                "lang": "sv",
                "value": "I fältet antecknas datumet för upprättandet av betalningsförbindelsen."
              }
            ],
            "representation": [
              {
                "lang": "fi",
                "value": "Pvm"
              },
              {
                "lang": "sv",
                "value": "Datum"
              }
            ],
            "repeatable": false,
            "required": false,
            "conditionalRequired": false,
            "nationwideRecordedInformation": true,
            "hiddenField": false,
            "hiddenTitle": false,
            "rowNumber": 35
          }
        },
        "lakiselostus": {
          "type": "string",
          "sosmeta": {
            "name": [
              {
                "lang": "fi",
                "value": "Lakiselostus"
              },
              {
                "lang": "sv",
                "value": "Lagförklaring"
              }
            ],
            "implementationNote": [
              {
                "lang": "fi",
                "value": "Kentässä voidaan käyttää automaattitekstiä, jonka organisaatio laatii yhdessä tietojärjestelmätoimittajan kanssa. THL ei vastaa kentän automaattitekstien tuottamisesta."
              },
              {
                "lang": "sv",
                "value": "I fältet kan man använda automattext, som organisationen upprättar tillsammans med datasystemleverantören. THL ansvarar inte för produktion av automattext i fältet."
              }
            ],
            "representation": [
              {
                "lang": "fi",
                "value": "Teksti"
              },
              {
                "lang": "sv",
                "value": "Text"
              }
            ],
            "repeatable": false,
            "required": false,
            "conditionalRequired": false,
            "nationwideRecordedInformation": false,
            "hiddenField": false,
            "hiddenTitle": false,
            "rowNumber": 36
          }
        }
      }
    }
  }
}