{
  "$schema": "http://json-schema.org/draft-07/schema#",
  "title": "\u0027Häirinnän ja vainon riskiarvio\u0027 JSON schema",
  "type": "object",
  "additionalProperties": false,
  "sosmeta": {
    "title": "\u0027Häirinnän ja vainon riskiarvio\u0027 JSON schema",
    "status": "Valmis",
    "documentDefinitionVersion": "2023-09-15",
    "dataComponentLibraryVersion": "2023-09-07",
    "oid": "1.2.246.537.6.1506.1016.2023.9.15",
    "documentType": "Arvio",
    "documentAuthor": "Ammattihenkilö",
    "documentSubject": "Väkivaltatyön asiakasasiakirjat"
  },
  "required": [
    "hairinnan_ja_vainon_riskiarvio"
  ],
  "properties": {
    "hairinnan_ja_vainon_riskiarvio": {
      "type": "object",
      "additionalProperties": false,
      "sosmeta": {
        "name": [
          {
            "lang": "fi",
            "value": "Häirinnän ja vainon riskiarvio"
          },
          {
            "lang": "sv",
            "value": "Riskbedömning gällande trakasserier och förföljelse"
          }
        ]
      },
      "required": [
        "asiakas",
        "laatija"
      ],
      "properties": {
        "asiakas": {
          "type": "object",
          "additionalProperties": false,
          "sosmeta": {
            "name": [
              {
                "lang": "fi",
                "value": "Asiakas"
              },
              {
                "lang": "sv",
                "value": "Klient"
              }
            ],
            "description": [
              {
                "lang": "fi",
                "value": "-"
              },
              {
                "lang": "sv",
                "value": "-"
              }
            ],
            "repeatable": false,
            "required": true,
            "conditionalRequired": false,
            "nationwideRecordedInformation": false,
            "hiddenField": false,
            "hiddenTitle": false,
            "rowNumber": 1
          },
          "required": [
            "sukunimi",
            "etunimet"
          ],
          "properties": {
            "sukunimi": {
              "type": "string",
              "minLength": 1,
              "sosmeta": {
                "name": [
                  {
                    "lang": "fi",
                    "value": "Sukunimi"
                  },
                  {
                    "lang": "sv",
                    "value": "Efternamn"
                  }
                ],
                "description": [
                  {
                    "lang": "fi",
                    "value": "-"
                  },
                  {
                    "lang": "sv",
                    "value": "-"
                  }
                ],
                "example": [
                  {
                    "lang": "fi",
                    "value": "-"
                  },
                  {
                    "lang": "sv",
                    "value": "-"
                  }
                ],
                "representation": [
                  {
                    "lang": "fi",
                    "value": "Nimi"
                  },
                  {
                    "lang": "sv",
                    "value": "Namn"
                  }
                ],
                "repeatable": false,
                "required": true,
                "conditionalRequired": false,
                "nationwideRecordedInformation": false,
                "hiddenField": false,
                "hiddenTitle": false,
                "rowNumber": 2
              }
            },
            "etunimet": {
              "type": "string",
              "minLength": 1,
              "sosmeta": {
                "name": [
                  {
                    "lang": "fi",
                    "value": "Etunimet"
                  },
                  {
                    "lang": "sv",
                    "value": "Samtliga förnamn"
                  }
                ],
                "description": [
                  {
                    "lang": "fi",
                    "value": "-"
                  },
                  {
                    "lang": "sv",
                    "value": "-"
                  }
                ],
                "example": [
                  {
                    "lang": "fi",
                    "value": "-"
                  },
                  {
                    "lang": "sv",
                    "value": "-"
                  }
                ],
                "representation": [
                  {
                    "lang": "fi",
                    "value": "Nimi"
                  },
                  {
                    "lang": "sv",
                    "value": "Namn"
                  }
                ],
                "repeatable": false,
                "required": true,
                "conditionalRequired": false,
                "nationwideRecordedInformation": false,
                "hiddenField": false,
                "hiddenTitle": false,
                "rowNumber": 3
              }
            },
            "henkilotunnus": {
              "type": "object",
              "additionalProperties": false,
              "sosmeta": {
                "name": [
                  {
                    "lang": "fi",
                    "value": "Henkilötunnus"
                  },
                  {
                    "lang": "sv",
                    "value": "Personbeteckning"
                  }
                ],
                "description": [
                  {
                    "lang": "fi",
                    "value": "-"
                  },
                  {
                    "lang": "sv",
                    "value": "-"
                  }
                ],
                "example": [
                  {
                    "lang": "fi",
                    "value": "-"
                  },
                  {
                    "lang": "sv",
                    "value": "-"
                  }
                ],
                "implementationNote": [
                  {
                    "lang": "fi",
                    "value": "Ehdollisesti pakollinen: Henkilötunnus- ja Tilapäinen yksilöintitunnus -kentistä toinen on pakollinen."
                  },
                  {
                    "lang": "sv",
                    "value": "Ehdollisesti pakollinen: Henkilötunnus- ja Tilapäinen yksilöintitunnus -kentistä toinen on pakollinen."
                  }
                ],
                "representation": [
                  {
                    "lang": "fi",
                    "value": "Tunnus"
                  },
                  {
                    "lang": "sv",
                    "value": "Identifierare"
                  }
                ],
                "systemUri": [
                  {
                    "lang": "",
                    "value": "urn:oid:1.2.246.21"
                  }
                ],
                "repeatable": false,
                "required": false,
                "conditionalRequired": true,
                "nationwideRecordedInformation": false,
                "hiddenField": false,
                "hiddenTitle": false,
                "rowNumber": 4
              },
              "required": [
                "value"
              ],
              "properties": {
                "system": {
                  "type": "string"
                },
                "value": {
                  "type": "string"
                }
              }
            },
            "tilapainen_yksilointitunnus": {
              "type": "object",
              "additionalProperties": false,
              "sosmeta": {
                "name": [
                  {
                    "lang": "fi",
                    "value": "Tilapäinen yksilöintitunnus"
                  },
                  {
                    "lang": "sv",
                    "value": "Temporär identifikationskod"
                  }
                ],
                "description": [
                  {
                    "lang": "fi",
                    "value": "Kenttää käytetään, jos asiakkaalla ei ole henkilötunnusta."
                  },
                  {
                    "lang": "sv",
                    "value": "Fältet används, om klienten saknar personbeteckning."
                  }
                ],
                "example": [
                  {
                    "lang": "fi",
                    "value": "-"
                  },
                  {
                    "lang": "sv",
                    "value": "-"
                  }
                ],
                "implementationNote": [
                  {
                    "lang": "fi",
                    "value": "Ehdollisesti pakollinen: Henkilötunnus- ja Tilapäinen yksilöintitunnus -kentistä toinen on pakollinen."
                  },
                  {
                    "lang": "sv",
                    "value": "Ehdollisesti pakollinen: Henkilötunnus- ja Tilapäinen yksilöintitunnus -kentistä toinen on pakollinen."
                  }
                ],
                "representation": [
                  {
                    "lang": "fi",
                    "value": "Tunnus"
                  },
                  {
                    "lang": "sv",
                    "value": "Identifierare"
                  }
                ],
                "repeatable": false,
                "required": false,
                "conditionalRequired": true,
                "nationwideRecordedInformation": false,
                "hiddenField": false,
                "hiddenTitle": false,
                "rowNumber": 5
              },
              "required": [
                "value"
              ],
              "properties": {
                "system": {
                  "type": "string"
                },
                "value": {
                  "type": "string"
                }
              }
            }
          }
        },
        "palvelutehtava": {
          "type": "object",
          "additionalProperties": false,
          "sosmeta": {
            "name": [
              {
                "lang": "fi",
                "value": "Palvelutehtävä"
              },
              {
                "lang": "sv",
                "value": "Serviceuppgift"
              }
            ],
            "description": [
              {
                "lang": "fi",
                "value": "Kenttään kirjataan luokituksen avulla palvelutehtävä, johon asiakirja kuuluu."
              },
              {
                "lang": "sv",
                "value": "I fältet antecknas med hjälp av klassificeringen den serviceuppgift till vilken handlingen hör."
              }
            ],
            "classification": [
              {
                "lang": "fi",
                "value": "Koodistopalvelin: Sosiaalihuolto - Palvelutehtävä 1.2.246.537.6.1221"
              },
              {
                "lang": "sv",
                "value": "Kodtjänsten: Socialvård - Serviceuppgift 1.2.246.537.6.1221"
              }
            ],
            "classificationLink": [
              {
                "lang": "",
                "value": "https://koodistopalvelu.kanta.fi/codeserver/pages/classification-view-page.xhtml?classificationKey\u003d704\u0026versionKey\u003d2563"
              }
            ],
            "classificationOid": [
              {
                "lang": "",
                "value": "1.2.246.537.6.1221"
              }
            ],
            "representation": [
              {
                "lang": "fi",
                "value": "Koodi"
              },
              {
                "lang": "sv",
                "value": "Kod"
              }
            ],
            "repeatable": false,
            "required": false,
            "conditionalRequired": false,
            "nationwideRecordedInformation": true,
            "hiddenField": false,
            "hiddenTitle": false,
            "rowNumber": 6
          },
          "required": [
            "system",
            "code",
            "display"
          ],
          "properties": {
            "system": {
              "type": "string",
              "pattern": "^urn:oid:1\\.2\\.246\\.537\\.6\\.1221(\\.\\d+)*$"
            },
            "code": {
              "type": "string"
            },
            "display": {
              "type": "string"
            }
          }
        },
        "kysymys_yksi": {
          "type": "boolean",
          "sosmeta": {
            "name": [
              {
                "lang": "fi",
                "value": "Kysymys yksi"
              },
              {
                "lang": "sv",
                "value": "Fråga ett"
              }
            ],
            "title": [
              {
                "lang": "fi",
                "value": "Oletko erittäin peloissasi?"
              },
              {
                "lang": "sv",
                "value": "Är du mycket rädd?"
              }
            ],
            "description": [
              {
                "lang": "fi",
                "value": "Uhri on paras henkilö arvioimaan tekojen aiheuttamaa pelon tunnetta. Vainoamisessa tekijä saattaa kävellä esim. uhrin talon ohi tai pyytää treffeille. Usein toistuvana tällainen käyttäytyminen voi muuttua uhkaavaksi ja uhri voi tuntea itsensä turvattomaksi ja uhatuksi. Kaikissa tapauksissa (jopa niissä, missä suoraa uhkausta ei ole vielä tehty tai uhrilla ei ole todistusaineistoa) on tärkeää huomioida uhrin kokeman uhan laajuus tai vakavuus. Tutkimuksissa on havaittu, että uhrit ovat usein haluttomia leimautumaan ”vainonnan uhreiksi” huolimatta siitä, että he ovat erittäin peloissaan ja tuntevat ettei kukaan ota heidän pelkoaan vakavasti (Sheridan et al., 2002)."
              },
              {
                "lang": "sv",
                "value": "Offret är den person som bäst kan bedöma känslan av rädsla som gärningarna ger upphov till. Vid förföljelse kan förövaren till exempel gå förbi offrets hus eller bjuda ut offret på dejt. Om detta beteende upprepas ofta kan det bli hotfullt och offret kan känna sig otryggt och hotat. Det är alltid viktigt att uppmärksamma hur omfattande eller allvarligt det upplevda hotet är (även i fall där inga direkta hot har förekommit ännu eller där offret inte har bevismaterial). Studier visar att offren ogärna vill stämpla sig som ”offer för förföljelse” trots att de är mycket rädda och upplever att ingen tar deras rädsla på allvar (Sheridan et al. 2002)."
              }
            ],
            "representation": [
              {
                "lang": "fi",
                "value": "Kytkin"
              },
              {
                "lang": "sv",
                "value": "Brytare"
              }
            ],
            "repeatable": false,
            "required": false,
            "conditionalRequired": false,
            "nationwideRecordedInformation": true,
            "hiddenField": false,
            "hiddenTitle": false,
            "rowNumber": 7
          }
        },
        "kysymys_kaksi": {
          "type": "boolean",
          "sosmeta": {
            "name": [
              {
                "lang": "fi",
                "value": "Kysymys kaksi"
              },
              {
                "lang": "sv",
                "value": "Fråga två"
              }
            ],
            "title": [
              {
                "lang": "fi",
                "value": "Onko tekijä syyllistynyt häirintään aikaisemmin (sinun tai jonkun toisen uhrin kohdalla)?"
              },
              {
                "lang": "sv",
                "value": "Har förövaren gjort sig skyldig till trakasserier tidigare (mot dig eller något annat offer)?"
              }
            ],
            "description": [
              {
                "lang": "fi",
                "value": "Yksi tekijän tulevaa käyttäytymistä parhaiten ennustavista asioista on tämän aiempi käyttäytyminen. Uhri ei välttämättä tunne tekijää entuudestaan, mutta hänellä saattaa olla jotain tietoa siitä, miten tekijä on aiemmin käyttäytynyt. Vainoajat saattavat joskus lopettaa vainoamisen (syystä, jota kukaan muu kuin he itse ei tiedä) vain jatkaakseen sitä taas uudelleen aivan yllättäen."
              },
              {
                "lang": "sv",
                "value": "En av de faktorer som bäst förutspår hur förövaren kommer att bete sig är förövarens tidigare beteende. Offret känner inte nödvändigtvis förövaren sedan tidigare, men kan ha viss kännedom om hur förövaren har betett sig tidigare. Förföljare kan ibland upphöra med förföljelserna (av anledningar som ingen annan än förföljaren känner till), bara för att helt plötsligt återuppta dem."
              }
            ],
            "representation": [
              {
                "lang": "fi",
                "value": "Kytkin"
              },
              {
                "lang": "sv",
                "value": "Brytare"
              }
            ],
            "repeatable": false,
            "required": false,
            "conditionalRequired": false,
            "nationwideRecordedInformation": true,
            "hiddenField": false,
            "hiddenTitle": false,
            "rowNumber": 8
          }
        },
        "kysymys_kolme": {
          "type": "boolean",
          "sosmeta": {
            "name": [
              {
                "lang": "fi",
                "value": "Kysymys kolme"
              },
              {
                "lang": "sv",
                "value": "Fråga tre"
              }
            ],
            "title": [
              {
                "lang": "fi",
                "value": "Onko tekijä hajottanut tai vahingoittanut omaisuuttasi?"
              },
              {
                "lang": "sv",
                "value": "Har förövaren förstört eller skadat din egendom?"
              }
            ],
            "description": [
              {
                "lang": "fi",
                "value": "Useat tutkimukset osoittavat, että vainoajat hajottavat uhrien omaisuutta kolmanneksessa tapauksista (Blaauw et al., 2002). Hajottaminen voi olla raivoon tai turhautumiseen liittyvää sijaistoimintoa, jos tekijä ei suoraan pääse käsiksi uhriin; kostoa; halua vahingoittaa jotain mikä on uhrille tärkeää (esim. hääkuvien tuhoaminen); uhrin turvallisuudentunteen heikentämistä; yritystä tai konkreettista tunkeutumista uhrin asuntoon tai uhrin vakoilemista. Omaisuuden rikkominen ennustaa uhriin kohdistuvia fyysisiä hyökkäyksiä (Harmone et al., 1995, 1998)."
              },
              {
                "lang": "sv",
                "value": "Flera studier visar att förföljare förstör offrens egendom i en tredjedel av fallen (Blaauw et al. 2002). Förstörelsen kan vara en överslagshandling i samband med ilska eller frustation om förövaren inte kommer åt offret; hämnd; ett uttryck för viljan att ha sönder något som är viktigt för offret (t.ex. bröllopsfoton); ett försök att minska offrets trygghetskänsla; ett försök till eller ett konkret intrång i offrets bostad eller spionage på offret. Förstörelse av egendom förebådar fysiska angrepp mot offret (Harmone et al. 1995, 1998)."
              }
            ],
            "representation": [
              {
                "lang": "fi",
                "value": "Kytkin"
              },
              {
                "lang": "sv",
                "value": "Brytare"
              }
            ],
            "repeatable": false,
            "required": false,
            "conditionalRequired": false,
            "nationwideRecordedInformation": true,
            "hiddenField": false,
            "hiddenTitle": false,
            "rowNumber": 9
          }
        },
        "kysymys_nelja": {
          "type": "boolean",
          "sosmeta": {
            "name": [
              {
                "lang": "fi",
                "value": "Kysymys neljä"
              },
              {
                "lang": "sv",
                "value": "Fråga fyra"
              }
            ],
            "title": [
              {
                "lang": "fi",
                "value": "Vieraileeko tekijä kutsumatta esim. kotonasi tai työpaikallasi useammin kuin kolme kertaa viikossa?"
              },
              {
                "lang": "sv",
                "value": "Gör förövaren objudna besök i ditt hem, på din arbetsplats etc. mer än tre gånger per vecka?"
              }
            ],
            "description": [
              {
                "lang": "fi",
                "value": "Vainoaminen tapahtuu harvoin täysin ilman lähempää kontaktia uhriin. Tutkimukset osoittavat, että melkein kaikki vainontatapaukset johtavat lopulta uhrin ja tekijän kohtaamiseen (Mullen et al., 2000). Jotkut vainoajista saattavat lähestyä uhriaan tasaisin väliajoin esim. heidän työmatkallaan. Muut, pääasiassa vainoajat, joilla on mielenterveysongelmia, voivat ilmestyä eri paikkoihin ennalta arvaamattomana hetkenä (Sheridan \u0026 Boon, 2002). Tutkimukset ovat osoittaneet, että ne tekijät, jotka vierailevat uhrin kotona, työpaikalla tms. kolme kertaa viikossa, ovat niitä jotka todennäköisimmin hyökkäävät uhrin kimppuun. On kuitenkin hyvä muistaa, että jollain tekijöistä ei ole mitään kaavaa, jonka mukaan he toimivat, joten tapahtumien ennakoiminen voi olla hankalaa."
              },
              {
                "lang": "sv",
                "value": "Förföljelse sker sällan helt utan närmare kontakt med offret. Studier visar att nästan alla fall av förföljelse slutligen leder till att offret och förövaren möts (Mullen et al. 2000). Vissa förföljare närmar sig sitt offer med jämna mellanrum, till exempel på vägen till eller från arbetet. Andra, i huvudsak förföljare med psykiska problem, kan dyka upp på olika platser vid oväntade tillfällen (Sheridan och Boon 2002). Studier visar att de förövare som besöker offrets hem, arbetsplats etc. tre gånger per vecka, är de som med högst sannolikhet kommer att attackera offret. Man bör dock komma ihåg att vissa förövare inte följer något speciellt mönster och därför kan det vara svårt att förutspå händelseförloppet."
              }
            ],
            "representation": [
              {
                "lang": "fi",
                "value": "Kytkin"
              },
              {
                "lang": "sv",
                "value": "Brytare"
              }
            ],
            "repeatable": false,
            "required": false,
            "conditionalRequired": false,
            "nationwideRecordedInformation": true,
            "hiddenField": false,
            "hiddenTitle": false,
            "rowNumber": 10
          }
        },
        "kysymys_viisi": {
          "type": "boolean",
          "sosmeta": {
            "name": [
              {
                "lang": "fi",
                "value": "Kysymys viisi"
              },
              {
                "lang": "sv",
                "value": "Fråga fem"
              }
            ],
            "title": [
              {
                "lang": "fi",
                "value": "Onko tekijä oleskellut esim. kotisi tai työpaikkasi lähistöllä?"
              },
              {
                "lang": "sv",
                "value": "Har förövaren vistats t.ex. i närheten av ditt hem eller din arbetsplats?"
              }
            ],
            "description": [
              {
                "lang": "fi",
                "value": "Monet tekijöistä näyttäytyvät uhreille. Myönteistä tässä on se, että tekijää vastaan saadaan kerättyä todisteita etenkin, jos uhri pitää päiväkirjaa tapahtumista ja tekijän käyttäytymisestä. Tekijät, jotka oleskelevat uhrin kodin, työpaikan tms. lähistöllä ovat niitä, jotka todennäköisimmin hyökkäävät uhrin kimppuun. Nämä tekijät voivat kerätä uhriin liittyvää tietoa tai seurata uhrin tapoja. Toisaalta hyökkäys uhria kohtaan voi syntyä tekijän kokemasta turhautumisesta, jos hän ei ole saanut luotua suhdetta uhriin, vaikka hän on uhrannut paljon aikaa uhrin seuraamiseen. Tekijät ovat hyvin erilaisia. Jotkut heistä voivat yrittää oleilla uhrin lähettyvillä salaa, kun taas toiset eivät pyri salaamaan mitään toimintaansa."
              },
              {
                "lang": "sv",
                "value": "Många förövare visar sig för offren. Det positiva med detta är att man får in bevismaterial mot förövaren, speciellt om offret för dagbok över händelserna och förövarens beteende. Förövare som vistas i närheten av offrets hem, arbetsplats etc. är de som med högst sannolikhet kommer att attackera offret. Dessa förövare kan samla in information om offret eller iaktta offrets vanor. Å andra sidan kan en attack mot offret bero på frustration hos förövaren över att inte ha lyckats skapa en relation med offret, trots att förövaren har ägnat mycket tid åt att följa offret. Förövarna är mycket olika. Vissa försöker vistas i närheten av offret i hemlighet, medan andra inte alls försöker dölja vad de håller på med."
              }
            ],
            "representation": [
              {
                "lang": "fi",
                "value": "Kytkin"
              },
              {
                "lang": "sv",
                "value": "Brytare"
              }
            ],
            "repeatable": false,
            "required": false,
            "conditionalRequired": false,
            "nationwideRecordedInformation": true,
            "hiddenField": false,
            "hiddenTitle": false,
            "rowNumber": 11
          }
        },
        "kysymys_kuusi": {
          "type": "boolean",
          "sosmeta": {
            "name": [
              {
                "lang": "fi",
                "value": "Kysymys kuusi"
              },
              {
                "lang": "sv",
                "value": "Fråga sex"
              }
            ],
            "title": [
              {
                "lang": "fi",
                "value": "Onko tekijä uhannut sinua fyysisellä tai seksuaalisella väkivallalla viimeisimmän häirintätapauksen yhteydessä?"
              },
              {
                "lang": "sv",
                "value": "Har förövaren hotat dig med fysiskt eller sexuellt våld i samband med de senaste trakasserierna?"
              }
            ],
            "description": [
              {
                "lang": "fi",
                "value": "Usein tekijät uhkailevat suoraan tai epäsuorasti uhrejaan. Esimerkki epäsuorasta uhkailusta voi olla väkivaltaisen kuvan lähettäminen uhrille (usein nimettömänä). Lisäksi tekijät uhkailevat uhrejaan suullisesti tai kirjallisesti. Nämä uhkailut tulisi aina ottaa vakavasti. Vainoajat uhkailevat uhreja ja myös toteuttavat uhkaukset pitkänkin ajan kuluttua. Kahdeksan eri tutkimuksen mukaan vahvin ennuste tekijän väkivallalle ovat uhkaukset. Vakavan väkivallan tapauksissa uhkauksien on todettu ennustaneen väkivaltaa vielä vahvemmin (James \u0026 Farnham, 2003)."
              },
              {
                "lang": "sv",
                "value": "Det är vanligt att förövarna hotar sina offer direkt eller indirekt. Ett exempel på ett indirekt hot är att förövaren skickar en våldsam bild till offret (oftast anonymt). Dessutom hotar förövarna sina offer muntligt eller skriftligt. Man ska alltid ta dessa hot på allvar. Förföljare hotar sina offer och kan förverkliga hoten även långt senare. Enligt åtta olika studier är hot det starkaste tecknet på att förövaren kommer att använda våld. I allvarliga våldsfall har hot konstaterats förebåda våld i ännu högre grad (James och Farnham 2003)."
              }
            ],
            "representation": [
              {
                "lang": "fi",
                "value": "Kytkin"
              },
              {
                "lang": "sv",
                "value": "Brytare"
              }
            ],
            "repeatable": false,
            "required": false,
            "conditionalRequired": false,
            "nationwideRecordedInformation": true,
            "hiddenField": false,
            "hiddenTitle": false,
            "rowNumber": 12
          }
        },
        "kysymys_seitseman": {
          "type": "boolean",
          "sosmeta": {
            "name": [
              {
                "lang": "fi",
                "value": "Kysymys seitsemän"
              },
              {
                "lang": "sv",
                "value": "Fråga sju"
              }
            ],
            "title": [
              {
                "lang": "fi",
                "value": "Onko tekijä häirinnyt jotain kolmatta osapuolta sen jälkeen, kun häirintä on alkanut (esim. perhe, ystävät, työtoverit, naapurit, uudet seurustelu-, avo- tai aviopuolisot)?"
              },
              {
                "lang": "sv",
                "value": "Har förövaren trakasserat någon tredje part efter att trakasserierna började (t.ex. familj, vänner, arbetskamrater, grannar, en ny partner, sambo eller make/maka)?"
              }
            ],
            "description": [
              {
                "lang": "fi",
                "value": "Suurimmassa osassa tapauksista uhrin läheisiä joutuu vainonnan kohteeksi. Vaikka tekijät pystyvät vainoamaan useampia kuin vain yhtä uhria kerrallaan, kertoo tämä siitä, onko vainoa kohdistunut myös uhrin läheisiin. Tekijät vainoavat uhrin läheisiä esimerkiksi järkyttääkseen uhria (esim. uhrin lapsiin kohdistuva vaino); saadakseen tietoa uhrista (uhrin ystävien seuraaminen); raivatakseen tieltään henkilöitä tekijän ja uhrin välillä (uhrin kumppanin häirintä) ja rangaistakseen niitä, jotka suojelevat uhria (esim. työtoverit, jotka sanovat, ettei uhri ole tavoitettavissa). Vainoajien on tiedetty häirinneen satoja henkilöitä, jotka ovat olleet tekemisissä uhrin kanssa (Mohandie et al., 2006; Mulle et al., 1999)."
              },
              {
                "lang": "sv",
                "value": "I de flesta fall blir närstående till offret också föremål för förföljelse. Även om förövare kan förfölja fler än ett offer åt gången, berättar detta om huruvida förföljelsen har riktats även mot offrets närstående. Förövare förföljer närstående till offret till exempel för att skärra offret (t.ex. förföljelse av offrets barn); få information om offret (förföljelse av offrets vänner); röja personer ur vägen som står mellan förövaren och offret (förföljelse av offrets partner) och straffa dem som skyddar offret (t.ex. arbetskamrater, som säger att offret inte är anträffbar). Det finns förövare som har trakasserat hundratals personer som på något sätt har haft med offret att göra (Mohandie et al. 2006; Mulle et al. 1999)."
              }
            ],
            "representation": [
              {
                "lang": "fi",
                "value": "Kytkin"
              },
              {
                "lang": "sv",
                "value": "Brytare"
              }
            ],
            "repeatable": false,
            "required": false,
            "conditionalRequired": false,
            "nationwideRecordedInformation": true,
            "hiddenField": false,
            "hiddenTitle": false,
            "rowNumber": 13
          }
        },
        "kysymys_kahdeksan": {
          "type": "boolean",
          "sosmeta": {
            "name": [
              {
                "lang": "fi",
                "value": "Kysymys kahdeksan"
              },
              {
                "lang": "sv",
                "value": "Fråga  åtta"
              }
            ],
            "title": [
              {
                "lang": "fi",
                "value": "Käyttikö tekijä väkivaltaa viimeisimmän häirintätapauksen yhteydessä?"
              },
              {
                "lang": "sv",
                "value": "Använde förövaren våld i samband med de senaste trakasserierna?"
              }
            ],
            "description": [
              {
                "lang": "fi",
                "value": "Vainontatapauksiin liittyy usein kolmansia osapuolia, ja heiltä saadaan usein näyttöä asiaa tutkittaessa. Tutkimukset osoittavat, että kolmansien osapuolien kimppuun on hyökätty 6−17 prosentissa tapauksista (Mohandie et al. 2006; Mullen, Pathe; Purcell, and Stuart 1999; Sheridan \u0026 Davies, 2001). Ne tekijät, jotka hyökkäävät kolmansien osapuolien kimppuun ovat niitä, jotka todennäköisimmin myös kohdistavat väkivaltaa vainon ensisijaiseen uhriin. Niillä henkilöillä, jotka pyrkivät estämään tekijän pääsyn uhrin lähelle, on korkea riski joutua itse väkivallan uhriksi."
              },
              {
                "lang": "sv",
                "value": "En tredje part blir ofta inblandad i fall av förföljelse och kan i regel framföra bevis när ärendet utreds. Studier visar att i 6−17 procent av fallen har även tredje part blivit attackerad (Mohandie et al. 2006; Mullen, Pathe; Purcell och Stuart 1999; Sheridan och Davies 2001). Förövare som attackerar tredje part är de som med största sannolikhet även kommer att använda sig av våld mot huvudoffret. Personer som försöker hindra förövaren att komma nära offret löper stor risk att själva bli utsatta för våld."
              }
            ],
            "representation": [
              {
                "lang": "fi",
                "value": "Kytkin"
              },
              {
                "lang": "sv",
                "value": "Brytare"
              }
            ],
            "repeatable": false,
            "required": false,
            "conditionalRequired": false,
            "nationwideRecordedInformation": true,
            "hiddenField": false,
            "hiddenTitle": false,
            "rowNumber": 14
          }
        },
        "kysymys_yhdeksan": {
          "type": "boolean",
          "sosmeta": {
            "name": [
              {
                "lang": "fi",
                "value": "Kysymys yhdeksän"
              },
              {
                "lang": "sv",
                "value": "Fråga nio"
              }
            ],
            "title": [
              {
                "lang": "fi",
                "value": "Onko tekijä käyttänyt muita ihmisiä apunaan häirinnässä (vapaaehtoisesti tai pakottamalla)?"
              },
              {
                "lang": "sv",
                "value": "Har förövaren utnyttjat andra personer (frivilligt/genom tvång) som hjälp för att utöva trakasserier?"
              }
            ],
            "description": [
              {
                "lang": "fi",
                "value": "Tekijä pyytää usein muita ihmisiä avustamaan vainoamisessa. Monet vainoajat käyttävät useita tunteja päivässä vainomiseen ja ovat valmiita jatkamaan toimintaa useita vuosia (Meloy, 1996). Tekijä saattaa esiintyä jonain toisena henkilönä netissä, lähettää uhkaavaa materiaalia tai valheellisia viestejä uhrille tai houkutella muita netin käyttäjiä häiritsemään ja uhkailemaan uhria (esim. postaamalla uhrin henkilökohtaisia tietoja julkisille keskustelupalstoille) (Sheridan and Grant, 2007)."
              },
              {
                "lang": "sv",
                "value": "Förövaren ber ofta andra personer att hjälpa till med förföljelsen. Många förföljare ägnar sig flera timmar per dag åt förföljelsen och är beredda att fortsätta med det i flera år (Meloy 1996). Förövaren kan framträda som någon annan person på nätet, skicka hotfullt material eller falska meddelanden till offret eller locka andra användare på nätet att ofreda och hota offret (t.ex. genom att lägga ut personlig information om offret i offentliga forum) (Sheridan och Grant 2007)."
              }
            ],
            "representation": [
              {
                "lang": "fi",
                "value": "Kytkin"
              },
              {
                "lang": "sv",
                "value": "Brytare"
              }
            ],
            "repeatable": false,
            "required": false,
            "conditionalRequired": false,
            "nationwideRecordedInformation": true,
            "hiddenField": false,
            "hiddenTitle": false,
            "rowNumber": 15
          }
        },
        "kysymys_kymmenen": {
          "type": "boolean",
          "sosmeta": {
            "name": [
              {
                "lang": "fi",
                "value": "Kysymys kymmenen"
              },
              {
                "lang": "sv",
                "value": "Fråga tio"
              }
            ],
            "title": [
              {
                "lang": "fi",
                "value": "Onko tekijällä päihteiden (esim. alkoholin ta huumeiden) väärinkäyttöä?"
              },
              {
                "lang": "sv",
                "value": "Har förövaren missbruksproblem (t.ex. alkohol eller narkotika)?"
              }
            ],
            "description": [
              {
                "lang": "fi",
                "value": "Tutkimuksien mukaan tekijän päihteiden väärinkäytöllä ja uhrin kokemalla fyysisellä väkivallalla on selkeä yhteys (Rosenfeld, 2004). Päihteiden väärinkäyttö voi johtaa vainoon ja myös yksittäisiin väkivallantekoihin. Alkoholin tai huumeiden käyttö voi edeltää hyökkäystä, pakottaa tekijää toimimaan sekä lisätä kaipaavien tai vihaisten ajatusten pakonomaisuutta. Päihteiden käytön avulla tekijä saa itsevarmuutta lähestyä uhria. Tiedetään, että päihteiden väärinkäyttö lisää riskiä väkivallanteoille niillä vainoajilla, joilla on mielenterveyden ongelmia (Steadman et al., 1998), vaikka nekin vainoajat, joilla ei ole mielenterveysongelmia, voivat väärinkäyttää päihteitä."
              },
              {
                "lang": "sv",
                "value": "Studier visar att det finns ett tydligt samband mellan missbrukande förövare och offer som blir utsatta för fysiskt våld (Rosenfeld 2004). Missbruk kan leda till förföljelse och även till enskilda våldshandlingar. Användningen av alkohol eller droger kan föregå en attack, tvinga förövaren att agera och ge upphov till än mer tvångsmässiga tankar av längtan eller ilska. Rusmedlen gör att förövaren blir självsäker och vågar närma sig offret. Man vet att missbruk ökar risken för våldshandlingar hos personer som har psykiska problem (Steadman et al. 1998), men även förövare utan psykiska problem kan missbruka rusmedel."
              }
            ],
            "representation": [
              {
                "lang": "fi",
                "value": "Kytkin"
              },
              {
                "lang": "sv",
                "value": "Brytare"
              }
            ],
            "repeatable": false,
            "required": false,
            "conditionalRequired": false,
            "nationwideRecordedInformation": true,
            "hiddenField": false,
            "hiddenTitle": false,
            "rowNumber": 16
          }
        },
        "kysymys_yksitoista": {
          "type": "boolean",
          "sosmeta": {
            "name": [
              {
                "lang": "fi",
                "value": "Kysymys yksitoista"
              },
              {
                "lang": "sv",
                "value": "Fråga elva"
              }
            ],
            "title": [
              {
                "lang": "fi",
                "value": "Onko tekijä syyllistynyt aiemmin väkivaltarikoksiin?"
              },
              {
                "lang": "sv",
                "value": "Har förövaren tidigare gjort sig skyldig till våldsbrott?"
              }
            ],
            "description": [
              {
                "lang": "fi",
                "value": "Yksi parhaiten jatkoa ennustavista tapahtumista on tekijän aiempi käyttäytyminen. Väkivalta ei aina ole fyysistä, mutta sillä voi olla psykologisia vaikutuksia. Tämä saattaa olla suhteessa pakkomielteiseen kontrollointiin ja/tai mustasukkaiseen uhrin valvontaan (Regan, Kelly, Morris ja Dibb 2007) jos tekijä tuntee/tuntevat todellista oikeutta tai omistajuutta uhriin. Yleisesti vainoajat, jotka ovat olleet aiemmin väkivaltaisia, joko vainoamisen yhteydessä tai muissa tapauksissa, ovat suuremmalla todennäköisyydellä väkivaltaisia uudelleenkin. Joillakin tunnetuista, kaikista väkivaltaisimmista vainoajista, ei ole aikaisempaa rikoshistoriaa (James ja Farham, 2003)."
              },
              {
                "lang": "sv",
                "value": "En av de faktorer som bäst förutspår fortsättningen är förövarens tidigare beteende. Våld är inte alltid fysiskt, utan kan ha psykologiska effekter. Psykiskt våld kan framträda som ett tvångsmässigt kontrollbehov och/eller övervakning av offret på grund av svartsjuka (Regan, Kelly, Morris och Dibb 2007) om förövaren upplever sig ha rätt till offret eller att hen äger offret. I allmänhet är det större sannolikhet att förföljare som tidigare har varit våldsamma, antingen i samband med förföljelse eller i andra situationer, blir våldsamma igen. Vissa av de kända, mesta våldsamma förföljarna har ingen tidigare brottshistorik (James och Farham 2003)."
              }
            ],
            "representation": [
              {
                "lang": "fi",
                "value": "Kytkin"
              },
              {
                "lang": "sv",
                "value": "Brytare"
              }
            ],
            "repeatable": false,
            "required": false,
            "conditionalRequired": false,
            "nationwideRecordedInformation": true,
            "hiddenField": false,
            "hiddenTitle": false,
            "rowNumber": 17
          }
        },
        "lisatiedot": {
          "type": "string",
          "sosmeta": {
            "name": [
              {
                "lang": "fi",
                "value": "Lisätiedot"
              },
              {
                "lang": "sv",
                "value": "Tilläggsuppgifter"
              }
            ],
            "description": [
              {
                "lang": "fi",
                "value": "Kenttään kirjataan muuta tapaukseen liittyvää tärkeää tietoa (esim. yksityiskohtaiset kuvaukset uhkauksista, häirinnän kesto, uhrin näkökulma tekijän motiiveista tai tekijän omistamat aseet)."
              },
              {
                "lang": "sv",
                "value": "I fältet antecknas annan viktig information som rör fallet (t.ex. detaljerade beskrivningar av hoten, hur länge trakasserierna pågått, offrets syn på förövarens motiv, vilka vapen förövaren äger)."
              }
            ],
            "representation": [
              {
                "lang": "fi",
                "value": "Teksti"
              },
              {
                "lang": "sv",
                "value": "Text"
              }
            ],
            "repeatable": false,
            "required": false,
            "conditionalRequired": false,
            "nationwideRecordedInformation": false,
            "hiddenField": false,
            "hiddenTitle": false,
            "rowNumber": 18
          }
        },
        "lakiselostus": {
          "type": "string",
          "sosmeta": {
            "name": [
              {
                "lang": "fi",
                "value": "Lakiselostus"
              },
              {
                "lang": "sv",
                "value": "Lagförklaring"
              }
            ],
            "implementationNote": [
              {
                "lang": "fi",
                "value": "Kentässä voidaan käyttää automaattitekstiä, jonka organisaatio laatii yhdessä tietojärjestelmätoimittajan kanssa. THL ei laadi kentässä näytettäviä tekstejä."
              },
              {
                "lang": "sv",
                "value": "I fältet kan man använda automattext, som organisationen upprättar tillsammans med datasystemleverantören. THL ansvarar inte för produktion av automattext i fältet."
              }
            ],
            "representation": [
              {
                "lang": "fi",
                "value": "Teksti"
              },
              {
                "lang": "sv",
                "value": "Text"
              }
            ],
            "repeatable": false,
            "required": false,
            "conditionalRequired": false,
            "nationwideRecordedInformation": false,
            "hiddenField": false,
            "hiddenTitle": false,
            "rowNumber": 19
          }
        },
        "paivamaara": {
          "type": "string",
          "pattern": "^-?[0-9]{4}(-(0[1-9]|1[0-2])(-(0[0-9]|[1-2][0-9]|3[0-1]))?)?$",
          "sosmeta": {
            "name": [
              {
                "lang": "fi",
                "value": "Päivämäärä"
              },
              {
                "lang": "sv",
                "value": "Datum"
              }
            ],
            "description": [
              {
                "lang": "fi",
                "value": "Kenttään kirjataan arvion laatimisen päivämäärä."
              },
              {
                "lang": "sv",
                "value": "I fältet antecknas den uppskattade tidpunkten för upprättande."
              }
            ],
            "representation": [
              {
                "lang": "fi",
                "value": "Pvm"
              },
              {
                "lang": "sv",
                "value": "Datum"
              }
            ],
            "repeatable": false,
            "required": false,
            "conditionalRequired": false,
            "nationwideRecordedInformation": true,
            "hiddenField": false,
            "hiddenTitle": false,
            "rowNumber": 20
          }
        },
        "laatija": {
          "type": "object",
          "additionalProperties": false,
          "sosmeta": {
            "name": [
              {
                "lang": "fi",
                "value": "Laatija"
              },
              {
                "lang": "sv",
                "value": "Upprättare"
              }
            ],
            "description": [
              {
                "lang": "fi",
                "value": "-"
              },
              {
                "lang": "sv",
                "value": "-"
              }
            ],
            "repeatable": false,
            "required": true,
            "conditionalRequired": false,
            "nationwideRecordedInformation": false,
            "hiddenField": false,
            "hiddenTitle": false,
            "rowNumber": 21
          },
          "required": [
            "sukunimi",
            "etunimet"
          ],
          "properties": {
            "sukunimi": {
              "type": "string",
              "minLength": 1,
              "sosmeta": {
                "name": [
                  {
                    "lang": "fi",
                    "value": "Sukunimi"
                  },
                  {
                    "lang": "sv",
                    "value": "Efternamn"
                  }
                ],
                "description": [
                  {
                    "lang": "fi",
                    "value": "-"
                  },
                  {
                    "lang": "sv",
                    "value": "-"
                  }
                ],
                "representation": [
                  {
                    "lang": "fi",
                    "value": "Nimi"
                  },
                  {
                    "lang": "sv",
                    "value": "Namn"
                  }
                ],
                "repeatable": false,
                "required": true,
                "conditionalRequired": false,
                "nationwideRecordedInformation": false,
                "hiddenField": false,
                "hiddenTitle": false,
                "rowNumber": 22
              }
            },
            "etunimet": {
              "type": "string",
              "minLength": 1,
              "sosmeta": {
                "name": [
                  {
                    "lang": "fi",
                    "value": "Etunimet"
                  },
                  {
                    "lang": "sv",
                    "value": "Samtliga förnamn"
                  }
                ],
                "description": [
                  {
                    "lang": "fi",
                    "value": "-"
                  },
                  {
                    "lang": "sv",
                    "value": "-"
                  }
                ],
                "representation": [
                  {
                    "lang": "fi",
                    "value": "Nimi"
                  },
                  {
                    "lang": "sv",
                    "value": "Namn"
                  }
                ],
                "repeatable": false,
                "required": true,
                "conditionalRequired": false,
                "nationwideRecordedInformation": false,
                "hiddenField": false,
                "hiddenTitle": false,
                "rowNumber": 23
              }
            },
            "tehtavanimike": {
              "type": "string",
              "sosmeta": {
                "name": [
                  {
                    "lang": "fi",
                    "value": "Tehtävänimike"
                  },
                  {
                    "lang": "sv",
                    "value": "Uppgiftsbeteckning"
                  }
                ],
                "description": [
                  {
                    "lang": "fi",
                    "value": "-"
                  },
                  {
                    "lang": "sv",
                    "value": "-"
                  }
                ],
                "example": [
                  {
                    "lang": "fi",
                    "value": "-"
                  },
                  {
                    "lang": "sv",
                    "value": "-"
                  }
                ],
                "representation": [
                  {
                    "lang": "fi",
                    "value": "Teksti"
                  },
                  {
                    "lang": "sv",
                    "value": "Text"
                  }
                ],
                "repeatable": false,
                "required": false,
                "conditionalRequired": false,
                "nationwideRecordedInformation": false,
                "hiddenField": false,
                "hiddenTitle": false,
                "rowNumber": 24
              }
            },
            "palveluyksikko": {
              "type": "object",
              "additionalProperties": false,
              "sosmeta": {
                "name": [
                  {
                    "lang": "fi",
                    "value": "Palveluyksikkö"
                  },
                  {
                    "lang": "sv",
                    "value": "Serviceenhet"
                  }
                ],
                "description": [
                  {
                    "lang": "fi",
                    "value": "Kenttään kirjataan palveluyksikön nimi SOTE-organisaatiorekisterin avulla."
                  },
                  {
                    "lang": "sv",
                    "value": "I fältet antecknas namnet på serviceenheten enligt Organisationsregistret för social- och hälsovården."
                  }
                ],
                "example": [
                  {
                    "lang": "fi",
                    "value": "1.2.246.10.1012636.10.1.1.100768 \u003d Espoon keskuksen lastensuojelu, Espoon kaupunki, sosiaali- ja terveystoimi"
                  },
                  {
                    "lang": "sv",
                    "value": "1.2.246.10.1012636.10.1.1.100768 \u003d Esbo centrums barnskydd, Esbo stad, social- och hälsovårdssektorn"
                  }
                ],
                "classification": [
                  {
                    "lang": "fi",
                    "value": "Koodistopalvelin: THL - SOTE-organisaatiorekisteri 1.2.246.537.6.202"
                  },
                  {
                    "lang": "sv",
                    "value": "Kodtjänsten: THL - SOTE-organisationsregister 1.2.246.537.6.202"
                  }
                ],
                "classificationLink": [
                  {
                    "lang": "",
                    "value": "https://koodistopalvelu.kanta.fi/codeserver/pages/classification-view-page.xhtml?classificationKey\u003d421\u0026versionKey\u003d501"
                  }
                ],
                "classificationOid": [
                  {
                    "lang": "",
                    "value": "1.2.246.537.6.202"
                  }
                ],
                "representation": [
                  {
                    "lang": "fi",
                    "value": "Koodi"
                  },
                  {
                    "lang": "sv",
                    "value": "Kod"
                  }
                ],
                "repeatable": false,
                "required": false,
                "conditionalRequired": false,
                "nationwideRecordedInformation": true,
                "hiddenField": false,
                "hiddenTitle": false,
                "rowNumber": 25
              },
              "required": [
                "system",
                "code",
                "display"
              ],
              "properties": {
                "system": {
                  "type": "string",
                  "pattern": "^urn:oid:1\\.2\\.246\\.537\\.6\\.202(\\.\\d+)*$"
                },
                "code": {
                  "type": "string"
                },
                "display": {
                  "type": "string"
                }
              }
            }
          }
        }
      }
    }
  }
}