{
  "$schema": "http://json-schema.org/draft-07/schema#",
  "title": "\u0027Ennakollinen lastensuojeluilmoitus\u0027 JSON schema",
  "type": "object",
  "additionalProperties": false,
  "sosmeta": {
    "title": "\u0027Ennakollinen lastensuojeluilmoitus\u0027 JSON schema",
    "status": "Valmis",
    "documentDefinitionVersion": "2022-09-28",
    "dataComponentLibraryVersion": "2022-09-27",
    "oid": "1.2.246.537.6.1506.4019.2022.9.28",
    "documentType": "Ilmoitus",
    "documentAuthor": "Ammattihenkilö",
    "documentSubject": "Sosiaalihuollon  palvelutehtäville yhteiset asiakasasiakirjat"
  },
  "required": [
    "ennakollinen_lastensuojeluilmoitus"
  ],
  "properties": {
    "ennakollinen_lastensuojeluilmoitus": {
      "type": "object",
      "additionalProperties": false,
      "sosmeta": {
        "name": [
          {
            "lang": "fi",
            "value": "Ennakollinen lastensuojeluilmoitus"
          },
          {
            "lang": "sv",
            "value": "Föregripande barnskyddsanmälan"
          }
        ]
      },
      "required": [
        "asiakas",
        "ilmoittaja",
        "syyt_ennakollisen_lastensuojeluilmoituksen_tekemiseen",
        "lapsen_arvioitu_syntymaaika",
        "kerrottu_tulevalle_aidille",
        "kerrottu_tulevalle_toiselle_vanhemmalle"
      ],
      "properties": {
        "asiakas": {
          "type": "array",
          "minItems": 1,
          "items": {
            "type": "object",
            "additionalProperties": false,
            "sosmeta": {
              "name": [
                {
                  "lang": "fi",
                  "value": "Asiakas"
                },
                {
                  "lang": "sv",
                  "value": "Klient"
                }
              ],
              "title": [
                {
                  "lang": "fi",
                  "value": "Henkilö, josta ilmoitus tehdään"
                },
                {
                  "lang": "sv",
                  "value": "Person som anmälan gäller"
                }
              ],
              "description": [
                {
                  "lang": "fi",
                  "value": "Jos ilmoitus tehdään molemmista tulevista vanhemmista, heidän molempien tietonsa kirjataan tähän."
                },
                {
                  "lang": "sv",
                  "value": "Om anmälan görs om båda kommande föräldrarna, antecknas bådas uppgifter här."
                }
              ],
              "repeatable": true,
              "required": true,
              "conditionalRequired": false,
              "nationwideRecordedInformation": false,
              "hiddenField": false,
              "hiddenTitle": false,
              "rowNumber": 1
            },
            "required": [
              "sukunimi",
              "etunimet"
            ],
            "properties": {
              "sukunimi": {
                "type": "string",
                "minLength": 1,
                "sosmeta": {
                  "name": [
                    {
                      "lang": "fi",
                      "value": "Sukunimi"
                    },
                    {
                      "lang": "sv",
                      "value": "Efternamn"
                    }
                  ],
                  "description": [
                    {
                      "lang": "fi",
                      "value": "-"
                    },
                    {
                      "lang": "sv",
                      "value": "-"
                    }
                  ],
                  "example": [
                    {
                      "lang": "fi",
                      "value": "-"
                    },
                    {
                      "lang": "sv",
                      "value": "-"
                    }
                  ],
                  "representation": [
                    {
                      "lang": "fi",
                      "value": "Nimi"
                    },
                    {
                      "lang": "sv",
                      "value": "Namn"
                    }
                  ],
                  "repeatable": false,
                  "required": true,
                  "conditionalRequired": false,
                  "nationwideRecordedInformation": false,
                  "hiddenField": false,
                  "hiddenTitle": false,
                  "rowNumber": 2
                }
              },
              "etunimet": {
                "type": "string",
                "minLength": 1,
                "sosmeta": {
                  "name": [
                    {
                      "lang": "fi",
                      "value": "Etunimet"
                    },
                    {
                      "lang": "sv",
                      "value": "Samtliga förnamn"
                    }
                  ],
                  "description": [
                    {
                      "lang": "fi",
                      "value": "-"
                    },
                    {
                      "lang": "sv",
                      "value": "-"
                    }
                  ],
                  "example": [
                    {
                      "lang": "fi",
                      "value": "-"
                    },
                    {
                      "lang": "sv",
                      "value": "-"
                    }
                  ],
                  "representation": [
                    {
                      "lang": "fi",
                      "value": "Nimi"
                    },
                    {
                      "lang": "sv",
                      "value": "Namn"
                    }
                  ],
                  "repeatable": false,
                  "required": true,
                  "conditionalRequired": false,
                  "nationwideRecordedInformation": false,
                  "hiddenField": false,
                  "hiddenTitle": false,
                  "rowNumber": 3
                }
              },
              "henkilotunnus": {
                "type": "object",
                "additionalProperties": false,
                "sosmeta": {
                  "name": [
                    {
                      "lang": "fi",
                      "value": "Henkilötunnus"
                    },
                    {
                      "lang": "sv",
                      "value": "Personbeteckning"
                    }
                  ],
                  "description": [
                    {
                      "lang": "fi",
                      "value": "-"
                    },
                    {
                      "lang": "sv",
                      "value": "-"
                    }
                  ],
                  "example": [
                    {
                      "lang": "fi",
                      "value": "-"
                    },
                    {
                      "lang": "sv",
                      "value": "-"
                    }
                  ],
                  "representation": [
                    {
                      "lang": "fi",
                      "value": "Tunnus"
                    },
                    {
                      "lang": "sv",
                      "value": "Identifierare"
                    }
                  ],
                  "systemUri": [
                    {
                      "lang": "",
                      "value": "urn:oid:1.2.246.21"
                    }
                  ],
                  "repeatable": false,
                  "required": false,
                  "conditionalRequired": false,
                  "nationwideRecordedInformation": false,
                  "hiddenField": false,
                  "hiddenTitle": false,
                  "rowNumber": 4
                },
                "required": [
                  "value"
                ],
                "properties": {
                  "system": {
                    "type": "string"
                  },
                  "value": {
                    "type": "string"
                  }
                }
              },
              "turvakielto": {
                "type": "boolean",
                "sosmeta": {
                  "name": [
                    {
                      "lang": "fi",
                      "value": "Turvakielto"
                    },
                    {
                      "lang": "sv",
                      "value": "Spärrmarkering"
                    }
                  ],
                  "description": [
                    {
                      "lang": "fi",
                      "value": "Kenttään kirjataan onko henkilöllä yhteystietoja koskeva turvakielto. Palvelunantajalla on erityinen velvollisuus huolehtia, etteivät turvakiellon suojaamat tiedot pääse ulkopuolisten käsiin."
                    },
                    {
                      "lang": "sv",
                      "value": "I fältet antecknas om personen har en spärrmarkering som gäller kontaktuppgifterna. Tillhandahållaren av tjänster har särskild skyldighet att se till att uppgifterna som skyddas av spärrmarkeringen inte kommer i utomståendes händer."
                    }
                  ],
                  "example": [
                    {
                      "lang": "fi",
                      "value": "Kyllä"
                    },
                    {
                      "lang": "sv",
                      "value": "Ja"
                    }
                  ],
                  "representation": [
                    {
                      "lang": "fi",
                      "value": "Kytkin"
                    },
                    {
                      "lang": "sv",
                      "value": "Brytare"
                    }
                  ],
                  "repeatable": false,
                  "required": false,
                  "conditionalRequired": false,
                  "nationwideRecordedInformation": false,
                  "hiddenField": false,
                  "hiddenTitle": false,
                  "rowNumber": 5
                }
              },
              "yhteystiedot": {
                "type": "object",
                "additionalProperties": false,
                "sosmeta": {
                  "name": [
                    {
                      "lang": "fi",
                      "value": "Yhteystiedot"
                    },
                    {
                      "lang": "sv",
                      "value": "Kontaktuppgifter"
                    }
                  ],
                  "description": [
                    {
                      "lang": "fi",
                      "value": "-"
                    },
                    {
                      "lang": "sv",
                      "value": "-"
                    }
                  ],
                  "repeatable": false,
                  "required": false,
                  "conditionalRequired": false,
                  "nationwideRecordedInformation": false,
                  "hiddenField": false,
                  "hiddenTitle": false,
                  "rowNumber": 6
                },
                "required": [],
                "properties": {
                  "osoite": {
                    "type": "array",
                    "minItems": 0,
                    "items": {
                      "type": "object",
                      "additionalProperties": false,
                      "sosmeta": {
                        "name": [
                          {
                            "lang": "fi",
                            "value": "Osoite"
                          },
                          {
                            "lang": "sv",
                            "value": "Adress"
                          }
                        ],
                        "description": [
                          {
                            "lang": "fi",
                            "value": "-"
                          },
                          {
                            "lang": "sv",
                            "value": "-"
                          }
                        ],
                        "repeatable": true,
                        "required": false,
                        "conditionalRequired": false,
                        "nationwideRecordedInformation": false,
                        "hiddenField": false,
                        "hiddenTitle": false,
                        "rowNumber": 7
                      },
                      "required": [],
                      "properties": {
                        "lahiosoite": {
                          "type": "string",
                          "sosmeta": {
                            "name": [
                              {
                                "lang": "fi",
                                "value": "Lähiosoite"
                              },
                              {
                                "lang": "sv",
                                "value": "Näradress"
                              }
                            ],
                            "description": [
                              {
                                "lang": "fi",
                                "value": "-"
                              },
                              {
                                "lang": "sv",
                                "value": "-"
                              }
                            ],
                            "example": [
                              {
                                "lang": "fi",
                                "value": "-"
                              },
                              {
                                "lang": "sv",
                                "value": "-"
                              }
                            ],
                            "representation": [
                              {
                                "lang": "fi",
                                "value": "Teksti"
                              },
                              {
                                "lang": "sv",
                                "value": "Text"
                              }
                            ],
                            "repeatable": false,
                            "required": false,
                            "conditionalRequired": false,
                            "nationwideRecordedInformation": false,
                            "hiddenField": false,
                            "hiddenTitle": false,
                            "rowNumber": 8
                          }
                        },
                        "postinumero": {
                          "type": "string",
                          "sosmeta": {
                            "name": [
                              {
                                "lang": "fi",
                                "value": "Postinumero"
                              },
                              {
                                "lang": "sv",
                                "value": "Postnummer"
                              }
                            ],
                            "description": [
                              {
                                "lang": "fi",
                                "value": "-"
                              },
                              {
                                "lang": "sv",
                                "value": "-"
                              }
                            ],
                            "example": [
                              {
                                "lang": "fi",
                                "value": "-"
                              },
                              {
                                "lang": "sv",
                                "value": "-"
                              }
                            ],
                            "representation": [
                              {
                                "lang": "fi",
                                "value": "Teksti"
                              },
                              {
                                "lang": "sv",
                                "value": "Text"
                              }
                            ],
                            "repeatable": false,
                            "required": false,
                            "conditionalRequired": false,
                            "nationwideRecordedInformation": false,
                            "hiddenField": false,
                            "hiddenTitle": false,
                            "rowNumber": 9
                          }
                        },
                        "postitoimipaikka": {
                          "type": "string",
                          "sosmeta": {
                            "name": [
                              {
                                "lang": "fi",
                                "value": "Postitoimipaikka"
                              },
                              {
                                "lang": "sv",
                                "value": "Postkontor"
                              }
                            ],
                            "description": [
                              {
                                "lang": "fi",
                                "value": "-"
                              },
                              {
                                "lang": "sv",
                                "value": "-"
                              }
                            ],
                            "example": [
                              {
                                "lang": "fi",
                                "value": "-"
                              },
                              {
                                "lang": "sv",
                                "value": "-"
                              }
                            ],
                            "representation": [
                              {
                                "lang": "fi",
                                "value": "Nimi"
                              },
                              {
                                "lang": "sv",
                                "value": "Namn"
                              }
                            ],
                            "repeatable": false,
                            "required": false,
                            "conditionalRequired": false,
                            "nationwideRecordedInformation": false,
                            "hiddenField": false,
                            "hiddenTitle": false,
                            "rowNumber": 10
                          }
                        }
                      }
                    }
                  },
                  "puhelinnumero": {
                    "type": "string",
                    "sosmeta": {
                      "name": [
                        {
                          "lang": "fi",
                          "value": "Puhelinnumero"
                        },
                        {
                          "lang": "sv",
                          "value": "Telefonnummer"
                        }
                      ],
                      "description": [
                        {
                          "lang": "fi",
                          "value": "-"
                        },
                        {
                          "lang": "sv",
                          "value": "-"
                        }
                      ],
                      "example": [
                        {
                          "lang": "fi",
                          "value": "-"
                        },
                        {
                          "lang": "sv",
                          "value": "-"
                        }
                      ],
                      "representation": [
                        {
                          "lang": "fi",
                          "value": "Teksti"
                        },
                        {
                          "lang": "sv",
                          "value": "Text"
                        }
                      ],
                      "repeatable": false,
                      "required": false,
                      "conditionalRequired": false,
                      "nationwideRecordedInformation": false,
                      "hiddenField": false,
                      "hiddenTitle": false,
                      "rowNumber": 11
                    }
                  }
                }
              }
            }
          }
        },
        "tulevan_lapsen_toinen_vanhempi": {
          "type": "object",
          "additionalProperties": false,
          "sosmeta": {
            "name": [
              {
                "lang": "fi",
                "value": "Tulevan lapsen toinen vanhempi"
              },
              {
                "lang": "sv",
                "value": "Det kommande barnets andra förälder"
              }
            ],
            "description": [
              {
                "lang": "fi",
                "value": "Kenttää käytetään, mikäli lapsen toinen vanhempi ei ole ilmoituksen kohteena."
              },
              {
                "lang": "sv",
                "value": "Fältet används, om barnets andra förälder inte är föremål för anmälan."
              }
            ],
            "repeatable": false,
            "required": false,
            "conditionalRequired": false,
            "nationwideRecordedInformation": false,
            "hiddenField": false,
            "hiddenTitle": false,
            "rowNumber": 12
          },
          "required": [
            "sukunimi",
            "etunimet"
          ],
          "properties": {
            "sukunimi": {
              "type": "string",
              "minLength": 1,
              "sosmeta": {
                "name": [
                  {
                    "lang": "fi",
                    "value": "Sukunimi"
                  },
                  {
                    "lang": "sv",
                    "value": "Efternamn"
                  }
                ],
                "description": [
                  {
                    "lang": "fi",
                    "value": "-"
                  },
                  {
                    "lang": "sv",
                    "value": "-"
                  }
                ],
                "example": [
                  {
                    "lang": "fi",
                    "value": "-"
                  },
                  {
                    "lang": "sv",
                    "value": "-"
                  }
                ],
                "representation": [
                  {
                    "lang": "fi",
                    "value": "Nimi"
                  },
                  {
                    "lang": "sv",
                    "value": "Namn"
                  }
                ],
                "repeatable": false,
                "required": true,
                "conditionalRequired": false,
                "nationwideRecordedInformation": false,
                "hiddenField": false,
                "hiddenTitle": false,
                "rowNumber": 13
              }
            },
            "etunimet": {
              "type": "string",
              "minLength": 1,
              "sosmeta": {
                "name": [
                  {
                    "lang": "fi",
                    "value": "Etunimet"
                  },
                  {
                    "lang": "sv",
                    "value": "Samtliga förnamn"
                  }
                ],
                "description": [
                  {
                    "lang": "fi",
                    "value": "-"
                  },
                  {
                    "lang": "sv",
                    "value": "-"
                  }
                ],
                "example": [
                  {
                    "lang": "fi",
                    "value": "-"
                  },
                  {
                    "lang": "sv",
                    "value": "-"
                  }
                ],
                "representation": [
                  {
                    "lang": "fi",
                    "value": "Nimi"
                  },
                  {
                    "lang": "sv",
                    "value": "Namn"
                  }
                ],
                "repeatable": false,
                "required": true,
                "conditionalRequired": false,
                "nationwideRecordedInformation": false,
                "hiddenField": false,
                "hiddenTitle": false,
                "rowNumber": 14
              }
            },
            "turvakielto": {
              "type": "boolean",
              "sosmeta": {
                "name": [
                  {
                    "lang": "fi",
                    "value": "Turvakielto"
                  },
                  {
                    "lang": "sv",
                    "value": "Spärrmarkering"
                  }
                ],
                "description": [
                  {
                    "lang": "fi",
                    "value": "Kenttään kirjataan onko henkilöllä yhteystietoja koskeva turvakielto. Palvelunantajalla on erityinen velvollisuus huolehtia, etteivät turvakiellon suojaamat tiedot pääse ulkopuolisten käsiin."
                  },
                  {
                    "lang": "sv",
                    "value": "I fältet antecknas om personen har en spärrmarkering som gäller kontaktuppgifterna. Tillhandahållaren av tjänster har särskild skyldighet att se till att uppgifterna som skyddas av spärrmarkeringen inte kommer i utomståendes händer."
                  }
                ],
                "example": [
                  {
                    "lang": "fi",
                    "value": "Kyllä"
                  },
                  {
                    "lang": "sv",
                    "value": "Ja"
                  }
                ],
                "representation": [
                  {
                    "lang": "fi",
                    "value": "Kytkin"
                  },
                  {
                    "lang": "sv",
                    "value": "Brytare"
                  }
                ],
                "repeatable": false,
                "required": false,
                "conditionalRequired": false,
                "nationwideRecordedInformation": false,
                "hiddenField": false,
                "hiddenTitle": false,
                "rowNumber": 15
              }
            },
            "yhteystiedot": {
              "type": "object",
              "additionalProperties": false,
              "sosmeta": {
                "name": [
                  {
                    "lang": "fi",
                    "value": "Yhteystiedot"
                  },
                  {
                    "lang": "sv",
                    "value": "Kontaktuppgifter"
                  }
                ],
                "description": [
                  {
                    "lang": "fi",
                    "value": "-"
                  },
                  {
                    "lang": "sv",
                    "value": "-"
                  }
                ],
                "repeatable": false,
                "required": false,
                "conditionalRequired": false,
                "nationwideRecordedInformation": false,
                "hiddenField": false,
                "hiddenTitle": false,
                "rowNumber": 16
              },
              "required": [],
              "properties": {
                "osoite": {
                  "type": "array",
                  "minItems": 0,
                  "items": {
                    "type": "object",
                    "additionalProperties": false,
                    "sosmeta": {
                      "name": [
                        {
                          "lang": "fi",
                          "value": "Osoite"
                        },
                        {
                          "lang": "sv",
                          "value": "Adress"
                        }
                      ],
                      "description": [
                        {
                          "lang": "fi",
                          "value": "-"
                        },
                        {
                          "lang": "sv",
                          "value": "-"
                        }
                      ],
                      "repeatable": true,
                      "required": false,
                      "conditionalRequired": false,
                      "nationwideRecordedInformation": false,
                      "hiddenField": false,
                      "hiddenTitle": false,
                      "rowNumber": 17
                    },
                    "required": [],
                    "properties": {
                      "lahiosoite": {
                        "type": "string",
                        "sosmeta": {
                          "name": [
                            {
                              "lang": "fi",
                              "value": "Lähiosoite"
                            },
                            {
                              "lang": "sv",
                              "value": "Näradress"
                            }
                          ],
                          "description": [
                            {
                              "lang": "fi",
                              "value": "-"
                            },
                            {
                              "lang": "sv",
                              "value": "-"
                            }
                          ],
                          "example": [
                            {
                              "lang": "fi",
                              "value": "-"
                            },
                            {
                              "lang": "sv",
                              "value": "-"
                            }
                          ],
                          "representation": [
                            {
                              "lang": "fi",
                              "value": "Teksti"
                            },
                            {
                              "lang": "sv",
                              "value": "Text"
                            }
                          ],
                          "repeatable": false,
                          "required": false,
                          "conditionalRequired": false,
                          "nationwideRecordedInformation": false,
                          "hiddenField": false,
                          "hiddenTitle": false,
                          "rowNumber": 18
                        }
                      },
                      "postinumero": {
                        "type": "string",
                        "sosmeta": {
                          "name": [
                            {
                              "lang": "fi",
                              "value": "Postinumero"
                            },
                            {
                              "lang": "sv",
                              "value": "Postnummer"
                            }
                          ],
                          "description": [
                            {
                              "lang": "fi",
                              "value": "-"
                            },
                            {
                              "lang": "sv",
                              "value": "-"
                            }
                          ],
                          "example": [
                            {
                              "lang": "fi",
                              "value": "-"
                            },
                            {
                              "lang": "sv",
                              "value": "-"
                            }
                          ],
                          "representation": [
                            {
                              "lang": "fi",
                              "value": "Teksti"
                            },
                            {
                              "lang": "sv",
                              "value": "Text"
                            }
                          ],
                          "repeatable": false,
                          "required": false,
                          "conditionalRequired": false,
                          "nationwideRecordedInformation": false,
                          "hiddenField": false,
                          "hiddenTitle": false,
                          "rowNumber": 19
                        }
                      },
                      "postitoimipaikka": {
                        "type": "string",
                        "sosmeta": {
                          "name": [
                            {
                              "lang": "fi",
                              "value": "Postitoimipaikka"
                            },
                            {
                              "lang": "sv",
                              "value": "Postkontor"
                            }
                          ],
                          "description": [
                            {
                              "lang": "fi",
                              "value": "-"
                            },
                            {
                              "lang": "sv",
                              "value": "-"
                            }
                          ],
                          "example": [
                            {
                              "lang": "fi",
                              "value": "-"
                            },
                            {
                              "lang": "sv",
                              "value": "-"
                            }
                          ],
                          "representation": [
                            {
                              "lang": "fi",
                              "value": "Nimi"
                            },
                            {
                              "lang": "sv",
                              "value": "Namn"
                            }
                          ],
                          "repeatable": false,
                          "required": false,
                          "conditionalRequired": false,
                          "nationwideRecordedInformation": false,
                          "hiddenField": false,
                          "hiddenTitle": false,
                          "rowNumber": 20
                        }
                      }
                    }
                  }
                },
                "puhelinnumero": {
                  "type": "string",
                  "sosmeta": {
                    "name": [
                      {
                        "lang": "fi",
                        "value": "Puhelinnumero"
                      },
                      {
                        "lang": "sv",
                        "value": "Telefonnummer"
                      }
                    ],
                    "description": [
                      {
                        "lang": "fi",
                        "value": "-"
                      },
                      {
                        "lang": "sv",
                        "value": "-"
                      }
                    ],
                    "example": [
                      {
                        "lang": "fi",
                        "value": "-"
                      },
                      {
                        "lang": "sv",
                        "value": "-"
                      }
                    ],
                    "representation": [
                      {
                        "lang": "fi",
                        "value": "Teksti"
                      },
                      {
                        "lang": "sv",
                        "value": "Text"
                      }
                    ],
                    "repeatable": false,
                    "required": false,
                    "conditionalRequired": false,
                    "nationwideRecordedInformation": false,
                    "hiddenField": false,
                    "hiddenTitle": false,
                    "rowNumber": 21
                  }
                }
              }
            }
          }
        },
        "ilmoittaja": {
          "type": "array",
          "minItems": 1,
          "items": {
            "type": "object",
            "additionalProperties": false,
            "sosmeta": {
              "name": [
                {
                  "lang": "fi",
                  "value": "Ilmoittaja"
                },
                {
                  "lang": "sv",
                  "value": "Anmälare"
                }
              ],
              "description": [
                {
                  "lang": "fi",
                  "value": "Ilmoittajalla tarkoitetaan henkilöä, joka tekee ilmoituksen sosiaalihuoltoon."
                },
                {
                  "lang": "sv",
                  "value": "Med en anmälare avses en person som gör en anmälan till socialvården."
                }
              ],
              "repeatable": true,
              "required": true,
              "conditionalRequired": false,
              "nationwideRecordedInformation": false,
              "hiddenField": false,
              "hiddenTitle": false,
              "rowNumber": 22
            },
            "required": [
              "ammattihenkilo"
            ],
            "properties": {
              "ammattihenkilo": {
                "type": "object",
                "additionalProperties": false,
                "sosmeta": {
                  "name": [
                    {
                      "lang": "fi",
                      "value": "Ammattihenkilö"
                    },
                    {
                      "lang": "sv",
                      "value": "Yrkesutbildad person"
                    }
                  ],
                  "description": [
                    {
                      "lang": "fi",
                      "value": "-"
                    },
                    {
                      "lang": "sv",
                      "value": "-"
                    }
                  ],
                  "implementationNote": [
                    {
                      "lang": "fi",
                      "value": "Kenttä on pakollinen TK Ilmoittajan määrityksestä poiketen. Kenttä ei ole toistuva TK Ilmoittajan määrityksestä poiketen."
                    },
                    {
                      "lang": "sv",
                      "value": "Fältet är obligatoriskt till skillnad från specifikation av DK Anmälare. Fältet är inte återkommande till skillnad från specifikation av DK Anmälare."
                    }
                  ],
                  "repeatable": false,
                  "required": true,
                  "conditionalRequired": false,
                  "nationwideRecordedInformation": false,
                  "hiddenField": false,
                  "hiddenTitle": false,
                  "rowNumber": 23
                },
                "required": [
                  "sukunimi",
                  "etunimet",
                  "yhteystiedot"
                ],
                "properties": {
                  "sukunimi": {
                    "type": "string",
                    "minLength": 1,
                    "sosmeta": {
                      "name": [
                        {
                          "lang": "fi",
                          "value": "Sukunimi"
                        },
                        {
                          "lang": "sv",
                          "value": "Efternamn"
                        }
                      ],
                      "description": [
                        {
                          "lang": "fi",
                          "value": "-"
                        },
                        {
                          "lang": "sv",
                          "value": "-"
                        }
                      ],
                      "representation": [
                        {
                          "lang": "fi",
                          "value": "Nimi"
                        },
                        {
                          "lang": "sv",
                          "value": "Namn"
                        }
                      ],
                      "repeatable": false,
                      "required": true,
                      "conditionalRequired": false,
                      "nationwideRecordedInformation": false,
                      "hiddenField": false,
                      "hiddenTitle": false,
                      "rowNumber": 24
                    }
                  },
                  "etunimet": {
                    "type": "string",
                    "minLength": 1,
                    "sosmeta": {
                      "name": [
                        {
                          "lang": "fi",
                          "value": "Etunimet"
                        },
                        {
                          "lang": "sv",
                          "value": "Samtliga förnamn"
                        }
                      ],
                      "description": [
                        {
                          "lang": "fi",
                          "value": "-"
                        },
                        {
                          "lang": "sv",
                          "value": "-"
                        }
                      ],
                      "representation": [
                        {
                          "lang": "fi",
                          "value": "Nimi"
                        },
                        {
                          "lang": "sv",
                          "value": "Namn"
                        }
                      ],
                      "repeatable": false,
                      "required": true,
                      "conditionalRequired": false,
                      "nationwideRecordedInformation": false,
                      "hiddenField": false,
                      "hiddenTitle": false,
                      "rowNumber": 25
                    }
                  },
                  "tehtavanimike": {
                    "type": "string",
                    "sosmeta": {
                      "name": [
                        {
                          "lang": "fi",
                          "value": "Tehtävänimike"
                        },
                        {
                          "lang": "sv",
                          "value": "Uppgiftsbeteckning"
                        }
                      ],
                      "description": [
                        {
                          "lang": "fi",
                          "value": "-"
                        },
                        {
                          "lang": "sv",
                          "value": "-"
                        }
                      ],
                      "example": [
                        {
                          "lang": "fi",
                          "value": "-"
                        },
                        {
                          "lang": "sv",
                          "value": "-"
                        }
                      ],
                      "representation": [
                        {
                          "lang": "fi",
                          "value": "Teksti"
                        },
                        {
                          "lang": "sv",
                          "value": "Text"
                        }
                      ],
                      "repeatable": false,
                      "required": false,
                      "conditionalRequired": false,
                      "nationwideRecordedInformation": false,
                      "hiddenField": false,
                      "hiddenTitle": false,
                      "rowNumber": 26
                    }
                  },
                  "organisaatio": {
                    "type": "string",
                    "sosmeta": {
                      "name": [
                        {
                          "lang": "fi",
                          "value": "Organisaatio"
                        },
                        {
                          "lang": "sv",
                          "value": "Organisation"
                        }
                      ],
                      "description": [
                        {
                          "lang": "fi",
                          "value": "-"
                        },
                        {
                          "lang": "sv",
                          "value": "-"
                        }
                      ],
                      "representation": [
                        {
                          "lang": "fi",
                          "value": "Nimi"
                        },
                        {
                          "lang": "sv",
                          "value": "Namn"
                        }
                      ],
                      "repeatable": false,
                      "required": false,
                      "conditionalRequired": false,
                      "nationwideRecordedInformation": false,
                      "hiddenField": false,
                      "hiddenTitle": false,
                      "rowNumber": 27
                    }
                  },
                  "yhteystiedot": {
                    "type": "object",
                    "additionalProperties": false,
                    "sosmeta": {
                      "name": [
                        {
                          "lang": "fi",
                          "value": "Yhteystiedot"
                        },
                        {
                          "lang": "sv",
                          "value": "Kontaktuppgifter"
                        }
                      ],
                      "description": [
                        {
                          "lang": "fi",
                          "value": "-"
                        },
                        {
                          "lang": "sv",
                          "value": "-"
                        }
                      ],
                      "implementationNote": [
                        {
                          "lang": "fi",
                          "value": "Kenttä on pakollinen TK Ammattihenkilön määrityksestä poiketen."
                        },
                        {
                          "lang": "sv",
                          "value": "Fältet är obligatoriskt till skillnad från specifikation av DK Yrkesutbildad person."
                        }
                      ],
                      "repeatable": false,
                      "required": true,
                      "conditionalRequired": false,
                      "nationwideRecordedInformation": false,
                      "hiddenField": false,
                      "hiddenTitle": false,
                      "rowNumber": 28
                    },
                    "required": [
                      "puhelinnumero"
                    ],
                    "properties": {
                      "osoite": {
                        "type": "array",
                        "minItems": 0,
                        "items": {
                          "type": "object",
                          "additionalProperties": false,
                          "sosmeta": {
                            "name": [
                              {
                                "lang": "fi",
                                "value": "Osoite"
                              },
                              {
                                "lang": "sv",
                                "value": "Adress"
                              }
                            ],
                            "description": [
                              {
                                "lang": "fi",
                                "value": "-"
                              },
                              {
                                "lang": "sv",
                                "value": "-"
                              }
                            ],
                            "repeatable": true,
                            "required": false,
                            "conditionalRequired": false,
                            "nationwideRecordedInformation": false,
                            "hiddenField": false,
                            "hiddenTitle": false,
                            "rowNumber": 29
                          },
                          "required": [],
                          "properties": {
                            "lahiosoite": {
                              "type": "string",
                              "sosmeta": {
                                "name": [
                                  {
                                    "lang": "fi",
                                    "value": "Lähiosoite"
                                  },
                                  {
                                    "lang": "sv",
                                    "value": "Näradress"
                                  }
                                ],
                                "description": [
                                  {
                                    "lang": "fi",
                                    "value": "-"
                                  },
                                  {
                                    "lang": "sv",
                                    "value": "-"
                                  }
                                ],
                                "example": [
                                  {
                                    "lang": "fi",
                                    "value": "-"
                                  },
                                  {
                                    "lang": "sv",
                                    "value": "-"
                                  }
                                ],
                                "representation": [
                                  {
                                    "lang": "fi",
                                    "value": "Teksti"
                                  },
                                  {
                                    "lang": "sv",
                                    "value": "Text"
                                  }
                                ],
                                "repeatable": false,
                                "required": false,
                                "conditionalRequired": false,
                                "nationwideRecordedInformation": false,
                                "hiddenField": false,
                                "hiddenTitle": false,
                                "rowNumber": 30
                              }
                            },
                            "postinumero": {
                              "type": "string",
                              "sosmeta": {
                                "name": [
                                  {
                                    "lang": "fi",
                                    "value": "Postinumero"
                                  },
                                  {
                                    "lang": "sv",
                                    "value": "Postnummer"
                                  }
                                ],
                                "description": [
                                  {
                                    "lang": "fi",
                                    "value": "-"
                                  },
                                  {
                                    "lang": "sv",
                                    "value": "-"
                                  }
                                ],
                                "example": [
                                  {
                                    "lang": "fi",
                                    "value": "-"
                                  },
                                  {
                                    "lang": "sv",
                                    "value": "-"
                                  }
                                ],
                                "representation": [
                                  {
                                    "lang": "fi",
                                    "value": "Teksti"
                                  },
                                  {
                                    "lang": "sv",
                                    "value": "Text"
                                  }
                                ],
                                "repeatable": false,
                                "required": false,
                                "conditionalRequired": false,
                                "nationwideRecordedInformation": false,
                                "hiddenField": false,
                                "hiddenTitle": false,
                                "rowNumber": 31
                              }
                            },
                            "postitoimipaikka": {
                              "type": "string",
                              "sosmeta": {
                                "name": [
                                  {
                                    "lang": "fi",
                                    "value": "Postitoimipaikka"
                                  },
                                  {
                                    "lang": "sv",
                                    "value": "Postkontor"
                                  }
                                ],
                                "description": [
                                  {
                                    "lang": "fi",
                                    "value": "-"
                                  },
                                  {
                                    "lang": "sv",
                                    "value": "-"
                                  }
                                ],
                                "example": [
                                  {
                                    "lang": "fi",
                                    "value": "-"
                                  },
                                  {
                                    "lang": "sv",
                                    "value": "-"
                                  }
                                ],
                                "representation": [
                                  {
                                    "lang": "fi",
                                    "value": "Nimi"
                                  },
                                  {
                                    "lang": "sv",
                                    "value": "Namn"
                                  }
                                ],
                                "repeatable": false,
                                "required": false,
                                "conditionalRequired": false,
                                "nationwideRecordedInformation": false,
                                "hiddenField": false,
                                "hiddenTitle": false,
                                "rowNumber": 32
                              }
                            }
                          }
                        }
                      },
                      "puhelinnumero": {
                        "type": "string",
                        "minLength": 1,
                        "sosmeta": {
                          "name": [
                            {
                              "lang": "fi",
                              "value": "Puhelinnumero"
                            },
                            {
                              "lang": "sv",
                              "value": "Telefonnummer"
                            }
                          ],
                          "description": [
                            {
                              "lang": "fi",
                              "value": "-"
                            },
                            {
                              "lang": "sv",
                              "value": "-"
                            }
                          ],
                          "example": [
                            {
                              "lang": "fi",
                              "value": "-"
                            },
                            {
                              "lang": "sv",
                              "value": "-"
                            }
                          ],
                          "implementationNote": [
                            {
                              "lang": "fi",
                              "value": "Kenttä on pakollinen TK Yhteystietojen määrityksestä poiketen."
                            },
                            {
                              "lang": "sv",
                              "value": "Fältet är obligatoriskt till skillnad från specifikation av DK Kontaktuppgifter."
                            }
                          ],
                          "representation": [
                            {
                              "lang": "fi",
                              "value": "Teksti"
                            },
                            {
                              "lang": "sv",
                              "value": "Text"
                            }
                          ],
                          "repeatable": false,
                          "required": true,
                          "conditionalRequired": false,
                          "nationwideRecordedInformation": false,
                          "hiddenField": false,
                          "hiddenTitle": false,
                          "rowNumber": 33
                        }
                      },
                      "sahkopostiosoite": {
                        "type": "string",
                        "sosmeta": {
                          "name": [
                            {
                              "lang": "fi",
                              "value": "Sähköpostiosoite"
                            },
                            {
                              "lang": "sv",
                              "value": "E-postadress"
                            }
                          ],
                          "description": [
                            {
                              "lang": "fi",
                              "value": "-"
                            },
                            {
                              "lang": "sv",
                              "value": "-"
                            }
                          ],
                          "example": [
                            {
                              "lang": "fi",
                              "value": "-"
                            },
                            {
                              "lang": "sv",
                              "value": "-"
                            }
                          ],
                          "representation": [
                            {
                              "lang": "fi",
                              "value": "Teksti"
                            },
                            {
                              "lang": "sv",
                              "value": "Text"
                            }
                          ],
                          "repeatable": false,
                          "required": false,
                          "conditionalRequired": false,
                          "nationwideRecordedInformation": false,
                          "hiddenField": false,
                          "hiddenTitle": false,
                          "rowNumber": 34
                        }
                      }
                    }
                  }
                }
              },
              "taho": {
                "type": "object",
                "additionalProperties": false,
                "sosmeta": {
                  "name": [
                    {
                      "lang": "fi",
                      "value": "Taho"
                    },
                    {
                      "lang": "sv",
                      "value": "Aktör"
                    }
                  ],
                  "title": [
                    {
                      "lang": "fi",
                      "value": "Ilmoittajataho"
                    },
                    {
                      "lang": "sv",
                      "value": "Den som gör anmälan"
                    }
                  ],
                  "description": [
                    {
                      "lang": "fi",
                      "value": "Kenttään kirjataan luokituksen avulla ilmoittajataho."
                    },
                    {
                      "lang": "sv",
                      "value": "I fältet antecknas aktören som gör anmälan med hjälp av klassificeringen."
                    }
                  ],
                  "classification": [
                    {
                      "lang": "fi",
                      "value": "Koodistopalvelin: Sosiaalihuolto - Palvelutarpeen ilmoittaja 1.2.246.537.6.1243"
                    },
                    {
                      "lang": "sv",
                      "value": "Kodtjänsten: Socialvård - Anmälare av servicebehov 1.2.246.537.6.1243"
                    }
                  ],
                  "classificationLink": [
                    {
                      "lang": "",
                      "value": "https://koodistopalvelu.kanta.fi/codeserver/pages/classification-view-page.xhtml?classificationKey\u003d1145\u0026versionKey\u003d1285"
                    }
                  ],
                  "classificationOid": [
                    {
                      "lang": "",
                      "value": "1.2.246.537.6.1243"
                    }
                  ],
                  "valueSet": [
                    {
                      "lang": "fi",
                      "value": "6 \u003d Sosiaalihuollon tehtäviä hoitava henkilö, \n7 \u003d Terveydenhuollon ammattihenkilö, \n8 \u003d Sosiaali- tai terveysalan järjestön ammattihenkilö, \n9 \u003d Työvoimahallinnon viranomainen, \n10 \u003d Poliisiviranomainen, \n11 \u003d Palo- ja pelastusviranomainen, \n12 \u003d Hätäkeskusviranomainen, \n13 \u003d Lasten päivähoidon ammattihenkilö, \n14 \u003d Koululaisten aamu- ja iltapäivätoiminnan ammattihenkilö, \n15 \u003d Opetustoimen ammattihenkilö tai muu opetuksen ja koulutuksen järjestäjä, \n16 \u003d Nuorisotoimen ammattihenkilö, \n17 \u003d Seurakunnan tai muun uskonnollisen yhdyskunnan ammattihenkilö, \n18 \u003d Vastaanottokeskuksen tai järjestelykeskuksen ammattihenkilö, \n19 \u003d Rikosseuraamuslaitoksen viranomainen, \n23 \u003d Ulosottoviranomainen,\n24 \u003d Kansaneläkelaitos, \n22 \u003d Muu ilmoittaja"
                    },
                    {
                      "lang": "sv",
                      "value": "6 \u003d Person som handhar uppgifter inom socialvården,\n7 \u003d Yrkesutbildad person inom hälso- och sjukvården,\n8 \u003d Yrkesutbildad person inom en social- och hälsovårdsorganisation,\n9 \u003d Myndighet inom arbetskraftsförvaltningen,\n10 \u003d Polismyndighet,\n11 \u003d Brand- och räddningsmyndighet,\n12 \u003d Nödcentralsmyndighet,\n13 \u003d Yrkesutbildad person inom barnomsorg,\n14 \u003d Yrkesutbildad person inom morgon- och eftermiddagsverksamhet för skolelever,\n15 \u003d Yrkesutbildad person inom utbildningsväsendet eller annan undervisnings- och utbildningsanordnare,\n16 \u003d Yrkesutbildad person inom ungdomsväsendet,\n17 \u003d Yrkesutbildad person inom församling eller annat religiöst samfund,\n18 \u003d Yrkesutbildad person vid förläggning eller flyktingsluss,\n19 \u003d Enhet inom brottspåföljdsmyndigheten,\n23 \u003d Utsökningsmyndighet,\n24 \u003d Folkpensionsanstalten,\n22 \u003d Övrig anmälare"
                    }
                  ],
                  "representation": [
                    {
                      "lang": "fi",
                      "value": "Koodi"
                    },
                    {
                      "lang": "sv",
                      "value": "Kod"
                    }
                  ],
                  "repeatable": false,
                  "required": false,
                  "conditionalRequired": false,
                  "nationwideRecordedInformation": false,
                  "hiddenField": false,
                  "hiddenTitle": false,
                  "acceptedValues": [
                    {
                      "lang": "",
                      "value": "6"
                    },
                    {
                      "lang": "",
                      "value": "7"
                    },
                    {
                      "lang": "",
                      "value": "8"
                    },
                    {
                      "lang": "",
                      "value": "9"
                    },
                    {
                      "lang": "",
                      "value": "10"
                    },
                    {
                      "lang": "",
                      "value": "11"
                    },
                    {
                      "lang": "",
                      "value": "12"
                    },
                    {
                      "lang": "",
                      "value": "13"
                    },
                    {
                      "lang": "",
                      "value": "14"
                    },
                    {
                      "lang": "",
                      "value": "15"
                    },
                    {
                      "lang": "",
                      "value": "16"
                    },
                    {
                      "lang": "",
                      "value": "17"
                    },
                    {
                      "lang": "",
                      "value": "18"
                    },
                    {
                      "lang": "",
                      "value": "19"
                    },
                    {
                      "lang": "",
                      "value": "23"
                    },
                    {
                      "lang": "",
                      "value": "24"
                    },
                    {
                      "lang": "",
                      "value": "22"
                    }
                  ],
                  "rowNumber": 35
                },
                "required": [
                  "system",
                  "code",
                  "display"
                ],
                "properties": {
                  "system": {
                    "type": "string",
                    "pattern": "^urn:oid:1\\.2\\.246\\.537\\.6\\.1243(\\.\\d+)*$"
                  },
                  "code": {
                    "type": "string",
                    "enum": [
                      "6",
                      "7",
                      "8",
                      "9",
                      "10",
                      "11",
                      "12",
                      "13",
                      "14",
                      "15",
                      "16",
                      "17",
                      "18",
                      "19",
                      "23",
                      "24",
                      "22"
                    ]
                  },
                  "display": {
                    "type": "string"
                  }
                }
              }
            }
          }
        },
        "ilmoittamispaivamaara": {
          "type": "string",
          "pattern": "^-?[0-9]{4}(-(0[1-9]|1[0-2])(-(0[0-9]|[1-2][0-9]|3[0-1]))?)?$",
          "sosmeta": {
            "name": [
              {
                "lang": "fi",
                "value": "Ilmoittamispäivämäärä"
              },
              {
                "lang": "sv",
                "value": "Anmälningsdatum"
              }
            ],
            "description": [
              {
                "lang": "fi",
                "value": "Kenttään kirjataan päivämäärä, jolloin ilmoitus laaditaan."
              },
              {
                "lang": "sv",
                "value": "I fältet antecknas datumet då anmälan upprättas."
              }
            ],
            "representation": [
              {
                "lang": "fi",
                "value": "Pvm"
              },
              {
                "lang": "sv",
                "value": "Datum"
              }
            ],
            "repeatable": false,
            "required": false,
            "conditionalRequired": false,
            "nationwideRecordedInformation": false,
            "hiddenField": false,
            "hiddenTitle": false,
            "rowNumber": 36
          }
        },
        "syyt_ennakollisen_lastensuojeluilmoituksen_tekemiseen": {
          "type": "array",
          "minItems": 1,
          "items": {
            "type": "object",
            "additionalProperties": false,
            "sosmeta": {
              "name": [
                {
                  "lang": "fi",
                  "value": "Syyt ennakollisen lastensuojeluilmoituksen tekemiseen"
                },
                {
                  "lang": "sv",
                  "value": "Orsaker till att en föregripande barnskyddsanmälan görs"
                }
              ],
              "description": [
                {
                  "lang": "fi",
                  "value": "Kenttään kirjataan syyt ennakollisen lastensuojeluilmoituksen tekemiseen, eli syyt sille, miksi perustellusti epäillään syntyvän lapsen tarvitsevan lastensuojelun tukitoimia välittömästi syntymänsä jälkeen. Lastensuojelulain 25 c §:n mukaan ennakollinen lastensuojeluilmoitus on tehtävä, jos on perusteltua syytä epäillä, että syntyvä lapsi tulee tarvitsemaan lastensuojelun tukitoimia välittömästi syntymänsä jälkeen."
                },
                {
                  "lang": "sv",
                  "value": "I fältet antecknas orsakerna till att en föregripande barnskyddsanmälan görs, dvs. orsakerna till att det finns grundad anledning att misstänka att ett barn behöver barnskyddets stödåtgärder omedelbart efter födseln. Enligt 25 c § i barnskyddslagen ska en föregripande barnskyddsanmälan göras om det finns grundad anledning att misstänka att ett ofött barn omedelbart efter sin födelse kommer att behöva stödåtgärder inom barnskyddet."
                }
              ],
              "classification": [
                {
                  "lang": "fi",
                  "value": "Koodistopalvelin: Sosiaalihuolto - Tuen tarve 1.2.246.537.6.1282"
                },
                {
                  "lang": "sv",
                  "value": "Kodtjänsten: Socialvård - Stödbehov 1.2.246.537.6.1282"
                }
              ],
              "classificationLink": [
                {
                  "lang": "",
                  "value": "https://koodistopalvelu.kanta.fi/codeserver/pages/classification-view-page.xhtml?classificationKey\u003d3043\u0026versionKey\u003d3403"
                }
              ],
              "classificationOid": [
                {
                  "lang": "",
                  "value": "1.2.246.537.6.1282"
                }
              ],
              "valueSet": [
                {
                  "lang": "fi",
                  "value": "1 \u003d Jokapäiväisestä elämästä selviytymiseen liittyvä tuen tarve,\n2 \u003d Asumiseen liittyvä tuen tarve,\n3 \u003d Taloudellisen tuen tarve,\n4 \u003d Osallisuuteen ja syrjäytymiseen liittyvä tuen tarve,\n5 \u003d Lähisuhde- ja perheväkivallasta tai kaltoinkohtelusta aiheutuva tuen tarve,\n6 \u003d Äkilliseen kriisitilanteeseen liittyvä tuen tarve,\n7 \u003d Lapsen tasapainoiseen kehitykseen ja hyvinvointiin liittyvä tuen tarve,\n8 \u003d Päihteiden ongelmakäytöstä aiheutuva tuen tarve,\n9 \u003d Mielenterveyden ongelmista aiheutuva tuen tarve,\n10 \u003d Toimintakyvyn heikentymisestä aiheutuva tuen tarve,\n11 \u003d Omaisen tai läheisen tuen tarve,\n99 \u003d Muu tuen tarve"
                },
                {
                  "lang": "sv",
                  "value": "1 \u003d Stödbehov för att klara sitt vardagsliv, \n2 \u003d Stödbehov för boende,\n3 \u003d Behov av ekonomiskt stöd, \n4 \u003d Stödbehov relaterat till delaktighet eller marginalisering, \n5 \u003d Stödbehov till följd av våld i nära relationer och inom familjen eller illabehandling,\n6 \u003d Stödbehov relaterat till en akut krissituation, \n7 \u003d Stödbehov relaterat till en harmonisk utveckling och välbefinnande hos barn, \n8 \u003d Stödbehov på grund av drogmissbruk, \n9 \u003d Stödbehov på grund av problem med den psykiska hälsan, \n10 \u003d Stödbehov på grund av nedsatt funktionsförmåga, \n11 \u003d Stödbehov hos en anhörig eller närstående, \n99 \u003d Annat stödbehov"
                }
              ],
              "representation": [
                {
                  "lang": "fi",
                  "value": "Koodi"
                },
                {
                  "lang": "sv",
                  "value": "Kod"
                }
              ],
              "repeatable": true,
              "required": true,
              "conditionalRequired": false,
              "nationwideRecordedInformation": false,
              "hiddenField": false,
              "hiddenTitle": false,
              "acceptedValues": [
                {
                  "lang": "",
                  "value": "1"
                },
                {
                  "lang": "",
                  "value": "2"
                },
                {
                  "lang": "",
                  "value": "3"
                },
                {
                  "lang": "",
                  "value": "4"
                },
                {
                  "lang": "",
                  "value": "5"
                },
                {
                  "lang": "",
                  "value": "6"
                },
                {
                  "lang": "",
                  "value": "7"
                },
                {
                  "lang": "",
                  "value": "8"
                },
                {
                  "lang": "",
                  "value": "9"
                },
                {
                  "lang": "",
                  "value": "10"
                },
                {
                  "lang": "",
                  "value": "11"
                },
                {
                  "lang": "",
                  "value": "99"
                }
              ],
              "rowNumber": 37
            },
            "required": [
              "system",
              "code",
              "display"
            ],
            "properties": {
              "system": {
                "type": "string",
                "pattern": "^urn:oid:1\\.2\\.246\\.537\\.6\\.1282(\\.\\d+)*$"
              },
              "code": {
                "type": "string",
                "enum": [
                  "1",
                  "2",
                  "3",
                  "4",
                  "5",
                  "6",
                  "7",
                  "8",
                  "9",
                  "10",
                  "11",
                  "99"
                ]
              },
              "display": {
                "type": "string"
              }
            }
          }
        },
        "lisatiedot_ennakollisen_lastensuojeluilmoituksen_syista": {
          "type": "string",
          "sosmeta": {
            "name": [
              {
                "lang": "fi",
                "value": "Lisätiedot ennakollisen lastensuojeluilmoituksen syistä"
              },
              {
                "lang": "sv",
                "value": "Tilläggsuppgifter om orsakerna till en föregripande barnskyddsanmälan"
              }
            ],
            "description": [
              {
                "lang": "fi",
                "value": "Kenttään kirjataan lisätietoja edellisessä kentässä valitun luokituksen luokkaan. Lisätietoja annetaan erityisesti silloin, kun luokituksesta on valittu luokka \"Muu tuen tarve\"."
              },
              {
                "lang": "sv",
                "value": "I fältet antecknas tilläggsuppgifter om den klass som valts i klassificeringen i föregående fält. Tilläggsuppgifter ges i synnerhet när klassen \"Annat stödbehov\" har valts i klassificeringen."
              }
            ],
            "example": [
              {
                "lang": "fi",
                "value": "Odottavan äidin tuleva vapausrangaistus."
              },
              {
                "lang": "sv",
                "value": "Det kommande frihetsstraffet för den gravida mamman."
              }
            ],
            "representation": [
              {
                "lang": "fi",
                "value": "Teksti"
              },
              {
                "lang": "sv",
                "value": "Text"
              }
            ],
            "repeatable": false,
            "required": false,
            "conditionalRequired": false,
            "nationwideRecordedInformation": false,
            "hiddenField": false,
            "hiddenTitle": false,
            "rowNumber": 38
          }
        },
        "perhe__ja_asumistilanne": {
          "type": "string",
          "sosmeta": {
            "name": [
              {
                "lang": "fi",
                "value": "Perhe- ja asumistilanne"
              },
              {
                "lang": "sv",
                "value": "Familje- och boendesituation"
              }
            ],
            "title": [
              {
                "lang": "fi",
                "value": "Kuvaus ilmoituksen kohteena olevan henkilön perhe- ja asumistilanteesta"
              },
              {
                "lang": "sv",
                "value": "Beskrivning av familje- och boendesituationen för den person som anmälan gäller"
              }
            ],
            "description": [
              {
                "lang": "fi",
                "value": "Kenttään voidaan tarvittaessa kirjata myös tiedot ennakollisen lastensuojeluilmoituksen kohteena olevan henkilön muista lapsista."
              },
              {
                "lang": "sv",
                "value": "I fältet kan vid behov också antecknas uppgifter om andra barn till den person som är föremål för en föregripande barnskyddsanmälan."
              }
            ],
            "representation": [
              {
                "lang": "fi",
                "value": "Teksti"
              },
              {
                "lang": "sv",
                "value": "Text"
              }
            ],
            "repeatable": false,
            "required": false,
            "conditionalRequired": false,
            "nationwideRecordedInformation": false,
            "hiddenField": false,
            "hiddenTitle": false,
            "rowNumber": 39
          }
        },
        "aiemmin_annettu_tuki": {
          "type": "string",
          "sosmeta": {
            "name": [
              {
                "lang": "fi",
                "value": "Aiemmin annettu tuki"
              },
              {
                "lang": "sv",
                "value": "Tidigare stöd"
              }
            ],
            "representation": [
              {
                "lang": "fi",
                "value": "Teksti"
              },
              {
                "lang": "sv",
                "value": "Text"
              }
            ],
            "repeatable": false,
            "required": false,
            "conditionalRequired": false,
            "nationwideRecordedInformation": false,
            "hiddenField": false,
            "hiddenTitle": false,
            "rowNumber": 40
          }
        },
        "lapsen_arvioitu_syntymaaika": {
          "type": "string",
          "minLength": 1,
          "sosmeta": {
            "name": [
              {
                "lang": "fi",
                "value": "Lapsen arvioitu syntymäaika"
              },
              {
                "lang": "sv",
                "value": "Beräknad födelsetid för barnet"
              }
            ],
            "representation": [
              {
                "lang": "fi",
                "value": "Teksti"
              },
              {
                "lang": "sv",
                "value": "Text"
              }
            ],
            "repeatable": false,
            "required": true,
            "conditionalRequired": false,
            "nationwideRecordedInformation": false,
            "hiddenField": false,
            "hiddenTitle": false,
            "rowNumber": 41
          }
        },
        "kerrottu_tulevalle_aidille": {
          "type": "boolean",
          "sosmeta": {
            "name": [
              {
                "lang": "fi",
                "value": "Kerrottu tulevalle äidille"
              },
              {
                "lang": "sv",
                "value": "Den blivande mamman har informerats"
              }
            ],
            "title": [
              {
                "lang": "fi",
                "value": "Tulevalle äidille on kerrottu ennakollisesta lastensuojeluilmoituksesta"
              },
              {
                "lang": "sv",
                "value": "Den blivande mamman har fått information om den föregripande barnskyddsanmälan"
              }
            ],
            "representation": [
              {
                "lang": "fi",
                "value": "Kytkin"
              },
              {
                "lang": "sv",
                "value": "Brytare"
              }
            ],
            "repeatable": false,
            "required": true,
            "conditionalRequired": false,
            "nationwideRecordedInformation": false,
            "hiddenField": false,
            "hiddenTitle": false,
            "rowNumber": 42
          }
        },
        "kerrottu_tulevalle_toiselle_vanhemmalle": {
          "type": "boolean",
          "sosmeta": {
            "name": [
              {
                "lang": "fi",
                "value": "Kerrottu tulevalle toiselle vanhemmalle"
              },
              {
                "lang": "sv",
                "value": "Den andra föräldern har informerats"
              }
            ],
            "title": [
              {
                "lang": "fi",
                "value": "Tulevalle toiselle vanhemmalle on kerrottu ennakollisesta lastensuojeluilmoituksesta"
              },
              {
                "lang": "sv",
                "value": "Den andra föräldern har fått information om den föregripande barnskyddsanmälan"
              }
            ],
            "description": [
              {
                "lang": "fi",
                "value": "Kenttään kirjataan \"kyllä\", jos tulevalle toiselle vanhemmalle on kerrottu ennakollisen lastensuojeluilmoituksen tekemisestä. Kenttään kirjataan \"ei\", jos tulevalle toiselle vanhemmalle ei ole kerrottu tai jos toinen vanhempi ei ole tiedossa."
              },
              {
                "lang": "sv",
                "value": "I fältet antecknas \"ja\" om den andra föräldern har fått information om att en föregripande barnskyddsanmälan har gjorts. I fältet antecknas \"nej\" om den blivande andra föräldern inte har informerats eller om den andra föräldern inte är känd."
              }
            ],
            "representation": [
              {
                "lang": "fi",
                "value": "Kytkin"
              },
              {
                "lang": "sv",
                "value": "Brytare"
              }
            ],
            "repeatable": false,
            "required": true,
            "conditionalRequired": false,
            "nationwideRecordedInformation": false,
            "hiddenField": false,
            "hiddenTitle": false,
            "rowNumber": 43
          }
        },
        "lisatiedot_tuleville_vanhemmille_kertomisesta": {
          "type": "string",
          "sosmeta": {
            "name": [
              {
                "lang": "fi",
                "value": "Lisätiedot tuleville vanhemmille kertomisesta"
              },
              {
                "lang": "sv",
                "value": "Tilläggsuppgifter om information till de blivande föräldrarna"
              }
            ],
            "description": [
              {
                "lang": "fi",
                "value": "Kenttään kirjataan lisätietoja erityisesti niissä tilanteissa, joissa tuleville vanhemmille ei ole kerrottu ennakollisesta lastensuojeluilmoituksesta (mukaan lukien syyt miksi ilmoituksesta ei ole kerrottu)."
              },
              {
                "lang": "sv",
                "value": "I fältet antecknas tilläggsuppgifter särskilt i situationer där de blivande föräldrarna inte har informerats om en föregripande barnskyddsanmälan (inklusive orsakerna till att information om anmälan inte har getts)."
              }
            ],
            "representation": [
              {
                "lang": "fi",
                "value": "Teksti"
              },
              {
                "lang": "sv",
                "value": "Text"
              }
            ],
            "repeatable": false,
            "required": false,
            "conditionalRequired": false,
            "nationwideRecordedInformation": false,
            "hiddenField": false,
            "hiddenTitle": false,
            "rowNumber": 44
          }
        },
        "lisatiedot": {
          "type": "string",
          "sosmeta": {
            "name": [
              {
                "lang": "fi",
                "value": "Lisätiedot"
              },
              {
                "lang": "sv",
                "value": "Mer information"
              }
            ],
            "representation": [
              {
                "lang": "fi",
                "value": "Teksti"
              },
              {
                "lang": "sv",
                "value": "Text"
              }
            ],
            "repeatable": false,
            "required": false,
            "conditionalRequired": false,
            "nationwideRecordedInformation": false,
            "hiddenField": false,
            "hiddenTitle": false,
            "rowNumber": 45
          }
        },
        "lakiselostus": {
          "type": "string",
          "sosmeta": {
            "name": [
              {
                "lang": "fi",
                "value": "Lakiselostus"
              },
              {
                "lang": "sv",
                "value": "Lagförklaring"
              }
            ],
            "implementationNote": [
              {
                "lang": "fi",
                "value": "Kenttää ei ole tarkoitettu ilmoittajan täytettäväksi. Esim. asiointipalvelussa kentässä voidaan näyttää automaattiteksti. THL ei laadi kentässä näytettäviä tekstejä."
              },
              {
                "lang": "sv",
                "value": "Kenttää ei ole tarkoitettu ilmoittajan täytettäväksi. Esim. asiointipalvelussa kentässä voidaan näyttää automaattiteksti. THL ei laadi kentässä näytettäviä tekstejä."
              }
            ],
            "representation": [
              {
                "lang": "fi",
                "value": "Teksti"
              },
              {
                "lang": "sv",
                "value": "Text"
              }
            ],
            "repeatable": false,
            "required": false,
            "conditionalRequired": false,
            "nationwideRecordedInformation": false,
            "hiddenField": false,
            "hiddenTitle": false,
            "rowNumber": 46
          }
        },
        "laatija": {
          "type": "object",
          "additionalProperties": false,
          "sosmeta": {
            "name": [
              {
                "lang": "fi",
                "value": "Laatija"
              },
              {
                "lang": "sv",
                "value": "Upprättare"
              }
            ],
            "description": [
              {
                "lang": "fi",
                "value": "Kenttään kirjataan laatijan tiedot siinä tapauksessa, että kyseessä on suullisesti vastaanotettu tai esimerkiksi paperiselle lomakkeelle laadittu ennakollinen lastensuojeluilmoitus. Laatijana on sosiaalihuollossa työskentelevä ammattihenkilö, joka kirjaa tiedot järjestelmään."
              },
              {
                "lang": "sv",
                "value": "I fältet antecknas upprättarens uppgifter när det är frågan om en föregripande barnskyddsanmälan som har tagits emot muntligt eller som till exempel har upprättats på en pappersblankett. Upprättaren är en yrkesutbildad person som arbetar inom socialvården och som antecknar uppgifterna i systemet."
              }
            ],
            "repeatable": false,
            "required": false,
            "conditionalRequired": false,
            "nationwideRecordedInformation": false,
            "hiddenField": false,
            "hiddenTitle": false,
            "rowNumber": 47
          },
          "required": [
            "sukunimi",
            "etunimet"
          ],
          "properties": {
            "sukunimi": {
              "type": "string",
              "minLength": 1,
              "sosmeta": {
                "name": [
                  {
                    "lang": "fi",
                    "value": "Sukunimi"
                  },
                  {
                    "lang": "sv",
                    "value": "Efternamn"
                  }
                ],
                "description": [
                  {
                    "lang": "fi",
                    "value": "-"
                  },
                  {
                    "lang": "sv",
                    "value": "-"
                  }
                ],
                "representation": [
                  {
                    "lang": "fi",
                    "value": "Nimi"
                  },
                  {
                    "lang": "sv",
                    "value": "Namn"
                  }
                ],
                "repeatable": false,
                "required": true,
                "conditionalRequired": false,
                "nationwideRecordedInformation": false,
                "hiddenField": false,
                "hiddenTitle": false,
                "rowNumber": 48
              }
            },
            "etunimet": {
              "type": "string",
              "minLength": 1,
              "sosmeta": {
                "name": [
                  {
                    "lang": "fi",
                    "value": "Etunimet"
                  },
                  {
                    "lang": "sv",
                    "value": "Samtliga förnamn"
                  }
                ],
                "description": [
                  {
                    "lang": "fi",
                    "value": "-"
                  },
                  {
                    "lang": "sv",
                    "value": "-"
                  }
                ],
                "representation": [
                  {
                    "lang": "fi",
                    "value": "Nimi"
                  },
                  {
                    "lang": "sv",
                    "value": "Namn"
                  }
                ],
                "repeatable": false,
                "required": true,
                "conditionalRequired": false,
                "nationwideRecordedInformation": false,
                "hiddenField": false,
                "hiddenTitle": false,
                "rowNumber": 49
              }
            },
            "tehtavanimike": {
              "type": "string",
              "sosmeta": {
                "name": [
                  {
                    "lang": "fi",
                    "value": "Tehtävänimike"
                  },
                  {
                    "lang": "sv",
                    "value": "Uppgiftsbeteckning"
                  }
                ],
                "description": [
                  {
                    "lang": "fi",
                    "value": "Kenttään kirjataan ammattihenkilön työtehtävän yksilöivä nimike. Koulutuksesta ja kelpoisuudesta sosiaalihuollon ammatillisiin tehtäviin säädetään lainsäädännössä."
                  },
                  {
                    "lang": "sv",
                    "value": "I fältet antecknas en beteckning som preciserar den yrkesutbildade personens arbetsuppgift. I lagstiftningen finns bestämmelser om utbildning och behörighet för yrkesuppgifter inom socialvården."
                  }
                ],
                "example": [
                  {
                    "lang": "fi",
                    "value": "-"
                  },
                  {
                    "lang": "sv",
                    "value": "-"
                  }
                ],
                "representation": [
                  {
                    "lang": "fi",
                    "value": "Teksti"
                  },
                  {
                    "lang": "sv",
                    "value": "Text"
                  }
                ],
                "repeatable": false,
                "required": false,
                "conditionalRequired": false,
                "nationwideRecordedInformation": false,
                "hiddenField": false,
                "hiddenTitle": false,
                "rowNumber": 50
              }
            },
            "palveluyksikko": {
              "type": "object",
              "additionalProperties": false,
              "sosmeta": {
                "name": [
                  {
                    "lang": "fi",
                    "value": "Palveluyksikkö"
                  },
                  {
                    "lang": "sv",
                    "value": "Serviceenhet"
                  }
                ],
                "description": [
                  {
                    "lang": "fi",
                    "value": "Kenttään kirjataan palveluyksikön nimi SOTE-organisaatiorekisterin avulla."
                  },
                  {
                    "lang": "sv",
                    "value": "I fältet antecknas namnet på serviceenheten enligt Organisationsregistret för social- och hälsovården."
                  }
                ],
                "example": [
                  {
                    "lang": "fi",
                    "value": "1.2.246.10.1012636.10.1.1.100768 \u003d Espoon keskuksen lastensuojelu, Espoon kaupunki, sosiaali- ja terveystoimi"
                  },
                  {
                    "lang": "sv",
                    "value": "1.2.246.10.1012636.10.1.1.100768 \u003d Esbo centrums barnskydd, Esbo stad, social- och hälsovårdssektorn"
                  }
                ],
                "classification": [
                  {
                    "lang": "fi",
                    "value": "Koodistopalvelin: THL - SOTE-organisaatiorekisteri 1.2.246.537.6.202"
                  },
                  {
                    "lang": "sv",
                    "value": "Kodtjänsten: THL - SOTE-organisationsregister 1.2.246.537.6.202"
                  }
                ],
                "classificationLink": [
                  {
                    "lang": "",
                    "value": "https://koodistopalvelu.kanta.fi/codeserver/pages/classification-view-page.xhtml?classificationKey\u003d421\u0026versionKey\u003d501"
                  }
                ],
                "classificationOid": [
                  {
                    "lang": "",
                    "value": "1.2.246.537.6.202"
                  }
                ],
                "representation": [
                  {
                    "lang": "fi",
                    "value": "Koodi"
                  },
                  {
                    "lang": "sv",
                    "value": "Kod"
                  }
                ],
                "repeatable": false,
                "required": false,
                "conditionalRequired": false,
                "nationwideRecordedInformation": false,
                "hiddenField": false,
                "hiddenTitle": false,
                "rowNumber": 51
              },
              "required": [
                "system",
                "code",
                "display"
              ],
              "properties": {
                "system": {
                  "type": "string",
                  "pattern": "^urn:oid:1\\.2\\.246\\.537\\.6\\.202(\\.\\d+)*$"
                },
                "code": {
                  "type": "string"
                },
                "display": {
                  "type": "string"
                }
              }
            }
          }
        }
      }
    }
  }
}