{
  "$schema": "http://json-schema.org/draft-07/schema#",
  "title": "\u0027Täydentävän tai ehkäisevän toimeentulotuen hakemus\u0027 JSON schema",
  "type": "object",
  "additionalProperties": false,
  "sosmeta": {
    "title": "\u0027Täydentävän tai ehkäisevän toimeentulotuen hakemus\u0027 JSON schema",
    "status": "Valmis",
    "documentDefinitionVersion": "2022-01-11",
    "dataComponentLibraryVersion": "2022-01-10R2",
    "oid": "1.2.246.537.6.1506.3012.2022.1.11",
    "documentType": "Hakemus",
    "documentAuthor": "asiakas/asiakkaan edustaja/ammattihenkilö",
    "documentSubject": "Täydentävän ja ehkäisevän toimeentulotuen asiakasasiakirjat"
  },
  "required": [
    "taydentavan_tai_ehkaisevan_toimeentulotuen_hakemus"
  ],
  "properties": {
    "taydentavan_tai_ehkaisevan_toimeentulotuen_hakemus": {
      "type": "object",
      "additionalProperties": false,
      "sosmeta": {
        "name": [
          {
            "lang": "fi",
            "value": "Täydentävän tai ehkäisevän toimeentulotuen hakemus"
          },
          {
            "lang": "sv",
            "value": "Ansökan om kompletterande eller förebyggande utkomststöd"
          }
        ]
      },
      "required": [
        "asiakas",
        "tuen_tarkoitus_ja_perustelut",
        "hakijalla_on_voimassa_oleva_kelan_paatos_perustoimeentulotuesta"
      ],
      "properties": {
        "asiakas": {
          "type": "array",
          "minItems": 1,
          "items": {
            "type": "object",
            "additionalProperties": false,
            "sosmeta": {
              "name": [
                {
                  "lang": "fi",
                  "value": "Asiakas"
                },
                {
                  "lang": "sv",
                  "value": "Klient"
                }
              ],
              "title": [
                {
                  "lang": "fi",
                  "value": "Hakija"
                },
                {
                  "lang": "sv",
                  "value": "Sökande"
                }
              ],
              "description": [
                {
                  "lang": "fi",
                  "value": "Hakijoiksi kirjataan henkilöt, joille toimeentulotukea haetaan. Asiakirja näkyy kaikkien niiden henkilöiden Omakannassa, jotka on kirjattu asiakkaiksi/hakijoiksi. Toimeentulotuesta annetun lain 3 §:n mukaan toimeentulotukea myönnettäessä kaikkia perheenjäseniä pidetään toimeentulotuen saajina, ja toimeentulotuen katsotaan jakautuvan sen saajien kesken kullekin yhtä suurena osuutena, jolleivät olosuhteet muuta osoita."
                },
                {
                  "lang": "sv",
                  "value": "Som sökanden antecknas de personer, för vilka utkomststöd söks. Handlingen visas på Mina Kanta-sidorna för alla de personer, som har registrerats som klienter/sökande. Enligt 3 § i lagen om utkomststöd betraktas alla familjemedlemmar som mottagare då utkomststöd beviljas, och utkomststödet anses fördelat mellan mottagarna i lika stora delar till var och en, om inte omständigheterna visar annat."
                }
              ],
              "repeatable": true,
              "required": true,
              "conditionalRequired": false,
              "nationwideRecordedInformation": false,
              "hiddenField": false,
              "hiddenTitle": false,
              "rowNumber": 1
            },
            "required": [
              "sukunimi",
              "etunimet"
            ],
            "properties": {
              "sukunimi": {
                "type": "string",
                "minLength": 1,
                "sosmeta": {
                  "name": [
                    {
                      "lang": "fi",
                      "value": "Sukunimi"
                    },
                    {
                      "lang": "sv",
                      "value": "Efternamn"
                    }
                  ],
                  "description": [
                    {
                      "lang": "fi",
                      "value": "-"
                    },
                    {
                      "lang": "sv",
                      "value": "-"
                    }
                  ],
                  "representation": [
                    {
                      "lang": "fi",
                      "value": "Nimi"
                    },
                    {
                      "lang": "sv",
                      "value": "Namn"
                    }
                  ],
                  "repeatable": false,
                  "required": true,
                  "conditionalRequired": false,
                  "nationwideRecordedInformation": false,
                  "hiddenField": false,
                  "hiddenTitle": false,
                  "rowNumber": 2
                }
              },
              "etunimet": {
                "type": "string",
                "minLength": 1,
                "sosmeta": {
                  "name": [
                    {
                      "lang": "fi",
                      "value": "Etunimet"
                    },
                    {
                      "lang": "sv",
                      "value": "Samtliga förnamn"
                    }
                  ],
                  "description": [
                    {
                      "lang": "fi",
                      "value": "-"
                    },
                    {
                      "lang": "sv",
                      "value": "-"
                    }
                  ],
                  "representation": [
                    {
                      "lang": "fi",
                      "value": "Nimi"
                    },
                    {
                      "lang": "sv",
                      "value": "Namn"
                    }
                  ],
                  "repeatable": false,
                  "required": true,
                  "conditionalRequired": false,
                  "nationwideRecordedInformation": false,
                  "hiddenField": false,
                  "hiddenTitle": false,
                  "rowNumber": 3
                }
              },
              "henkilotunnus": {
                "type": "object",
                "additionalProperties": false,
                "sosmeta": {
                  "name": [
                    {
                      "lang": "fi",
                      "value": "Henkilötunnus"
                    },
                    {
                      "lang": "sv",
                      "value": "Personbeteckning"
                    }
                  ],
                  "description": [
                    {
                      "lang": "fi",
                      "value": "-"
                    },
                    {
                      "lang": "sv",
                      "value": "-"
                    }
                  ],
                  "implementationNote": [
                    {
                      "lang": "fi",
                      "value": "Ehdollisesti pakollinen: Henkilötunnus- ja Tilapäinen yksilöintitunnus -kentistä toinen on pakollinen."
                    },
                    {
                      "lang": "sv",
                      "value": "Ehdollisesti pakollinen: Henkilötunnus- ja Tilapäinen yksilöintitunnus -kentistä toinen on pakollinen."
                    }
                  ],
                  "representation": [
                    {
                      "lang": "fi",
                      "value": "Tunnus"
                    },
                    {
                      "lang": "sv",
                      "value": "Identifierare"
                    }
                  ],
                  "systemUri": [
                    {
                      "lang": "",
                      "value": "urn:oid:1.2.246.21"
                    }
                  ],
                  "repeatable": false,
                  "required": false,
                  "conditionalRequired": true,
                  "nationwideRecordedInformation": false,
                  "hiddenField": false,
                  "hiddenTitle": false,
                  "rowNumber": 4
                },
                "required": [
                  "value"
                ],
                "properties": {
                  "system": {
                    "type": "string"
                  },
                  "value": {
                    "type": "string"
                  }
                }
              },
              "tilapainen_yksilointitunnus": {
                "type": "object",
                "additionalProperties": false,
                "sosmeta": {
                  "name": [
                    {
                      "lang": "fi",
                      "value": "Tilapäinen yksilöintitunnus"
                    },
                    {
                      "lang": "sv",
                      "value": "Temporär identifikationskod"
                    }
                  ],
                  "description": [
                    {
                      "lang": "fi",
                      "value": "Kenttään kirjataan henkilön tilapäiseen yksilöintiin annettu tunnus."
                    },
                    {
                      "lang": "sv",
                      "value": "I fältet antecknas identifikationskoden som getts personen för tillfällig identifiering."
                    }
                  ],
                  "example": [
                    {
                      "lang": "fi",
                      "value": "112233-445a"
                    },
                    {
                      "lang": "sv",
                      "value": "112233-445a"
                    }
                  ],
                  "implementationNote": [
                    {
                      "lang": "fi",
                      "value": "Ehdollisesti pakollinen: Henkilötunnus- ja Tilapäinen yksilöintitunnus -kentistä toinen on pakollinen."
                    },
                    {
                      "lang": "sv",
                      "value": "Ehdollisesti pakollinen: Henkilötunnus- ja Tilapäinen yksilöintitunnus -kentistä toinen on pakollinen."
                    }
                  ],
                  "representation": [
                    {
                      "lang": "fi",
                      "value": "Tunnus"
                    },
                    {
                      "lang": "sv",
                      "value": "Identifierare"
                    }
                  ],
                  "repeatable": false,
                  "required": false,
                  "conditionalRequired": true,
                  "nationwideRecordedInformation": false,
                  "hiddenField": false,
                  "hiddenTitle": false,
                  "rowNumber": 5
                },
                "required": [
                  "value"
                ],
                "properties": {
                  "system": {
                    "type": "string"
                  },
                  "value": {
                    "type": "string"
                  }
                }
              },
              "tulkkaustiedot": {
                "type": "object",
                "additionalProperties": false,
                "sosmeta": {
                  "name": [
                    {
                      "lang": "fi",
                      "value": "Tulkkaustiedot"
                    },
                    {
                      "lang": "sv",
                      "value": "Tolkningsinformation"
                    }
                  ],
                  "description": [
                    {
                      "lang": "fi",
                      "value": "Tähän kirjataan henkilön tulkkauksen tarpeeseen liittyvät tiedot."
                    },
                    {
                      "lang": "sv",
                      "value": "Här antecknas uppgifter om personens behov av tolkning."
                    }
                  ],
                  "repeatable": false,
                  "required": false,
                  "conditionalRequired": false,
                  "nationwideRecordedInformation": false,
                  "hiddenField": false,
                  "hiddenTitle": false,
                  "rowNumber": 6
                },
                "required": [],
                "properties": {
                  "tulkkauksen_tarve": {
                    "type": "boolean",
                    "sosmeta": {
                      "name": [
                        {
                          "lang": "fi",
                          "value": "Tulkkauksen tarve"
                        },
                        {
                          "lang": "sv",
                          "value": "Behov av tolkning"
                        }
                      ],
                      "description": [
                        {
                          "lang": "fi",
                          "value": "Kenttään kirjataan onko tulkkaukselle tarvetta."
                        },
                        {
                          "lang": "sv",
                          "value": "I fältet antecknas om tolkning behövs."
                        }
                      ],
                      "representation": [
                        {
                          "lang": "fi",
                          "value": "Kytkin"
                        },
                        {
                          "lang": "sv",
                          "value": "Brytare"
                        }
                      ],
                      "repeatable": false,
                      "required": false,
                      "conditionalRequired": false,
                      "nationwideRecordedInformation": false,
                      "hiddenField": false,
                      "hiddenTitle": false,
                      "rowNumber": 7
                    }
                  },
                  "tulkkauskieli": {
                    "type": "array",
                    "minItems": 0,
                    "items": {
                      "type": "object",
                      "additionalProperties": false,
                      "sosmeta": {
                        "name": [
                          {
                            "lang": "fi",
                            "value": "Tulkkauskieli"
                          },
                          {
                            "lang": "sv",
                            "value": "Tolkningsspråk"
                          }
                        ],
                        "description": [
                          {
                            "lang": "fi",
                            "value": "Kenttään kirjataan kieli, jonka tulkkauksesta on kyse."
                          },
                          {
                            "lang": "sv",
                            "value": "I fältet antecknas språket som tolkningen gäller."
                          }
                        ],
                        "example": [
                          {
                            "lang": "fi",
                            "value": "FR \u003d ranska"
                          },
                          {
                            "lang": "sv",
                            "value": "FR \u003d franska"
                          }
                        ],
                        "classification": [
                          {
                            "lang": "fi",
                            "value": "Koodistopalvelin: SFS - Kielikoodisto 1.2.246.537.5.40175"
                          },
                          {
                            "lang": "sv",
                            "value": "Kodtjänsten: SFS - Kodsystem för språk 1.2.246.537.5.40175"
                          }
                        ],
                        "classificationLink": [
                          {
                            "lang": "",
                            "value": "https://koodistopalvelu.kanta.fi/codeserver/pages/classification-view-page.xhtml?classificationKey\u003d312\u0026versionKey\u003d389"
                          }
                        ],
                        "classificationOid": [
                          {
                            "lang": "",
                            "value": "1.2.246.537.5.40175"
                          }
                        ],
                        "representation": [
                          {
                            "lang": "fi",
                            "value": "Koodi"
                          },
                          {
                            "lang": "sv",
                            "value": "Kod"
                          }
                        ],
                        "repeatable": true,
                        "required": false,
                        "conditionalRequired": false,
                        "nationwideRecordedInformation": false,
                        "hiddenField": false,
                        "hiddenTitle": false,
                        "rowNumber": 8
                      },
                      "required": [
                        "system",
                        "code",
                        "display"
                      ],
                      "properties": {
                        "system": {
                          "type": "string",
                          "pattern": "^urn:oid:1\\.2\\.246\\.537\\.5\\.40175(\\.\\d+)*$"
                        },
                        "code": {
                          "type": "string"
                        },
                        "display": {
                          "type": "string"
                        }
                      }
                    }
                  }
                }
              },
              "yhteystiedot": {
                "type": "object",
                "additionalProperties": false,
                "sosmeta": {
                  "name": [
                    {
                      "lang": "fi",
                      "value": "Yhteystiedot"
                    },
                    {
                      "lang": "sv",
                      "value": "Kontaktuppgifter"
                    }
                  ],
                  "description": [
                    {
                      "lang": "fi",
                      "value": "-"
                    },
                    {
                      "lang": "sv",
                      "value": "-"
                    }
                  ],
                  "repeatable": false,
                  "required": false,
                  "conditionalRequired": false,
                  "nationwideRecordedInformation": false,
                  "hiddenField": false,
                  "hiddenTitle": false,
                  "rowNumber": 9
                },
                "required": [],
                "properties": {
                  "osoite": {
                    "type": "array",
                    "minItems": 0,
                    "items": {
                      "type": "object",
                      "additionalProperties": false,
                      "sosmeta": {
                        "name": [
                          {
                            "lang": "fi",
                            "value": "Osoite"
                          },
                          {
                            "lang": "sv",
                            "value": "Adress"
                          }
                        ],
                        "description": [
                          {
                            "lang": "fi",
                            "value": "-"
                          },
                          {
                            "lang": "sv",
                            "value": "-"
                          }
                        ],
                        "repeatable": true,
                        "required": false,
                        "conditionalRequired": false,
                        "nationwideRecordedInformation": false,
                        "hiddenField": false,
                        "hiddenTitle": false,
                        "rowNumber": 10
                      },
                      "required": [],
                      "properties": {
                        "lahiosoite": {
                          "type": "string",
                          "sosmeta": {
                            "name": [
                              {
                                "lang": "fi",
                                "value": "Lähiosoite"
                              },
                              {
                                "lang": "sv",
                                "value": "Näradress"
                              }
                            ],
                            "description": [
                              {
                                "lang": "fi",
                                "value": "-"
                              },
                              {
                                "lang": "sv",
                                "value": "-"
                              }
                            ],
                            "example": [
                              {
                                "lang": "fi",
                                "value": "-"
                              },
                              {
                                "lang": "sv",
                                "value": "-"
                              }
                            ],
                            "representation": [
                              {
                                "lang": "fi",
                                "value": "Teksti"
                              },
                              {
                                "lang": "sv",
                                "value": "Text"
                              }
                            ],
                            "repeatable": false,
                            "required": false,
                            "conditionalRequired": false,
                            "nationwideRecordedInformation": false,
                            "hiddenField": false,
                            "hiddenTitle": false,
                            "rowNumber": 11
                          }
                        },
                        "postinumero": {
                          "type": "string",
                          "sosmeta": {
                            "name": [
                              {
                                "lang": "fi",
                                "value": "Postinumero"
                              },
                              {
                                "lang": "sv",
                                "value": "Postnummer"
                              }
                            ],
                            "description": [
                              {
                                "lang": "fi",
                                "value": "-"
                              },
                              {
                                "lang": "sv",
                                "value": "-"
                              }
                            ],
                            "example": [
                              {
                                "lang": "fi",
                                "value": "-"
                              },
                              {
                                "lang": "sv",
                                "value": "-"
                              }
                            ],
                            "representation": [
                              {
                                "lang": "fi",
                                "value": "Teksti"
                              },
                              {
                                "lang": "sv",
                                "value": "Text"
                              }
                            ],
                            "repeatable": false,
                            "required": false,
                            "conditionalRequired": false,
                            "nationwideRecordedInformation": false,
                            "hiddenField": false,
                            "hiddenTitle": false,
                            "rowNumber": 12
                          }
                        },
                        "postitoimipaikka": {
                          "type": "string",
                          "sosmeta": {
                            "name": [
                              {
                                "lang": "fi",
                                "value": "Postitoimipaikka"
                              },
                              {
                                "lang": "sv",
                                "value": "Postkontor"
                              }
                            ],
                            "description": [
                              {
                                "lang": "fi",
                                "value": "-"
                              },
                              {
                                "lang": "sv",
                                "value": "-"
                              }
                            ],
                            "example": [
                              {
                                "lang": "fi",
                                "value": "-"
                              },
                              {
                                "lang": "sv",
                                "value": "-"
                              }
                            ],
                            "representation": [
                              {
                                "lang": "fi",
                                "value": "Nimi"
                              },
                              {
                                "lang": "sv",
                                "value": "Namn"
                              }
                            ],
                            "repeatable": false,
                            "required": false,
                            "conditionalRequired": false,
                            "nationwideRecordedInformation": false,
                            "hiddenField": false,
                            "hiddenTitle": false,
                            "rowNumber": 13
                          }
                        }
                      }
                    }
                  },
                  "puhelinnumero": {
                    "type": "string",
                    "sosmeta": {
                      "name": [
                        {
                          "lang": "fi",
                          "value": "Puhelinnumero"
                        },
                        {
                          "lang": "sv",
                          "value": "Telefonnummer"
                        }
                      ],
                      "description": [
                        {
                          "lang": "fi",
                          "value": "-"
                        },
                        {
                          "lang": "sv",
                          "value": "-"
                        }
                      ],
                      "representation": [
                        {
                          "lang": "fi",
                          "value": "Teksti"
                        },
                        {
                          "lang": "sv",
                          "value": "Text"
                        }
                      ],
                      "repeatable": false,
                      "required": false,
                      "conditionalRequired": false,
                      "nationwideRecordedInformation": false,
                      "hiddenField": false,
                      "hiddenTitle": false,
                      "rowNumber": 14
                    }
                  },
                  "pankkiyhteys": {
                    "type": "array",
                    "minItems": 0,
                    "items": {
                      "type": "object",
                      "additionalProperties": false,
                      "sosmeta": {
                        "name": [
                          {
                            "lang": "fi",
                            "value": "Pankkiyhteys"
                          },
                          {
                            "lang": "sv",
                            "value": "Bankförbindelse"
                          }
                        ],
                        "description": [
                          {
                            "lang": "fi",
                            "value": "-"
                          },
                          {
                            "lang": "sv",
                            "value": "-"
                          }
                        ],
                        "example": [
                          {
                            "lang": "fi",
                            "value": "500001-10123456"
                          },
                          {
                            "lang": "sv",
                            "value": "500001-10123456"
                          }
                        ],
                        "repeatable": true,
                        "required": false,
                        "conditionalRequired": false,
                        "nationwideRecordedInformation": false,
                        "hiddenField": false,
                        "hiddenTitle": false,
                        "rowNumber": 15
                      },
                      "required": [],
                      "properties": {
                        "bic": {
                          "type": "object",
                          "additionalProperties": false,
                          "sosmeta": {
                            "name": [
                              {
                                "lang": "fi",
                                "value": "BIC"
                              },
                              {
                                "lang": "sv",
                                "value": "BIC"
                              }
                            ],
                            "description": [
                              {
                                "lang": "fi",
                                "value": "Kenttään kirjataan BIC-koodi, joka on pankin koodi jonka avulla pankki tunnistetaan maksujärjestelmässä. BICin pituus on joko 8 tai 11 merkkiä, joista kuusi ensimmäistä merkkiä on aina kirjaimia ja loput kirjaimia tai numeroita."
                              },
                              {
                                "lang": "sv",
                                "value": "I fältet antecknas BIC-koden. En banks BIC-kod är den kod, med hjälp av vilken banken identifieras i betalningssystemet. BIC-kodens längd är antingen 8 eller 11 tecken, av vilka de sex första tecknen alltid är bokstäver och de återstående tecknen är bokstäver eller siffror."
                              }
                            ],
                            "example": [
                              {
                                "lang": "fi",
                                "value": "KOJLOF12"
                              },
                              {
                                "lang": "sv",
                                "value": "KOJLOF12"
                              }
                            ],
                            "representation": [
                              {
                                "lang": "fi",
                                "value": "Tunnus"
                              },
                              {
                                "lang": "sv",
                                "value": "Identifierare"
                              }
                            ],
                            "repeatable": false,
                            "required": false,
                            "conditionalRequired": false,
                            "nationwideRecordedInformation": false,
                            "hiddenField": false,
                            "hiddenTitle": false,
                            "rowNumber": 16
                          },
                          "required": [
                            "value"
                          ],
                          "properties": {
                            "system": {
                              "type": "string"
                            },
                            "value": {
                              "type": "string"
                            }
                          }
                        },
                        "iban": {
                          "type": "object",
                          "additionalProperties": false,
                          "sosmeta": {
                            "name": [
                              {
                                "lang": "fi",
                                "value": "IBAN"
                              },
                              {
                                "lang": "sv",
                                "value": "IBAN"
                              }
                            ],
                            "description": [
                              {
                                "lang": "fi",
                                "value": "Kenttään kirjataan IBAN-tilinumero eli kansainvälinen tilinumero, joka alkaa kaksikirjaimisella maatunnuksella ja jonka pituus vaihtelee maittain."
                              },
                              {
                                "lang": "sv",
                                "value": "I fältet antecknas IBAN-kontonumret, dvs. det internationella kontonumret, som inleds med en landskod på två bokstäver och vars längd varierar enligt land."
                              }
                            ],
                            "example": [
                              {
                                "lang": "fi",
                                "value": "FI1254752023"
                              },
                              {
                                "lang": "sv",
                                "value": "FI1254752023"
                              }
                            ],
                            "representation": [
                              {
                                "lang": "fi",
                                "value": "Tunnus"
                              },
                              {
                                "lang": "sv",
                                "value": "Identifierare"
                              }
                            ],
                            "repeatable": false,
                            "required": false,
                            "conditionalRequired": false,
                            "nationwideRecordedInformation": false,
                            "hiddenField": false,
                            "hiddenTitle": false,
                            "rowNumber": 17
                          },
                          "required": [
                            "value"
                          ],
                          "properties": {
                            "system": {
                              "type": "string"
                            },
                            "value": {
                              "type": "string"
                            }
                          }
                        }
                      }
                    }
                  }
                }
              }
            }
          }
        },
        "tuen_tarkoitus_ja_perustelut": {
          "type": "string",
          "minLength": 1,
          "sosmeta": {
            "name": [
              {
                "lang": "fi",
                "value": "Tuen tarkoitus ja perustelut"
              },
              {
                "lang": "sv",
                "value": "Stödets syfte och motiveringar"
              }
            ],
            "title": [
              {
                "lang": "fi",
                "value": "Mihin tarkoitukseen ja millä perusteella täydentävää tai ehkäisevää toimeentulotukea haetaan"
              },
              {
                "lang": "sv",
                "value": "I vilket syfte och på vilka grunder ansöks om kompletterande eller förebyggande utkomststöd"
              }
            ],
            "description": [
              {
                "lang": "fi",
                "value": "Kenttään perustellaan täydentävän tai ehkäisevän toimeentulotuen tarvetta. Kenttään voidaan kuvata hakijan tilannetta ja avun tarvetta."
              },
              {
                "lang": "sv",
                "value": "I fältet motiveras behovet av kompletterande och förebyggande utkomststöd. I fältet kan man beskriva sökandes situation och hjälpbehov."
              }
            ],
            "representation": [
              {
                "lang": "fi",
                "value": "Teksti"
              },
              {
                "lang": "sv",
                "value": "Text"
              }
            ],
            "repeatable": false,
            "required": true,
            "conditionalRequired": false,
            "nationwideRecordedInformation": false,
            "hiddenField": false,
            "hiddenTitle": false,
            "rowNumber": 18
          }
        },
        "hakijalla_on_voimassa_oleva_kelan_paatos_perustoimeentulotuesta": {
          "type": "boolean",
          "sosmeta": {
            "name": [
              {
                "lang": "fi",
                "value": "Hakijalla on voimassa oleva Kelan päätös perustoimeentulotuesta"
              },
              {
                "lang": "sv",
                "value": "Sökanden har ett gällande FPA-beslut om grundläggande utkomststöd."
              }
            ],
            "description": [
              {
                "lang": "fi",
                "value": "Kenttään kirjataan \"kyllä\", jos hakijalla on voimassa oleva Kelan päätös perustoimeentulotuesta."
              },
              {
                "lang": "sv",
                "value": "I fältet antecknas ”ja”, om sökanden har ett gällande FPA-beslut om grundläggande utkomststöd."
              }
            ],
            "representation": [
              {
                "lang": "fi",
                "value": "Kytkin"
              },
              {
                "lang": "sv",
                "value": "Brytare"
              }
            ],
            "repeatable": false,
            "required": true,
            "conditionalRequired": false,
            "nationwideRecordedInformation": false,
            "hiddenField": false,
            "hiddenTitle": false,
            "rowNumber": 19
          }
        },
        "hakijalla_on_perustoimeentulotukiasia_vireilla_kelassa": {
          "type": "boolean",
          "sosmeta": {
            "name": [
              {
                "lang": "fi",
                "value": "Hakijalla on perustoimeentulotukiasia vireillä Kelassa"
              },
              {
                "lang": "sv",
                "value": "Sökanden har ett anhängigt ärende om grundläggande utkomststöd vid FPA."
              }
            ],
            "description": [
              {
                "lang": "fi",
                "value": "Kenttään kirjataan \"kyllä\", jos hakijalla on perustoimeentulotukiasia vireillä Kelassa."
              },
              {
                "lang": "sv",
                "value": "I fältet antecknas ”ja”, om sökanden har ett anhängigt ärende om grundläggande utkomststöd vid FPA."
              }
            ],
            "implementationNote": [
              {
                "lang": "fi",
                "value": "Kenttä näytetään vain, jos kenttään \"Hakijalla on voimassa oleva Kelan päätös perustoimeentulotuesta\" on vastattu \"ei\"."
              },
              {
                "lang": "sv",
                "value": "Kenttä näytetään vain, jos kenttään \"Hakijalla on voimassa oleva Kelan päätös perustoimeentulotuesta\" on vastattu \"ei\"."
              }
            ],
            "representation": [
              {
                "lang": "fi",
                "value": "Kytkin"
              },
              {
                "lang": "sv",
                "value": "Brytare"
              }
            ],
            "repeatable": false,
            "required": false,
            "conditionalRequired": false,
            "nationwideRecordedInformation": false,
            "hiddenField": false,
            "hiddenTitle": false,
            "rowNumber": 20
          }
        },
        "paatoksen_ajanjakso": {
          "type": "object",
          "additionalProperties": false,
          "sosmeta": {
            "name": [
              {
                "lang": "fi",
                "value": "Päätöksen ajanjakso"
              },
              {
                "lang": "sv",
                "value": "Tidsperiod för beslutet"
              }
            ],
            "title": [
              {
                "lang": "fi",
                "value": "Perustoimeentulotukipäätös on tehty ajalle"
              },
              {
                "lang": "sv",
                "value": "Beslut om grundläggande utkomststöd har fattats för tiden"
              }
            ],
            "description": [
              {
                "lang": "fi",
                "value": "-"
              },
              {
                "lang": "sv",
                "value": "-"
              }
            ],
            "implementationNote": [
              {
                "lang": "fi",
                "value": "Kenttä näytetään vain, jos kenttään \"Hakijalla on voimassa oleva Kelan päätös perustoimeentulotuesta\" vastataan \"kyllä\"."
              },
              {
                "lang": "sv",
                "value": "Kenttä näytetään vain, jos kenttään \"Hakijalla on voimassa oleva Kelan päätös perustoimeentulotuesta\" vastataan \"kyllä\"."
              }
            ],
            "repeatable": false,
            "required": false,
            "conditionalRequired": false,
            "nationwideRecordedInformation": false,
            "hiddenField": false,
            "hiddenTitle": false,
            "rowNumber": 21
          },
          "required": [],
          "properties": {
            "alkamispaiva": {
              "type": "string",
              "pattern": "^-?[0-9]{4}(-(0[1-9]|1[0-2])(-(0[0-9]|[1-2][0-9]|3[0-1]))?)?$",
              "sosmeta": {
                "name": [
                  {
                    "lang": "fi",
                    "value": "Alkamispäivä"
                  },
                  {
                    "lang": "sv",
                    "value": "Inledningsdatum"
                  }
                ],
                "description": [
                  {
                    "lang": "fi",
                    "value": "-"
                  },
                  {
                    "lang": "sv",
                    "value": "-"
                  }
                ],
                "example": [
                  {
                    "lang": "fi",
                    "value": "-"
                  },
                  {
                    "lang": "sv",
                    "value": "-"
                  }
                ],
                "representation": [
                  {
                    "lang": "fi",
                    "value": "Pvm"
                  },
                  {
                    "lang": "sv",
                    "value": "Datum"
                  }
                ],
                "repeatable": false,
                "required": false,
                "conditionalRequired": false,
                "nationwideRecordedInformation": false,
                "hiddenField": false,
                "hiddenTitle": false,
                "rowNumber": 22
              }
            },
            "paattymispaiva": {
              "type": "string",
              "pattern": "^-?[0-9]{4}(-(0[1-9]|1[0-2])(-(0[0-9]|[1-2][0-9]|3[0-1]))?)?$",
              "sosmeta": {
                "name": [
                  {
                    "lang": "fi",
                    "value": "Päättymispäivä"
                  },
                  {
                    "lang": "sv",
                    "value": "Avslutningsdatum"
                  }
                ],
                "description": [
                  {
                    "lang": "fi",
                    "value": "-"
                  },
                  {
                    "lang": "sv",
                    "value": "-"
                  }
                ],
                "example": [
                  {
                    "lang": "fi",
                    "value": "-"
                  },
                  {
                    "lang": "sv",
                    "value": "-"
                  }
                ],
                "representation": [
                  {
                    "lang": "fi",
                    "value": "Pvm"
                  },
                  {
                    "lang": "sv",
                    "value": "Datum"
                  }
                ],
                "repeatable": false,
                "required": false,
                "conditionalRequired": false,
                "nationwideRecordedInformation": false,
                "hiddenField": false,
                "hiddenTitle": false,
                "rowNumber": 23
              }
            }
          }
        },
        "hakija_haluaa_keskustella_henkilokohtaisesti_sosiaalihuollon_ammattilaisen_kanssa": {
          "type": "boolean",
          "sosmeta": {
            "name": [
              {
                "lang": "fi",
                "value": "Hakija haluaa keskustella henkilökohtaisesti sosiaalihuollon ammattilaisen kanssa"
              },
              {
                "lang": "sv",
                "value": "Sökanden vill diskutera personligen med en yrkesutbildad person inom socialvården"
              }
            ],
            "description": [
              {
                "lang": "fi",
                "value": "Kenttään kirjataan \"kyllä\", jos hakija haluaa keskustella henkilökohtaisesti sosiaalihuollon ammattihenkilön kanssa."
              },
              {
                "lang": "sv",
                "value": "I fältet antecknas ”ja”, om sökanden vill diskutera personligen med en yrkesutbildad person inom socialvården."
              }
            ],
            "representation": [
              {
                "lang": "fi",
                "value": "Kytkin"
              },
              {
                "lang": "sv",
                "value": "Brytare"
              }
            ],
            "repeatable": false,
            "required": false,
            "conditionalRequired": false,
            "nationwideRecordedInformation": false,
            "hiddenField": false,
            "hiddenTitle": false,
            "rowNumber": 24
          }
        },
        "asia_josta_hakija_haluaa_keskustella": {
          "type": "string",
          "sosmeta": {
            "name": [
              {
                "lang": "fi",
                "value": "Asia, josta hakija haluaa keskustella"
              },
              {
                "lang": "sv",
                "value": "Ärende, som sökanden vill diskutera"
              }
            ],
            "representation": [
              {
                "lang": "fi",
                "value": "Teksti"
              },
              {
                "lang": "sv",
                "value": "Text"
              }
            ],
            "repeatable": false,
            "required": false,
            "conditionalRequired": false,
            "nationwideRecordedInformation": false,
            "hiddenField": false,
            "hiddenTitle": false,
            "rowNumber": 25
          }
        },
        "hyvaksyn_asiakirjojen_sahkoisen_tiedoksiannon": {
          "type": "boolean",
          "sosmeta": {
            "name": [
              {
                "lang": "fi",
                "value": "Hyväksyn asiakirjojen sähköisen tiedoksiannon"
              },
              {
                "lang": "sv",
                "value": "Jag samtycker till att handlingar delges elektroniskt"
              }
            ],
            "description": [
              {
                "lang": "fi",
                "value": "Viranomainen voi toimittaa tiedoksiannettavat asiakirjat sähköisesti. Jos asiakas ei hyväksy asiakirjojen sähköistä tiedoksiantoa, asiakirjat toimitetaan asiakkaalle paperisina. Tiedoksiantotavasta riippumatta sosiaalihuollon asiakasasiakirjat näytetään asiakkaalle myös Omakannassa.\n\nLaki sähköisestä asioinnista viranomaistoiminnassa 18 § säätää, että asiakirjat, jotka lain mukaan toimitetaan postitse saantitodistusta vastaan tai muuten todisteellisesti, voidaan asianosaisen suostumuksella antaa tiedoksi myös sähköisenä viestinä. Edellä mainitun lain 19 §:n mukaan myös muut asiakirjat voidaan antaa tiedoksi asiakkaalle sähköisenä viestinä hänen suostumuksellaan."
              },
              {
                "lang": "sv",
                "value": "Myndigheten kan också sända handlingar för kännedom som ett elektroniskt meddelande. Om klienten inte godkänner elektronisk delgivning av handlingar, skickas handlingarna i pappersform till klienten. Oberoende av delgivningssättet visas klienthandlingar inom socialvården för klienten även i Mina Kanta. Enligt 18 § i lagen om elektronisk kommunikation i myndigheternas verksamhet får en handling som enligt lag ska sändas med post mot mottagningsbevis eller delges bevisligen på annat sätt med partens samtycke delges också som ett elektroniskt meddelande. Enligt 19 § i ovan nämnda lag får även andra handlingar med samtycke av den som saken gäller delges som ett elektroniskt meddelande."
              }
            ],
            "representation": [
              {
                "lang": "fi",
                "value": "Kytkin"
              },
              {
                "lang": "sv",
                "value": "Brytare"
              }
            ],
            "repeatable": false,
            "required": false,
            "conditionalRequired": false,
            "nationwideRecordedInformation": false,
            "hiddenField": false,
            "hiddenTitle": false,
            "rowNumber": 26
          }
        },
        "lisatiedot": {
          "type": "string",
          "sosmeta": {
            "name": [
              {
                "lang": "fi",
                "value": "Lisätiedot"
              },
              {
                "lang": "sv",
                "value": "Mer information"
              }
            ],
            "description": [
              {
                "lang": "fi",
                "value": "Kenttään voi kirjata esimerkiksi tiedot mahdollisesta edunvalvojasta tai turvakiellosta."
              },
              {
                "lang": "sv",
                "value": "I fältet kan man till exempel anteckna uppgifter om en eventuell intressebevakare eller spärrmarkering."
              }
            ],
            "representation": [
              {
                "lang": "fi",
                "value": "Teksti"
              },
              {
                "lang": "sv",
                "value": "Text"
              }
            ],
            "repeatable": false,
            "required": false,
            "conditionalRequired": false,
            "nationwideRecordedInformation": false,
            "hiddenField": false,
            "hiddenTitle": false,
            "rowNumber": 27
          }
        },
        "lakiselostus": {
          "type": "string",
          "sosmeta": {
            "name": [
              {
                "lang": "fi",
                "value": "Lakiselostus"
              },
              {
                "lang": "sv",
                "value": "Lagförklaring"
              }
            ],
            "description": [
              {
                "lang": "fi",
                "value": "Hakijaa on esimerkiksi informoitava tietojen tarkistusoikeudesta ja siitä, missä rekisterissä häntä koskevia tietoja säilytetään."
              },
              {
                "lang": "sv",
                "value": "Sökanden ska till exempel informeras om rätten att granska uppgifterna och om i vilket register uppgifter som rör klienten lagras."
              }
            ],
            "example": [
              {
                "lang": "fi",
                "value": "\"Vakuutan tiedot oikeiksi, sitoudun ilmoittamaan niissä tapahtuvista muutoksista sekä suostun tietojen tarkistamiseen.\""
              },
              {
                "lang": "sv",
                "value": "”Jag intygar att uppgifterna är korrekta, jag förbinder mig att meddela om ändringar i dem samt samtycker till granskning av uppgifterna.”"
              }
            ],
            "implementationNote": [
              {
                "lang": "fi",
                "value": "Kenttää ei ole tarkoitettu asiakkaan täytettäväksi. Esim. asiointipalvelussa kentässä voidaan näyttää automaattiteksti. THL ei laadi kentässä näytettäviä tekstejä."
              },
              {
                "lang": "sv",
                "value": "Kenttää ei ole tarkoitettu asiakkaan täytettäväksi. Esim. asiointipalvelussa kentässä voidaan näyttää automaattiteksti. THL ei laadi kentässä näytettäviä tekstejä."
              }
            ],
            "representation": [
              {
                "lang": "fi",
                "value": "Teksti"
              },
              {
                "lang": "sv",
                "value": "Text"
              }
            ],
            "repeatable": false,
            "required": false,
            "conditionalRequired": false,
            "nationwideRecordedInformation": false,
            "hiddenField": false,
            "hiddenTitle": false,
            "rowNumber": 28
          }
        },
        "liiteluettelo": {
          "type": "string",
          "sosmeta": {
            "name": [
              {
                "lang": "fi",
                "value": "Liiteluettelo"
              },
              {
                "lang": "sv",
                "value": "Bilageförteckning"
              }
            ],
            "representation": [
              {
                "lang": "fi",
                "value": "Teksti"
              },
              {
                "lang": "sv",
                "value": "Text"
              }
            ],
            "repeatable": false,
            "required": false,
            "conditionalRequired": false,
            "nationwideRecordedInformation": false,
            "hiddenField": false,
            "hiddenTitle": false,
            "rowNumber": 29
          }
        },
        "paivamaara": {
          "type": "string",
          "pattern": "^-?[0-9]{4}(-(0[1-9]|1[0-2])(-(0[0-9]|[1-2][0-9]|3[0-1]))?)?$",
          "sosmeta": {
            "name": [
              {
                "lang": "fi",
                "value": "Päivämäärä"
              },
              {
                "lang": "sv",
                "value": "Datum"
              }
            ],
            "description": [
              {
                "lang": "fi",
                "value": "Kenttään kirjataan hakemuksen laatimisen päivämäärä."
              },
              {
                "lang": "sv",
                "value": "I fältet antecknas datum för upprättandet av ansökan."
              }
            ],
            "representation": [
              {
                "lang": "fi",
                "value": "Pvm"
              },
              {
                "lang": "sv",
                "value": "Datum"
              }
            ],
            "repeatable": false,
            "required": false,
            "conditionalRequired": false,
            "nationwideRecordedInformation": false,
            "hiddenField": false,
            "hiddenTitle": false,
            "rowNumber": 30
          }
        },
        "laatija": {
          "type": "object",
          "additionalProperties": false,
          "sosmeta": {
            "name": [
              {
                "lang": "fi",
                "value": "Laatija"
              },
              {
                "lang": "sv",
                "value": "Upprättare"
              }
            ],
            "description": [
              {
                "lang": "fi",
                "value": "Tähän kirjataan tiedot hakemuksen laatineesta henkilöstä. Hakija on henkilö, jolle palveluja haetaan. Hakemuksen laatijana voi olla henkilön laillinen edustaja, omainen tai muu läheinen. Jos kyseessä on suullinen hakemus, laatijana on sosiaalihuollon ammattihenkilö, joka kirjaa tiedot järjestelmään.\n\nLain julkisen hallinnon tiedonhallinnasta 26 §:n mukaan viranomaiselle saapuvasta asiakirjasta on rekisteröitävä asiakirjan lähettäjä tai asiamies. Tieto kirjataan asiakirjan metatietoihin ja useimmissa tapauksissa se vastaa tähän kenttään kirjattua laatijaa."
              },
              {
                "lang": "sv",
                "value": "Här antecknas uppgifter om den person som upprättar ansökan. Sökanden är den person, för vilken servicen ansöks. Upprättaren av ansökan kan vara personens lagliga företrädare, en anhörig eller någon annan närstående. Om det är frågan om en muntlig ansökan, är upprättaren en yrkesutbildad person inom socialvården, som antecknar uppgifterna i systemet. Enligt 26 § i lagen om informationshantering inom den offentliga förvaltningen ska man för handlingar som inkommer till en myndighet registrera avsändaren eller ombudet för handlingen. Uppgiften antecknas i handlingens metadata och i de flesta fallen motsvarar den upprättare som har antecknats i det här fältet."
              }
            ],
            "repeatable": false,
            "required": false,
            "conditionalRequired": false,
            "nationwideRecordedInformation": false,
            "hiddenField": false,
            "hiddenTitle": false,
            "rowNumber": 31
          },
          "required": [
            "sukunimi",
            "etunimet"
          ],
          "properties": {
            "sukunimi": {
              "type": "string",
              "minLength": 1,
              "sosmeta": {
                "name": [
                  {
                    "lang": "fi",
                    "value": "Sukunimi"
                  },
                  {
                    "lang": "sv",
                    "value": "Efternamn"
                  }
                ],
                "description": [
                  {
                    "lang": "fi",
                    "value": "-"
                  },
                  {
                    "lang": "sv",
                    "value": "-"
                  }
                ],
                "representation": [
                  {
                    "lang": "fi",
                    "value": "Nimi"
                  },
                  {
                    "lang": "sv",
                    "value": "Namn"
                  }
                ],
                "repeatable": false,
                "required": true,
                "conditionalRequired": false,
                "nationwideRecordedInformation": false,
                "hiddenField": false,
                "hiddenTitle": false,
                "rowNumber": 32
              }
            },
            "etunimet": {
              "type": "string",
              "minLength": 1,
              "sosmeta": {
                "name": [
                  {
                    "lang": "fi",
                    "value": "Etunimet"
                  },
                  {
                    "lang": "sv",
                    "value": "Samtliga förnamn"
                  }
                ],
                "description": [
                  {
                    "lang": "fi",
                    "value": "-"
                  },
                  {
                    "lang": "sv",
                    "value": "-"
                  }
                ],
                "representation": [
                  {
                    "lang": "fi",
                    "value": "Nimi"
                  },
                  {
                    "lang": "sv",
                    "value": "Namn"
                  }
                ],
                "repeatable": false,
                "required": true,
                "conditionalRequired": false,
                "nationwideRecordedInformation": false,
                "hiddenField": false,
                "hiddenTitle": false,
                "rowNumber": 33
              }
            },
            "yhteystiedot": {
              "type": "object",
              "additionalProperties": false,
              "sosmeta": {
                "name": [
                  {
                    "lang": "fi",
                    "value": "Yhteystiedot"
                  },
                  {
                    "lang": "sv",
                    "value": "Kontaktuppgifter"
                  }
                ],
                "description": [
                  {
                    "lang": "fi",
                    "value": "-"
                  },
                  {
                    "lang": "sv",
                    "value": "-"
                  }
                ],
                "repeatable": false,
                "required": false,
                "conditionalRequired": false,
                "nationwideRecordedInformation": false,
                "hiddenField": true,
                "hiddenTitle": false,
                "rowNumber": 34
              },
              "required": [],
              "properties": {
                "puhelinnumero": {
                  "type": "string",
                  "sosmeta": {
                    "name": [
                      {
                        "lang": "fi",
                        "value": "Puhelinnumero"
                      },
                      {
                        "lang": "sv",
                        "value": "Telefonnummer"
                      }
                    ],
                    "description": [
                      {
                        "lang": "fi",
                        "value": "-"
                      },
                      {
                        "lang": "sv",
                        "value": "-"
                      }
                    ],
                    "example": [
                      {
                        "lang": "fi",
                        "value": "-"
                      },
                      {
                        "lang": "sv",
                        "value": "-"
                      }
                    ],
                    "representation": [
                      {
                        "lang": "fi",
                        "value": "Teksti"
                      },
                      {
                        "lang": "sv",
                        "value": "Text"
                      }
                    ],
                    "repeatable": false,
                    "required": false,
                    "conditionalRequired": false,
                    "nationwideRecordedInformation": false,
                    "hiddenField": false,
                    "hiddenTitle": false,
                    "rowNumber": 35
                  }
                }
              }
            },
            "kuvaus": {
              "type": "string",
              "sosmeta": {
                "name": [
                  {
                    "lang": "fi",
                    "value": "Kuvaus"
                  },
                  {
                    "lang": "sv",
                    "value": "Beskrivning"
                  }
                ],
                "description": [
                  {
                    "lang": "fi",
                    "value": "Jos hakemuksen laatija ei ole itse hakija, kenttään kuvataan mikä suhde laatijalla on asiakkaaseen."
                  },
                  {
                    "lang": "sv",
                    "value": "Om upprättaren av handlingen inte är sökanden själv, beskriver man i fältet upprättarens relation till klienten."
                  }
                ],
                "example": [
                  {
                    "lang": "fi",
                    "value": "Edunvalvoja"
                  },
                  {
                    "lang": "sv",
                    "value": "Intressebevakare"
                  }
                ],
                "representation": [
                  {
                    "lang": "fi",
                    "value": "Teksti"
                  },
                  {
                    "lang": "sv",
                    "value": "Text"
                  }
                ],
                "repeatable": false,
                "required": false,
                "conditionalRequired": false,
                "nationwideRecordedInformation": false,
                "hiddenField": false,
                "hiddenTitle": false,
                "rowNumber": 36
              }
            }
          }
        }
      }
    }
  }
}