{
  "$schema": "http://json-schema.org/draft-07/schema#",
  "title": "\u0027Lastensuojelun jälkihuollon asiakassuunnitelma\u0027 JSON schema",
  "type": "object",
  "additionalProperties": false,
  "sosmeta": {
    "title": "\u0027Lastensuojelun jälkihuollon asiakassuunnitelma\u0027 JSON schema",
    "status": "Valmis",
    "documentDefinitionVersion": "2024-11-28",
    "dataComponentLibraryVersion": "2024-11-13",
    "oid": "1.2.246.537.6.1506.15010.2024.11.28",
    "documentType": "Suunnitelma",
    "documentAuthor": "Ammattihenkilö",
    "documentSubject": "Lastensuojelun jälkihuollon asiakasasiakirjat"
  },
  "required": [
    "lastensuojelun_jalkihuollon_asiakassuunnitelma"
  ],
  "properties": {
    "lastensuojelun_jalkihuollon_asiakassuunnitelma": {
      "type": "object",
      "additionalProperties": false,
      "sosmeta": {
        "name": [
          {
            "lang": "fi",
            "value": "Lastensuojelun jälkihuollon asiakassuunnitelma"
          },
          {
            "lang": "sv",
            "value": "Klientplan för eftervård inom barnskyddet"
          }
        ]
      },
      "required": [
        "asiakas",
        "kuvaus_lapsen_tai_nuoren_tilanteesta",
        "laatija"
      ],
      "properties": {
        "asiakas": {
          "type": "array",
          "minItems": 1,
          "items": {
            "type": "object",
            "additionalProperties": false,
            "sosmeta": {
              "name": [
                {
                  "lang": "fi",
                  "value": "Asiakas"
                },
                {
                  "lang": "sv",
                  "value": "Klient"
                }
              ],
              "description": [
                {
                  "lang": "fi",
                  "value": "-"
                },
                {
                  "lang": "sv",
                  "value": "-"
                }
              ],
              "repeatable": true,
              "required": true,
              "conditionalRequired": false,
              "nationwideRecordedInformation": false,
              "hiddenField": false,
              "hiddenTitle": false,
              "rowNumber": 1
            },
            "required": [
              "sukunimi",
              "etunimet",
              "henkilotunnus"
            ],
            "properties": {
              "sukunimi": {
                "type": "string",
                "minLength": 1,
                "sosmeta": {
                  "name": [
                    {
                      "lang": "fi",
                      "value": "Sukunimi"
                    },
                    {
                      "lang": "sv",
                      "value": "Efternamn"
                    }
                  ],
                  "description": [
                    {
                      "lang": "fi",
                      "value": "-"
                    },
                    {
                      "lang": "sv",
                      "value": "-"
                    }
                  ],
                  "example": [
                    {
                      "lang": "fi",
                      "value": "-"
                    },
                    {
                      "lang": "sv",
                      "value": "-"
                    }
                  ],
                  "representation": [
                    {
                      "lang": "fi",
                      "value": "Nimi"
                    },
                    {
                      "lang": "sv",
                      "value": "Namn"
                    }
                  ],
                  "repeatable": false,
                  "required": true,
                  "conditionalRequired": false,
                  "nationwideRecordedInformation": false,
                  "hiddenField": false,
                  "hiddenTitle": false,
                  "rowNumber": 2
                }
              },
              "etunimet": {
                "type": "string",
                "minLength": 1,
                "sosmeta": {
                  "name": [
                    {
                      "lang": "fi",
                      "value": "Etunimet"
                    },
                    {
                      "lang": "sv",
                      "value": "Samtliga förnamn"
                    }
                  ],
                  "description": [
                    {
                      "lang": "fi",
                      "value": "-"
                    },
                    {
                      "lang": "sv",
                      "value": "-"
                    }
                  ],
                  "example": [
                    {
                      "lang": "fi",
                      "value": "-"
                    },
                    {
                      "lang": "sv",
                      "value": "-"
                    }
                  ],
                  "representation": [
                    {
                      "lang": "fi",
                      "value": "Nimi"
                    },
                    {
                      "lang": "sv",
                      "value": "Namn"
                    }
                  ],
                  "repeatable": false,
                  "required": true,
                  "conditionalRequired": false,
                  "nationwideRecordedInformation": false,
                  "hiddenField": false,
                  "hiddenTitle": false,
                  "rowNumber": 3
                }
              },
              "henkilotunnus": {
                "type": "object",
                "additionalProperties": false,
                "sosmeta": {
                  "name": [
                    {
                      "lang": "fi",
                      "value": "Henkilötunnus"
                    },
                    {
                      "lang": "sv",
                      "value": "Personbeteckning"
                    }
                  ],
                  "description": [
                    {
                      "lang": "fi",
                      "value": "-"
                    },
                    {
                      "lang": "sv",
                      "value": "-"
                    }
                  ],
                  "example": [
                    {
                      "lang": "fi",
                      "value": "-"
                    },
                    {
                      "lang": "sv",
                      "value": "-"
                    }
                  ],
                  "implementationNote": [
                    {
                      "lang": "fi",
                      "value": "Kenttä on pakollinen TK Yksityishenkilön määrityksestä poiketen."
                    },
                    {
                      "lang": "sv",
                      "value": "Kenttä on pakollinen TK Yksityishenkilön määrityksestä poiketen."
                    }
                  ],
                  "representation": [
                    {
                      "lang": "fi",
                      "value": "Tunnus"
                    },
                    {
                      "lang": "sv",
                      "value": "Identifierare"
                    }
                  ],
                  "systemUri": [
                    {
                      "lang": "",
                      "value": "urn:oid:1.2.246.21"
                    }
                  ],
                  "repeatable": false,
                  "required": true,
                  "conditionalRequired": false,
                  "nationwideRecordedInformation": false,
                  "hiddenField": false,
                  "hiddenTitle": false,
                  "rowNumber": 4
                },
                "required": [
                  "value"
                ],
                "properties": {
                  "system": {
                    "type": "string"
                  },
                  "value": {
                    "type": "string"
                  }
                }
              }
            }
          }
        },
        "tiedot_neuvottelusta_jossa_tama_suunnitelma_on_tehty": {
          "type": "array",
          "minItems": 0,
          "items": {
            "type": "object",
            "additionalProperties": false,
            "sosmeta": {
              "name": [
                {
                  "lang": "fi",
                  "value": "Tiedot neuvottelusta jossa tämä suunnitelma on tehty"
                },
                {
                  "lang": "sv",
                  "value": "Information om överläggning där denna plan har upprättats"
                }
              ],
              "description": [
                {
                  "lang": "fi",
                  "value": "-"
                },
                {
                  "lang": "sv",
                  "value": "-"
                }
              ],
              "implementationNote": [
                {
                  "lang": "fi",
                  "value": "Otsikko näytetään vain kerran, vaikka tietokokonaisuus toistuu."
                },
                {
                  "lang": "sv",
                  "value": "Otsikko näytetään vain kerran, vaikka tietokokonaisuus toistuu."
                }
              ],
              "repeatable": true,
              "required": false,
              "conditionalRequired": false,
              "nationwideRecordedInformation": false,
              "hiddenField": false,
              "hiddenTitle": false,
              "rowNumber": 5
            },
            "required": [],
            "properties": {
              "paivamaara": {
                "type": "string",
                "pattern": "^-?[0-9]{4}(-(0[1-9]|1[0-2])(-(0[0-9]|[1-2][0-9]|3[0-1]))?)?$",
                "sosmeta": {
                  "name": [
                    {
                      "lang": "fi",
                      "value": "Päivämäärä"
                    },
                    {
                      "lang": "sv",
                      "value": "Datum"
                    }
                  ],
                  "description": [
                    {
                      "lang": "fi",
                      "value": "Kenttään kirjataan neuvottelun päivämäärä."
                    },
                    {
                      "lang": "sv",
                      "value": "I fältet antecknas datum för överläggningen."
                    }
                  ],
                  "representation": [
                    {
                      "lang": "fi",
                      "value": "Pvm"
                    },
                    {
                      "lang": "sv",
                      "value": "Datum"
                    }
                  ],
                  "repeatable": false,
                  "required": false,
                  "conditionalRequired": false,
                  "nationwideRecordedInformation": true,
                  "hiddenField": false,
                  "hiddenTitle": false,
                  "rowNumber": 6
                }
              },
              "paikka": {
                "type": "string",
                "sosmeta": {
                  "name": [
                    {
                      "lang": "fi",
                      "value": "Paikka"
                    },
                    {
                      "lang": "sv",
                      "value": "Plats"
                    }
                  ],
                  "description": [
                    {
                      "lang": "fi",
                      "value": "Kenttään kirjataan neuvottelupaikka."
                    },
                    {
                      "lang": "sv",
                      "value": "I fältet antecknas platsen för överläggningen."
                    }
                  ],
                  "example": [
                    {
                      "lang": "fi",
                      "value": "Asiakkaan koti."
                    },
                    {
                      "lang": "sv",
                      "value": "Klientens hem."
                    }
                  ],
                  "representation": [
                    {
                      "lang": "fi",
                      "value": "Teksti"
                    },
                    {
                      "lang": "sv",
                      "value": "Text"
                    }
                  ],
                  "repeatable": false,
                  "required": false,
                  "conditionalRequired": false,
                  "nationwideRecordedInformation": false,
                  "hiddenField": false,
                  "hiddenTitle": false,
                  "rowNumber": 7
                }
              },
              "osallistujat": {
                "type": "string",
                "sosmeta": {
                  "name": [
                    {
                      "lang": "fi",
                      "value": "Osallistujat"
                    },
                    {
                      "lang": "sv",
                      "value": "Deltagare"
                    }
                  ],
                  "description": [
                    {
                      "lang": "fi",
                      "value": "Kenttään kirjataan suunnitelman laatimiseksi pidettyyn neuvotteluun osallistuneiden yksityis- ja ammattihenkilöiden tiedot. Kenttään kirjataan osallistujien nimet ja kuvataan osallistujan suhde asiakkaaseen tai rooli asiassa. Ammattihenkilöistä kirjataan organisaatio ja tehtävänimike."
                    },
                    {
                      "lang": "sv",
                      "value": "I fältet antecknas uppgifter om de privatpersoner och yrkesutbildade personer som har deltagit i överläggningen för upprättandet av planen. I fältet antecknas deltagarnas namn och deras relation till klienten eller roll i ärendet. För de yrkesutbildade personerna antecknas organisationen och befattningsbeteckningen."
                    }
                  ],
                  "representation": [
                    {
                      "lang": "fi",
                      "value": "Teksti"
                    },
                    {
                      "lang": "sv",
                      "value": "Text"
                    }
                  ],
                  "repeatable": false,
                  "required": false,
                  "conditionalRequired": false,
                  "nationwideRecordedInformation": false,
                  "hiddenField": false,
                  "hiddenTitle": false,
                  "rowNumber": 8
                }
              }
            }
          }
        },
        "vanhemmat_perheenjasenet_ja_muut_laheiset_henkilot": {
          "type": "string",
          "sosmeta": {
            "name": [
              {
                "lang": "fi",
                "value": "Vanhemmat, perheenjäsenet ja muut läheiset henkilöt"
              },
              {
                "lang": "sv",
                "value": "Föräldrar, familjemedlemmar och andra närstående personer"
              }
            ],
            "description": [
              {
                "lang": "fi",
                "value": "Kenttään kirjataan tarvittavat tiedot lapsen tai nuoren vanhemmista, perheenjäsenistä ja muista läheisistä henkilöistä (ml. sisarukset, sijaisvanhemmat tai muut lapsen tai nuoren hoidosta vastaavat henkilöt, uusperheiden kohdalla toisen perheen tiedot, sukulaiset, muu sosiaalinen verkosto, tukiperhe ja sen tukimahdollisuudet nuorelle ja perheelle sekä sijaishuoltopaikka, josta nuori/lapsi on lähtemässä pois)."
              },
              {
                "lang": "sv",
                "value": "I fältet antecknas uppgifter om barnets eller den ungas föräldrar, familjemedlemmar och andra närstående personer (inkl. syskon, fosterföräldrar eller andra personer som svarar för vården av barnet eller den unga, för ombildade familjer uppgifter om den andra familjen, släktingar, övrigt socialt nätverk, stödfamilj och dess möjligheter att stödja den unga och familjen samt den plats för vård utom hemmet, som den unga/barnet ska lämna)."
              }
            ],
            "representation": [
              {
                "lang": "fi",
                "value": "Teksti"
              },
              {
                "lang": "sv",
                "value": "Text"
              }
            ],
            "repeatable": false,
            "required": false,
            "conditionalRequired": false,
            "nationwideRecordedInformation": false,
            "hiddenField": false,
            "hiddenTitle": false,
            "rowNumber": 9
          }
        },
        "aikaisemmat_palvelut_ja_tukitoimet": {
          "type": "string",
          "sosmeta": {
            "name": [
              {
                "lang": "fi",
                "value": "Aikaisemmat palvelut ja tukitoimet"
              },
              {
                "lang": "sv",
                "value": "Tidigare service och stödåtgärder"
              }
            ],
            "title": [
              {
                "lang": "fi",
                "value": "Lapsen tai nuoren aikaisemmat palvelut ja tukitoimet"
              },
              {
                "lang": "sv",
                "value": "Tidigare service och stödåtgärder för barnet eller den unga"
              }
            ],
            "representation": [
              {
                "lang": "fi",
                "value": "Teksti"
              },
              {
                "lang": "sv",
                "value": "Text"
              }
            ],
            "repeatable": false,
            "required": false,
            "conditionalRequired": false,
            "nationwideRecordedInformation": false,
            "hiddenField": false,
            "hiddenTitle": false,
            "rowNumber": 10
          }
        },
        "nykyiset_palvelut_ja_tukitoimet": {
          "type": "string",
          "sosmeta": {
            "name": [
              {
                "lang": "fi",
                "value": "Nykyiset palvelut ja tukitoimet"
              },
              {
                "lang": "sv",
                "value": "Nuvarande service och stödåtgärder"
              }
            ],
            "title": [
              {
                "lang": "fi",
                "value": "Palvelut joita lapsi tai nuori tällä hetkellä saa"
              },
              {
                "lang": "sv",
                "value": "Service som barnet eller den unga får för närvarande"
              }
            ],
            "representation": [
              {
                "lang": "fi",
                "value": "Teksti"
              },
              {
                "lang": "sv",
                "value": "Text"
              }
            ],
            "repeatable": false,
            "required": false,
            "conditionalRequired": false,
            "nationwideRecordedInformation": false,
            "hiddenField": false,
            "hiddenTitle": false,
            "rowNumber": 11
          }
        },
        "kuvaus_lapsen_tai_nuoren_tilanteesta": {
          "type": "string",
          "minLength": 1,
          "sosmeta": {
            "name": [
              {
                "lang": "fi",
                "value": "Kuvaus lapsen tai nuoren tilanteesta"
              },
              {
                "lang": "sv",
                "value": "Beskrivning av barnets eller den ungas situation"
              }
            ],
            "description": [
              {
                "lang": "fi",
                "value": "Kenttään kuvataan lapsen tai nuoren nykytilannetta. Lapsen tai nuoren oma näkemys ja mielipide on kirjattava tähän erikseen. Kenttään kirjataan jälkihuollon tarkoitus ja  olosuhteet ja asiat, joihin pyritään vaikuttamaan. Sosiaalihuoltolain 39 §:n mukaan asiakassuunnitelman tulee sisältää asiakkaan palvelutarpeen edellyttämässä laajuudessa selvitys asiakkaan elämäntilanteen ja toimintaympäristön vaikutuksesta toimintakykyyn. Tarkemmat tiedot toimintakyvystä kirjataan merkintään toimintakyvystä ja toimintakykyarvioon."
              },
              {
                "lang": "sv",
                "value": "I fältet beskrivs barnets eller den ungas nuvarande situation. Här ska barnets eller den ungas egen syn och åsikt antecknas separat. I fältet antecknar man syftet med eftervården samt förhållanden och omständigheter, som man försöker påverka. Enligt 39 § i socialvårdslagen ska klientplanen i den omfattning som klientens servicebehov förutsätter innehålla en redogörelse för hur klientens livssituation samt omvärld och närmiljö påverkar funktionsförmågan. Noggrannare uppgifter om funktionsförmågan antecknas i anteckningar om funktionsförmågan och bedömning av funktionsförmågan."
              }
            ],
            "representation": [
              {
                "lang": "fi",
                "value": "Teksti"
              },
              {
                "lang": "sv",
                "value": "Text"
              }
            ],
            "repeatable": false,
            "required": true,
            "conditionalRequired": false,
            "nationwideRecordedInformation": false,
            "hiddenField": false,
            "hiddenTitle": false,
            "rowNumber": 12
          }
        },
        "lapsen_tai_nuoren_hyvinvointi": {
          "type": "object",
          "additionalProperties": false,
          "sosmeta": {
            "name": [
              {
                "lang": "fi",
                "value": "Lapsen tai nuoren hyvinvointi"
              },
              {
                "lang": "sv",
                "value": "Barnets eller den ungas välbefinnande"
              }
            ],
            "description": [
              {
                "lang": "fi",
                "value": "Tähän kirjataan jälkihuollossa olevan lapsen tai nuoren ja muiden suunnitelman laadintaan osallistuvien henkilöiden mielipide lapsen tai nuoren hyvinvoinnista."
              },
              {
                "lang": "sv",
                "value": "Här antecknar man åsikten om barnets eller den ungas välbefinnande hos ett barn eller en ung person i eftervård samt hos de övriga personer som deltar i upprättandet av planen."
              }
            ],
            "repeatable": false,
            "required": false,
            "conditionalRequired": false,
            "nationwideRecordedInformation": false,
            "hiddenField": false,
            "hiddenTitle": false,
            "rowNumber": 13
          },
          "required": [],
          "properties": {
            "lapsen_kokemus": {
              "type": "number",
              "sosmeta": {
                "name": [
                  {
                    "lang": "fi",
                    "value": "Lapsen kokemus"
                  },
                  {
                    "lang": "sv",
                    "value": "Barnets upplevelse"
                  }
                ],
                "title": [
                  {
                    "lang": "fi",
                    "value": "Lapsen tai nuoren mielipide hyvinvoinnistaan"
                  },
                  {
                    "lang": "sv",
                    "value": "Barnets eller den ungas åsikt om sitt välbefinnande"
                  }
                ],
                "description": [
                  {
                    "lang": "fi",
                    "value": "Kenttään kirjataan lapsen tai nuoren mielipide omasta hyvinvoinnistaan. Hyvinvointia arvioidaan asteikolla 1-10, jossa 1 tarkoittaa erittäin huonoa ja 10  tarkoittaa erittäin hyvää. Lapsen tai nuoren hyvinvoinnissa tapahtunutta muutosta arvioidaan suhteessa edelliseen asiakassuunnitelmaan."
                  },
                  {
                    "lang": "sv",
                    "value": "I fältet antecknas barnets eller den ungas åsikt om sitt eget välbefinnande. Välbefinnandet bedöms på en skala 1–10, där 1 betyder mycket dåligt och 10 betyder mycket bra. En förändring i barnets eller den ungas välbefinnande bedöms i förhållande till den föregående klientplanen."
                  }
                ],
                "implementationNote": [
                  {
                    "lang": "fi",
                    "value": "Sallittuja arvoja ovat 1-10."
                  },
                  {
                    "lang": "sv",
                    "value": "Sallittuja arvoja ovat 1-10."
                  }
                ],
                "representation": [
                  {
                    "lang": "fi",
                    "value": "Numero"
                  },
                  {
                    "lang": "sv",
                    "value": "Nummer"
                  }
                ],
                "repeatable": false,
                "required": false,
                "conditionalRequired": false,
                "nationwideRecordedInformation": true,
                "hiddenField": false,
                "hiddenTitle": false,
                "rowNumber": 14
              }
            },
            "numeerinen_arvio": {
              "type": "number",
              "sosmeta": {
                "name": [
                  {
                    "lang": "fi",
                    "value": "Numeerinen arvio"
                  },
                  {
                    "lang": "sv",
                    "value": "Numerisk bedömning"
                  }
                ],
                "title": [
                  {
                    "lang": "fi",
                    "value": "Muiden henkilöiden arvio lapsen tai nuoren hyvinvoinnista"
                  },
                  {
                    "lang": "sv",
                    "value": "De övriga personernas bedömning av barnets eller den ungas välbefinnande"
                  }
                ],
                "description": [
                  {
                    "lang": "fi",
                    "value": "Kenttään kirjataan alle 18-vuotiaiden lasten osalta neuvotteluun osallistuvien henkilöiden (esim. huoltajat, lapsen hoidosta vastaavat henkilöt, lapsen asioista vastaava sosiaalityöntekijä) ja 18 vuotta täyttäneiden nuorten osalta neuvotteluun osallistuvien henkilöiden (ainakin nuoren asioista vastaava sosiaalityöntekijä) yhteinen arvio lapsen tai nuoren hyvinvoinnista asteikolla 1-10, jossa 1 tarkoittaa erittäin huonoa ja 10 tarkoittaa erittäin hyvää. Lapsen tai nuoren hyvinvoinnissa tapahtunutta muutosta arvioidaan suhteessa edelliseen asiakassuunnitelmaan."
                  },
                  {
                    "lang": "sv",
                    "value": "I fältet antecknas den gemensamma bedömning av barnets eller den ungas välbefinnande som görs av de personer som deltar i överläggningen (för barn under 18 år t.ex. vårdnadshavarna, de personer som ansvarar för barnets vård, den socialarbetare som ansvarar för barnets angelägenheter och för ungdomar som fyllt 18 år åtminstone den socialarbetare som ansvarar för den ungas angelägenheter) på en skala 1–10, där 1 betyder mycket dåligt och 10 betyder mycket bra. En förändring i barnets eller den ungas välbefinnande bedöms i förhållande till den föregående klientplanen."
                  }
                ],
                "implementationNote": [
                  {
                    "lang": "fi",
                    "value": "Sallittuja arvoja ovat 1-10."
                  },
                  {
                    "lang": "sv",
                    "value": "Sallittuja arvoja ovat 1-10."
                  }
                ],
                "representation": [
                  {
                    "lang": "fi",
                    "value": "Numero"
                  },
                  {
                    "lang": "sv",
                    "value": "Nummer"
                  }
                ],
                "repeatable": false,
                "required": false,
                "conditionalRequired": false,
                "nationwideRecordedInformation": true,
                "hiddenField": false,
                "hiddenTitle": false,
                "rowNumber": 15
              }
            },
            "sanallinen_arvio": {
              "type": "string",
              "sosmeta": {
                "name": [
                  {
                    "lang": "fi",
                    "value": "Sanallinen arvio"
                  },
                  {
                    "lang": "sv",
                    "value": "Bedömning i textform"
                  }
                ],
                "title": [
                  {
                    "lang": "fi",
                    "value": "Sanallinen arvio lapsen tai nuoren hyvinvoinnista"
                  },
                  {
                    "lang": "sv",
                    "value": "Verbal bedömning av barnets eller den ungas välbefinnande"
                  }
                ],
                "description": [
                  {
                    "lang": "fi",
                    "value": "Kenttään kuvataan lapsen tai nuoren kokonaishyvinvointia ja siinä tapahtunutta muutosta edellisen suunnitelman laatimisen jälkeen. Kenttään voidaan kirjata erikseen eri osapuolten näkemykset, ja erityisesti lapsen tai nuoren oma mielipide on tärkeää kirjata erikseen."
                  },
                  {
                    "lang": "sv",
                    "value": "I fältet antecknas barnets eller den ungas övergripande välbefinnande och de förändringar som skett sedan upprättandet av föregående plan. I fältet kan man anteckna uppfattningen hos olika parter separat, och det är särskilt viktigt att anteckna barnets eller den ungas egen åsikt separat."
                  }
                ],
                "representation": [
                  {
                    "lang": "fi",
                    "value": "Teksti"
                  },
                  {
                    "lang": "sv",
                    "value": "Text"
                  }
                ],
                "repeatable": false,
                "required": false,
                "conditionalRequired": false,
                "nationwideRecordedInformation": false,
                "hiddenField": false,
                "hiddenTitle": false,
                "rowNumber": 16
              }
            }
          }
        },
        "lapsen_tai_nuoren_tuen_ja_palvelujen_tarve": {
          "type": "string",
          "sosmeta": {
            "name": [
              {
                "lang": "fi",
                "value": "Lapsen tai nuoren tuen ja palvelujen tarve"
              },
              {
                "lang": "sv",
                "value": "Barnets eller den ungas behov av stöd och service"
              }
            ],
            "description": [
              {
                "lang": "fi",
                "value": "Kenttään kirjataan lapsen tai nuoren oma mielipide tuen ja palvelujen tarpeesta ja hänen perheensä tai läheistensä sekä lapsen tai nuoren asioista vastaavan sosiaalityöntekijän arvio tuen ja palvelujen tarpeesta (LsL 30 §). Asiakastietolain 43 §:n mukaan asiakassuunnitelmaan kirjataan palvelutarpeen arvioon perustuva asiakkaan tuen tarve. Jälkihuoltovelvoitteeseen kuuluu myös lapsen tai nuoren huoltajien tukeminen (LsL 30 ja 76 §)."
              },
              {
                "lang": "sv",
                "value": "I fältet antecknar man barnets eller den ungas egen åsikt om behovet av stöd och service och bedömning av behovet av stöd och service som ges av familjen eller närstående och den socialarbetare som ansvarar för barnets eller den ungas angelägenheter (barnskyddslag 30 §). Enligt 43 § i lagen om behandling av kunduppgifter inom social- och hälsovården ska man i klientplanen anteckna klientens behov av stöd utifrån en bedömning av servicebehovet. Skyldigheten att ordna eftervård innefattar även stöd för barnets eller den ungas vårdnadshavare (barnskyddslag 30 och 76 §)."
              }
            ],
            "representation": [
              {
                "lang": "fi",
                "value": "Teksti"
              },
              {
                "lang": "sv",
                "value": "Text"
              }
            ],
            "repeatable": false,
            "required": false,
            "conditionalRequired": false,
            "nationwideRecordedInformation": false,
            "hiddenField": false,
            "hiddenTitle": false,
            "rowNumber": 17
          }
        },
        "lapsen_tai_nuoren_vahvuudet_ja_voimavarat": {
          "type": "string",
          "sosmeta": {
            "name": [
              {
                "lang": "fi",
                "value": "Lapsen tai nuoren vahvuudet ja voimavarat"
              },
              {
                "lang": "sv",
                "value": "Barnets eller den ungas styrkor och resurser"
              }
            ],
            "description": [
              {
                "lang": "fi",
                "value": "Kenttään kuvataan lapsen tai nuoren vahvuuksia ja voimavaroja. Asiakassuunnitelmaan kirjataan asiakkaan ja työntekijän arvio asiakkaan vahvuuksista ja voimavaroista (SHL 39§). Kenttään voidaan kuvata myös lapsen tai nuoren harrastuksia."
              },
              {
                "lang": "sv",
                "value": "I fältet beskrivs barnets och eller den ungas styrkor och resurser. I klientplanen antecknas klientens och arbetstagarens bedömning av klientens styrkor och resurser (socialvårdslag 39 §). I fältet kan man också beskriva barnets eller den ungas hobbyer."
              }
            ],
            "representation": [
              {
                "lang": "fi",
                "value": "Teksti"
              },
              {
                "lang": "sv",
                "value": "Text"
              }
            ],
            "repeatable": false,
            "required": false,
            "conditionalRequired": false,
            "nationwideRecordedInformation": false,
            "hiddenField": false,
            "hiddenTitle": false,
            "rowNumber": 18
          }
        },
        "lapsen_tai_nuoren_tulevaisuudensuunnitelmat": {
          "type": "string",
          "sosmeta": {
            "name": [
              {
                "lang": "fi",
                "value": "Lapsen tai nuoren tulevaisuudensuunnitelmat"
              },
              {
                "lang": "sv",
                "value": "Barnets eller den ungas framtidsplaner"
              }
            ],
            "representation": [
              {
                "lang": "fi",
                "value": "Teksti"
              },
              {
                "lang": "sv",
                "value": "Text"
              }
            ],
            "repeatable": false,
            "required": false,
            "conditionalRequired": false,
            "nationwideRecordedInformation": false,
            "hiddenField": false,
            "hiddenTitle": false,
            "rowNumber": 19
          }
        },
        "edellisen_suunnitelman_tavoitteiden_saavuttaminen": {
          "type": "object",
          "additionalProperties": false,
          "sosmeta": {
            "name": [
              {
                "lang": "fi",
                "value": "Edellisen suunnitelman tavoitteiden saavuttaminen"
              },
              {
                "lang": "sv",
                "value": "Uppnående av målen i föregående plan"
              }
            ],
            "description": [
              {
                "lang": "fi",
                "value": "Tähän kirjataan arvio siitä, miten edellisessä suunnitelmassa asetetut tavoitteet on saavutettu kokonaisuutena. Lastensuojelulain 30 §:n mukaan asiakassuunnitelma on tarkistettava tarvittaessa, kuitenkin vähintään kerran vuodessa."
              },
              {
                "lang": "sv",
                "value": "Här antecknas en bedömning av, hur de mål som fastställdes i föregående plan har uppnåtts i helhet. Enligt 30 § i barnskyddslagen ska klientplanen ses över vid behov, dock minst en gång om året."
              }
            ],
            "repeatable": false,
            "required": false,
            "conditionalRequired": false,
            "nationwideRecordedInformation": false,
            "hiddenField": false,
            "hiddenTitle": false,
            "rowNumber": 20
          },
          "required": [],
          "properties": {
            "arvio": {
              "type": "object",
              "additionalProperties": false,
              "sosmeta": {
                "name": [
                  {
                    "lang": "fi",
                    "value": "Arvio"
                  },
                  {
                    "lang": "sv",
                    "value": "Bedömning"
                  }
                ],
                "description": [
                  {
                    "lang": "fi",
                    "value": "Kenttään kirjataan luokituksen avulla arvio edellisessä suunnitelmassa asetettujen tavoitteiden saavuttamisesta."
                  },
                  {
                    "lang": "sv",
                    "value": "I fältet antecknas en bedömning av hur målen som fastställts i tidigare planen har uppnåtts med hjälp av klassificeringen."
                  }
                ],
                "classification": [
                  {
                    "lang": "fi",
                    "value": "Koodistopalvelin: Sosiaalihuolto - Tavoitteen saavuttamisen arvio 1.2.246.537.6.1253"
                  },
                  {
                    "lang": "sv",
                    "value": "Kodtjänsten: Socialvård - Bedömning av hur mål har uppnåtts 1.2.246.537.6.1253"
                  }
                ],
                "classificationLink": [
                  {
                    "lang": "",
                    "value": "https://koodistopalvelu.kanta.fi/codeserver/pages/classification-view-page.xhtml?classificationKey\u003d1806\u0026versionKey\u003d2046"
                  }
                ],
                "classificationOid": [
                  {
                    "lang": "",
                    "value": "1.2.246.537.6.1253"
                  }
                ],
                "representation": [
                  {
                    "lang": "fi",
                    "value": "Koodi"
                  },
                  {
                    "lang": "sv",
                    "value": "Kod"
                  }
                ],
                "repeatable": false,
                "required": false,
                "conditionalRequired": false,
                "nationwideRecordedInformation": true,
                "hiddenField": false,
                "hiddenTitle": false,
                "rowNumber": 21
              },
              "required": [
                "system",
                "code",
                "display"
              ],
              "properties": {
                "system": {
                  "type": "string",
                  "pattern": "^urn:oid:1\\.2\\.246\\.537\\.6\\.1253(\\.\\d+)*$"
                },
                "code": {
                  "type": "string"
                },
                "display": {
                  "type": "string"
                }
              }
            },
            "sanallinen_arvio": {
              "type": "string",
              "sosmeta": {
                "name": [
                  {
                    "lang": "fi",
                    "value": "Sanallinen arvio"
                  },
                  {
                    "lang": "sv",
                    "value": "Verbal bedömning"
                  }
                ],
                "description": [
                  {
                    "lang": "fi",
                    "value": "Kenttään kuvataan ja arvioidaan tekstinä edellisessä suunnitelmassa asetettujen tavoitteiden saavuttamista."
                  },
                  {
                    "lang": "sv",
                    "value": "I fältet beskrivs hur målen som fastställts i tidigare planen har uppnåtts med fri text."
                  }
                ],
                "representation": [
                  {
                    "lang": "fi",
                    "value": "Teksti"
                  },
                  {
                    "lang": "sv",
                    "value": "Text"
                  }
                ],
                "repeatable": false,
                "required": false,
                "conditionalRequired": false,
                "nationwideRecordedInformation": false,
                "hiddenField": false,
                "hiddenTitle": false,
                "rowNumber": 22
              }
            }
          }
        },
        "asetettavat_tavoitteet": {
          "type": "array",
          "minItems": 0,
          "items": {
            "type": "object",
            "additionalProperties": false,
            "sosmeta": {
              "name": [
                {
                  "lang": "fi",
                  "value": "Asetettavat tavoitteet"
                },
                {
                  "lang": "sv",
                  "value": "Mål som ska fastställas"
                }
              ],
              "description": [
                {
                  "lang": "fi",
                  "value": "Tähän kirjataan lapsen tai nuoren kannalta tärkeät tavoitteet ja niiden saavuttamisen aikataulu (LsL 30 §). Lyhyen ja pitkän aikavälin tavoitteet kirjataan yksitellen."
                },
                {
                  "lang": "sv",
                  "value": "Här antecknar man viktiga mål för barnet eller den unga och tidtabellen för att uppnå målet (barnskyddslag 30 §). Kort- och långsiktiga mål antecknas var för sig."
                }
              ],
              "implementationNote": [
                {
                  "lang": "fi",
                  "value": "Otsikko näytetään vain kerran, vaikka tietokokonaisuus toistuu."
                },
                {
                  "lang": "sv",
                  "value": "Otsikko näytetään vain kerran, vaikka tietokokonaisuus toistuu."
                }
              ],
              "repeatable": true,
              "required": false,
              "conditionalRequired": false,
              "nationwideRecordedInformation": false,
              "hiddenField": false,
              "hiddenTitle": false,
              "rowNumber": 23
            },
            "required": [],
            "properties": {
              "nimi": {
                "type": "string",
                "sosmeta": {
                  "name": [
                    {
                      "lang": "fi",
                      "value": "Nimi"
                    },
                    {
                      "lang": "sv",
                      "value": "Namn"
                    }
                  ],
                  "description": [
                    {
                      "lang": "fi",
                      "value": "Kenttään kirjataan tavoitteen nimi."
                    },
                    {
                      "lang": "sv",
                      "value": "I fältet antecknas namnet på målet."
                    }
                  ],
                  "representation": [
                    {
                      "lang": "fi",
                      "value": "Nimi"
                    },
                    {
                      "lang": "sv",
                      "value": "Namn"
                    }
                  ],
                  "repeatable": false,
                  "required": false,
                  "conditionalRequired": false,
                  "nationwideRecordedInformation": false,
                  "hiddenField": false,
                  "hiddenTitle": false,
                  "rowNumber": 24
                }
              },
              "kuvaus": {
                "type": "string",
                "sosmeta": {
                  "name": [
                    {
                      "lang": "fi",
                      "value": "Kuvaus"
                    },
                    {
                      "lang": "sv",
                      "value": "Beskrivning"
                    }
                  ],
                  "description": [
                    {
                      "lang": "fi",
                      "value": "Kenttään kuvataan tekstinä tavoitetta."
                    },
                    {
                      "lang": "sv",
                      "value": "I fältet beskrivs målet i textform."
                    }
                  ],
                  "representation": [
                    {
                      "lang": "fi",
                      "value": "Teksti"
                    },
                    {
                      "lang": "sv",
                      "value": "Text"
                    }
                  ],
                  "repeatable": false,
                  "required": false,
                  "conditionalRequired": false,
                  "nationwideRecordedInformation": false,
                  "hiddenField": false,
                  "hiddenTitle": false,
                  "rowNumber": 25
                }
              },
              "keinot_ja_aikataulu_tavoitteen_saavuttamiseksi": {
                "type": "string",
                "sosmeta": {
                  "name": [
                    {
                      "lang": "fi",
                      "value": "Keinot ja aikataulu tavoitteen saavuttamiseksi"
                    },
                    {
                      "lang": "sv",
                      "value": "Metoder och tidtabell för uppnåendet av målet"
                    }
                  ],
                  "title": [
                    {
                      "lang": "fi",
                      "value": "Arvioitu aika, jonka kuluessa tavoite pyritään toteuttamaan"
                    },
                    {
                      "lang": "sv",
                      "value": "Uppskattad tid, inom vilken man strävar efter att uppnå målet"
                    }
                  ],
                  "description": [
                    {
                      "lang": "fi",
                      "value": "Lastensuojelulain 30 §:n mukaan asiakassuunnitelmaan kirjataan arvioitu aika, jonka kuluessa tavoitteet pyritään toteuttamaan."
                    },
                    {
                      "lang": "sv",
                      "value": "Enligt 30 § i barnskyddslagen antecknas den tid inom vilken man uppskattar att målen kan uppnås i klientplanen."
                    }
                  ],
                  "representation": [
                    {
                      "lang": "fi",
                      "value": "Teksti"
                    },
                    {
                      "lang": "sv",
                      "value": "Text"
                    }
                  ],
                  "repeatable": false,
                  "required": false,
                  "conditionalRequired": false,
                  "nationwideRecordedInformation": false,
                  "hiddenField": false,
                  "hiddenTitle": false,
                  "rowNumber": 26
                }
              }
            }
          }
        },
        "keinot_tavoitteiden_saavuttamiseksi_ja_tuen_tarpeeseen_vastaamiseksi": {
          "type": "object",
          "additionalProperties": false,
          "sosmeta": {
            "name": [
              {
                "lang": "fi",
                "value": "Keinot tavoitteiden saavuttamiseksi ja tuen tarpeeseen vastaamiseksi"
              },
              {
                "lang": "sv",
                "value": "Metoder för att uppnå målen och möta stödbehovet"
              }
            ],
            "description": [
              {
                "lang": "fi",
                "value": "Asiakastietolain 43 §:n mukaan asiakassuunnitelmaan kirjataan keinot tavoitteiden saavuttamiseksi. Lastensuojelulain 30 §:n 5 momentin mukaan jälkihuollossa olevaa lasta tai nuorta koskevaan asiakassuunnitelmaan kirjataan erityisen tuen ja avun järjestäminen lapselle tai nuorelle ja hänen vanhemmilleen, huoltajilleen tai muille hänen hoidostaan ja kasvatuksestaan vastaaville."
              },
              {
                "lang": "sv",
                "value": "Enligt 43 § i lagen om behandling av kunduppgifter inom social- och hälsovården ska metoderna för att uppnå målen antecknas i klientplanen. Enligt 30 § 5 momentet i barnskyddslagen ska man i klientplanen för ett barn eller en ung person i eftervård anteckna ordnandet av särskilt stöd och särskild hjälp för barnet eller den unga personen och för föräldrarna, vårdnadshavarna eller andra som svarar för barnets eller den unga personens vård och fostran."
              }
            ],
            "representation": [
              {
                "lang": "fi",
                "value": "Otsikko"
              },
              {
                "lang": "sv",
                "value": "Rubrik"
              }
            ],
            "repeatable": false,
            "required": false,
            "conditionalRequired": false,
            "nationwideRecordedInformation": false,
            "hiddenField": false,
            "hiddenTitle": false,
            "rowNumber": 27
          },
          "required": [],
          "properties": {
            "suunniteltavat_sosiaalipalvelut": {
              "type": "array",
              "minItems": 0,
              "items": {
                "type": "object",
                "additionalProperties": false,
                "sosmeta": {
                  "name": [
                    {
                      "lang": "fi",
                      "value": "Suunniteltavat sosiaalipalvelut"
                    },
                    {
                      "lang": "sv",
                      "value": "Socialservice som planeras"
                    }
                  ],
                  "description": [
                    {
                      "lang": "fi",
                      "value": "-"
                    },
                    {
                      "lang": "sv",
                      "value": "-"
                    }
                  ],
                  "implementationNote": [
                    {
                      "lang": "fi",
                      "value": "Otsikko näytetään vain kerran, vaikka tietokokonaisuus toistuu."
                    },
                    {
                      "lang": "sv",
                      "value": "Otsikko näytetään vain kerran, vaikka tietokokonaisuus toistuu."
                    }
                  ],
                  "repeatable": true,
                  "required": false,
                  "conditionalRequired": false,
                  "nationwideRecordedInformation": false,
                  "hiddenField": false,
                  "hiddenTitle": false,
                  "rowNumber": 28
                },
                "required": [],
                "properties": {
                  "sosiaalipalvelu": {
                    "type": "object",
                    "additionalProperties": false,
                    "sosmeta": {
                      "name": [
                        {
                          "lang": "fi",
                          "value": "Sosiaalipalvelu"
                        },
                        {
                          "lang": "sv",
                          "value": "Socialservice"
                        }
                      ],
                      "description": [
                        {
                          "lang": "fi",
                          "value": "Kenttään kirjataan luokituksen avulla mikä sosiaalipalvelu on kyseessä."
                        },
                        {
                          "lang": "sv",
                          "value": "I fältet antecknas vilken socialservice det är fråga om med hjälp av klassificeringen."
                        }
                      ],
                      "classification": [
                        {
                          "lang": "fi",
                          "value": "Koodistopalvelin: Sosiaalihuolto - Sosiaalipalvelut 1.2.246.537.6.1222"
                        },
                        {
                          "lang": "sv",
                          "value": "Kodtjänsten: Socialvård - Socialservice 1.2.246.537.6.1222"
                        }
                      ],
                      "classificationLink": [
                        {
                          "lang": "",
                          "value": "https://koodistopalvelu.kanta.fi/codeserver/pages/classification-view-page.xhtml?classificationKey\u003d703\u0026versionKey\u003d2683"
                        }
                      ],
                      "classificationOid": [
                        {
                          "lang": "",
                          "value": "1.2.246.537.6.1222"
                        }
                      ],
                      "representation": [
                        {
                          "lang": "fi",
                          "value": "Koodi"
                        },
                        {
                          "lang": "sv",
                          "value": "Kod"
                        }
                      ],
                      "repeatable": false,
                      "required": false,
                      "conditionalRequired": false,
                      "nationwideRecordedInformation": true,
                      "hiddenField": false,
                      "hiddenTitle": false,
                      "rowNumber": 29
                    },
                    "required": [
                      "system",
                      "code",
                      "display"
                    ],
                    "properties": {
                      "system": {
                        "type": "string",
                        "pattern": "^urn:oid:1\\.2\\.246\\.537\\.6\\.1222(\\.\\d+)*$"
                      },
                      "code": {
                        "type": "string"
                      },
                      "display": {
                        "type": "string"
                      }
                    }
                  },
                  "kuvaus": {
                    "type": "string",
                    "sosmeta": {
                      "name": [
                        {
                          "lang": "fi",
                          "value": "Kuvaus"
                        },
                        {
                          "lang": "sv",
                          "value": "Beskrivning"
                        }
                      ],
                      "description": [
                        {
                          "lang": "fi",
                          "value": "Kenttään kuvataan tekstinä asiakkaalle suunniteltua sosiaalipalvelua tai tukitoimea (erityisesti, jos se on erityistä tukea Lsl 30 § 5 mom. mukaisesti)."
                        },
                        {
                          "lang": "sv",
                          "value": "I fältet beskriver man i textform den socialservice eller stödåtgärd som planerats för klienten (särskilt om det är särskilt stöd enligt 30 § 5 mom. i barnskyddslagen)."
                        }
                      ],
                      "representation": [
                        {
                          "lang": "fi",
                          "value": "Teksti"
                        },
                        {
                          "lang": "sv",
                          "value": "Text"
                        }
                      ],
                      "repeatable": false,
                      "required": false,
                      "conditionalRequired": false,
                      "nationwideRecordedInformation": false,
                      "hiddenField": false,
                      "hiddenTitle": false,
                      "rowNumber": 30
                    }
                  },
                  "asiakkaan_ehdotus_palvelun_tuottamis__ja_toteuttamistavasta": {
                    "type": "string",
                    "sosmeta": {
                      "name": [
                        {
                          "lang": "fi",
                          "value": "Asiakkaan ehdotus palvelun tuottamis- ja toteuttamistavasta"
                        },
                        {
                          "lang": "sv",
                          "value": "Klientens förslag till hur tjänsterna ska produceras och tillhandahållas"
                        }
                      ],
                      "description": [
                        {
                          "lang": "fi",
                          "value": "Kenttään kirjataan asiakkaan ehdotus sellaisesta palvelun tuottamis- ja toteuttamistavasta, jolla voidaan parhaiten vastata hänen tarpeisiinsa sosiaalihuoltolain 39 §:n mukaisesti."
                        },
                        {
                          "lang": "sv",
                          "value": "I fältet antecknas klientens förslag till hur tjänsterna ska produceras och tillhandahållas för att på bästa sätt tillgodose klientens behov enligt 39 § i socialvårdslagen."
                        }
                      ],
                      "representation": [
                        {
                          "lang": "fi",
                          "value": "Teksti"
                        },
                        {
                          "lang": "sv",
                          "value": "Text"
                        }
                      ],
                      "repeatable": false,
                      "required": false,
                      "conditionalRequired": false,
                      "nationwideRecordedInformation": false,
                      "hiddenField": false,
                      "hiddenTitle": false,
                      "rowNumber": 31
                    }
                  },
                  "arvioitu_alkamisajankohta_ja_kesto": {
                    "type": "string",
                    "sosmeta": {
                      "name": [
                        {
                          "lang": "fi",
                          "value": "Arvioitu alkamisajankohta ja kesto"
                        },
                        {
                          "lang": "sv",
                          "value": "Uppskattad inledningstidpunkt och varaktighet"
                        }
                      ],
                      "description": [
                        {
                          "lang": "fi",
                          "value": "Kenttään voidaan kirjata arvio suunniteltavan palvelun alkamisajankohdasta ja kestosta. Jos lapsen tai nuoren kehityksen ja terveyden kannalta välttämättömien sosiaalipalvelujen kestoa ja alkamisajankohtaa ei ole kirjattu kenttään \"Lapsen tai nuoren tuen ja palvelujen tarve\", on niiden arvioitu alkamisajankohta ja kesto kirjattava tähän kenttään . Asiakassuunnitelma sisältää asiakkaan palvelutarpeen edellyttämässä laajuudessa omatyöntekijän tai muun asiakkaan palveluista vastaavan työntekijän arvion asiakkaan terveyden tai kehityksen kannalta välttämättömistä sosiaalipalveluista sekä niiden alkamisajankohdasta ja kestosta. (sosiaalihuoltolaki 39 §)"
                        },
                        {
                          "lang": "sv",
                          "value": "I fältet kan man anteckna en uppskattning av tidpunkten för inledning av den planerade tjänsten och dess varaktighet. Ifall varaktigheten och tidpunkten för inledning av den socialservice som är nödvändig med hänsyn till barnets eller den ungas utveckling och hälsa inte har antecknats i fältet ”Barnets eller den ungas behov av stöd och service”, ska den uppskattade tidpunkten för inledning av servicen samt dess varaktighet antecknas i det här fältet. Klientplanen innehåller i den omfattning som klientens servicebehov förutsätter en bedömning som görs av den egna kontaktpersonen eller av en annan arbetstagare som ansvarar för klientens service av den socialservice som är nödvändig med hänsyn till klientens hälsa eller utveckling och av när servicen ska börja och dess varaktighet. (Socialvårdslag 39 §)"
                        }
                      ],
                      "representation": [
                        {
                          "lang": "fi",
                          "value": "Teksti"
                        },
                        {
                          "lang": "sv",
                          "value": "Text"
                        }
                      ],
                      "repeatable": false,
                      "required": false,
                      "conditionalRequired": false,
                      "nationwideRecordedInformation": false,
                      "hiddenField": false,
                      "hiddenTitle": false,
                      "rowNumber": 32
                    }
                  }
                }
              }
            },
            "muut_palvelut_tukitoimet_ja_keinot": {
              "type": "string",
              "sosmeta": {
                "name": [
                  {
                    "lang": "fi",
                    "value": "Muut palvelut, tukitoimet ja keinot"
                  },
                  {
                    "lang": "sv",
                    "value": "Övrig service, övriga stödåtgärder och metoder"
                  }
                ],
                "title": [
                  {
                    "lang": "fi",
                    "value": "Muut palvelut ja tukitoimet ja erityisen tuen ja avun järjestäminen"
                  },
                  {
                    "lang": "sv",
                    "value": "Ordnande av övrig service, särskilt stöd och hjälp"
                  }
                ],
                "description": [
                  {
                    "lang": "fi",
                    "value": "Kenttään kirjataan sosiaalipalvelujen lisäksi muut palvelut ja tukitoimet ja keinot, joilla pyritään saavuttamaan tavoitteet ja vastaamaan tuen tarpeeseen. Kenttään kirjataan myös erityisen tuen ja avun järjestäminen lapselle tai nuorelle ja hänen vanhemmilleen, huoltajilleen tai muille hänen hoidostaan ja kasvatuksestaan vastaaville henkilöille lastensuojelulain 30 §:n mukaisesti."
                  },
                  {
                    "lang": "sv",
                    "value": "I fältet antecknas utöver socialservice även andra tjänster och stödåtgärder och metoder, med vilka man försöker uppnå målen och svara på stödbehovet. I fältet antecknar man också ordnande av särskilt stöd och särskild hjälp för barnet eller den unga personen och för föräldrarna, vårdnadshavarna eller andra som svarar för barnets eller den unga personens vård och fostran enligt 30 § i barnskyddslagen."
                  }
                ],
                "representation": [
                  {
                    "lang": "fi",
                    "value": "Teksti"
                  },
                  {
                    "lang": "sv",
                    "value": "Text"
                  }
                ],
                "repeatable": false,
                "required": false,
                "conditionalRequired": false,
                "nationwideRecordedInformation": false,
                "hiddenField": false,
                "hiddenTitle": false,
                "rowNumber": 33
              }
            },
            "asiakkaan_tukemiseen_osallistuvat_palvelunantajat_ja_heidan_vastuunsa": {
              "type": "string",
              "sosmeta": {
                "name": [
                  {
                    "lang": "fi",
                    "value": "Asiakkaan tukemiseen osallistuvat palvelunantajat ja heidän vastuunsa"
                  },
                  {
                    "lang": "sv",
                    "value": "Tillhandahållare av tjänster som deltar i stödet av klienten och deras ansvar"
                  }
                ],
                "description": [
                  {
                    "lang": "fi",
                    "value": "Kenttään kirjataan tiedot eri alojen yhteystyötahoista, jotka osallistuvat asiakkaan tarpeisiin vastaamiseen ja kuvataan vastuiden jakautuminen niiden kesken (SHL 39 §). Kenttään voidaan kuvata myös sovittuja yhteistyökäytäntöjä."
                  },
                  {
                    "lang": "sv",
                    "value": "I fältet antecknas i uppgifter om samarbetspartner inom olika sektorer, som deltar i att möta klientens behov samt beskriver ansvarsfördelningen mellan samarbetspartnerna (39 § i socialvårdslagen). I fältet kan man också beskriva överenskomna samarbetsförfaranden."
                  }
                ],
                "representation": [
                  {
                    "lang": "fi",
                    "value": "Teksti"
                  },
                  {
                    "lang": "sv",
                    "value": "Text"
                  }
                ],
                "repeatable": false,
                "required": false,
                "conditionalRequired": false,
                "nationwideRecordedInformation": false,
                "hiddenField": false,
                "hiddenTitle": false,
                "rowNumber": 34
              }
            },
            "asiakkaan_tukemiseen_osallistuvat_yksityishenkilot_ja_heidan_tehtavansa": {
              "type": "string",
              "sosmeta": {
                "name": [
                  {
                    "lang": "fi",
                    "value": "Asiakkaan tukemiseen osallistuvat yksityishenkilöt ja heidän tehtävänsä"
                  },
                  {
                    "lang": "sv",
                    "value": "Privatpersoner som deltar i stödet av klienten och deras uppgifter"
                  }
                ],
                "representation": [
                  {
                    "lang": "fi",
                    "value": "Teksti"
                  },
                  {
                    "lang": "sv",
                    "value": "Text"
                  }
                ],
                "repeatable": false,
                "required": false,
                "conditionalRequired": false,
                "nationwideRecordedInformation": false,
                "hiddenField": false,
                "hiddenTitle": false,
                "rowNumber": 35
              }
            }
          }
        },
        "suunnitelma_asiakkaan_ja_asiakkaan_asioista_vastaavan_sosiaalityontekijan_tapaamisista": {
          "type": "string",
          "sosmeta": {
            "name": [
              {
                "lang": "fi",
                "value": "Suunnitelma asiakkaan ja asiakkaan asioista vastaavan sosiaalityöntekijän tapaamisista"
              },
              {
                "lang": "sv",
                "value": "Plan för möten mellan klienten och den socialarbetare som ansvarar för klientens angelägenheter"
              }
            ],
            "title": [
              {
                "lang": "fi",
                "value": "Suunnitelma asiakkaan ja asiakkaan asioista vastaavan sosiaalityöntekijän tapaamisista ja tapaamisten toteutuminen"
              },
              {
                "lang": "sv",
                "value": "Plan för möten mellan klienten och den socialarbetare som ansvarar för klientens angelägenheter och genomförandet av mötena"
              }
            ],
            "description": [
              {
                "lang": "fi",
                "value": "Kenttään kuvataan suunnitelmaa lapsen tai nuoren ja sosiaalityöntekijän tai muun lastensuojelun työntekijän välisestä yhteydenpidosta. Tärkeää on kirjata myös lapsen tai nuoren mielipide siitä, kuinka usein ja miten yhteydenpito pitäisi toteuttaa. Lastensuojelulain 29 ja 53.2 §:t velvoittavat kirjaamaan, miten lapselle järjestetään riittävä mahdollisuus tavata henkilökohtaisesti sosiaalityöntekijää ilman muiden läsnäoloa ja keskustella häntä itseään ja sijaishuollon toteutumista koskevista asioista. Kenttään kirjataan myös se, kuinka suunnitellut tapaamiset ovat toteutuneet."
              },
              {
                "lang": "sv",
                "value": "I fältet beskrivs planen för kontakt mellan barnet och den unga och socialarbetaren eller en annan anställd inom barnskyddet. Det är också viktigt att anteckna barnets eller den ungas åsikt om, hur ofta och på vilket sätt kontakten borde genomföras. 29 och 53.2 § i barnskyddslagen förpliktar till att anteckna på vilket sätt tillräcklig möjlighet till ett personligt möte på tumanhand med den socialarbetare som ansvarar för barnets angelägenheter eller en annan anställd inom barnskyddet ordnas för att samtala om frågor som gäller barnet självt och genomförandet av vården utom hemmet. I fältet antecknas också, hur ofta de planerade mötena har genomförts."
              }
            ],
            "representation": [
              {
                "lang": "fi",
                "value": "Teksti"
              },
              {
                "lang": "sv",
                "value": "Text"
              }
            ],
            "repeatable": false,
            "required": false,
            "conditionalRequired": false,
            "nationwideRecordedInformation": false,
            "hiddenField": false,
            "hiddenTitle": false,
            "rowNumber": 36
          }
        },
        "selvitys_vaihtoehdoista": {
          "type": "boolean",
          "sosmeta": {
            "name": [
              {
                "lang": "fi",
                "value": "Selvitys vaihtoehdoista"
              },
              {
                "lang": "sv",
                "value": "Utredning om olika alternativ"
              }
            ],
            "title": [
              {
                "lang": "fi",
                "value": "Asiakkaalle on annettu selvitys oikeuksista, velvollisuuksista ja erilaisista tilanteeseen sopivista toimenpidevaihtoehdoista"
              },
              {
                "lang": "sv",
                "value": "Klienten har fått en redogörelse över rättigheter, skyldigheter och lämpliga åtgärdsalternativ i olika situationer"
              }
            ],
            "description": [
              {
                "lang": "fi",
                "value": "Kenttään kirjataan tieto siitä, että asiakkaalle on annettu selvitys hänen tilanteessaan käytettäväksi soveltuvista erilaisista vaihtoehdoista sosiaalihuollon asiakaslain 5 §:n mukaisesti. Asiakaslain 5 §:n mukaan asiakkaalle on selvitettävä hänen oikeutensa ja velvollisuutensa, erilaiset vaihtoehdot ja niiden vaikutukset sekä muut asiat, joilla on merkitystä asiakkaan asiassa."
              },
              {
                "lang": "sv",
                "value": "I fältet antecknas uppgifter om att klienten har fått en utredning om olika lämpliga alternativ för klientens situation i enlighet med 5 § i lagen om klientens ställning och rättigheter inom socialvården. Enligt 5 § i klientlagen ska socialvårdspersonalen för klienten utreda hans eller hennes rättigheter och skyldigheter samt olika alternativ och deras verkningar liksom också andra omständigheter som är av betydelse för klientens sak."
              }
            ],
            "representation": [
              {
                "lang": "fi",
                "value": "Kytkin"
              },
              {
                "lang": "sv",
                "value": "Brytare"
              }
            ],
            "repeatable": false,
            "required": false,
            "conditionalRequired": false,
            "nationwideRecordedInformation": false,
            "hiddenField": false,
            "hiddenTitle": false,
            "rowNumber": 37
          }
        },
        "kuvaus_siita_miten_selvitys_on_annettu": {
          "type": "string",
          "sosmeta": {
            "name": [
              {
                "lang": "fi",
                "value": "Kuvaus siitä miten selvitys on annettu"
              },
              {
                "lang": "sv",
                "value": "Beskrivning av hur utredningen har getts"
              }
            ],
            "description": [
              {
                "lang": "fi",
                "value": "Kenttään kirjataan kuinka asiakkaalle on selvitetty hänen oikeutensa ja velvollisuutensa, erilaiset vaihtoehdot ja niiden vaikutukset ja muut asiat, joilla on merkitystä asiakkaan asiassa. Asiakaslain 5 §:n mukaan selvitys on annettava siten, että asiakas riittävästi ymmärtää sen sisällön ja merkityksen."
              },
              {
                "lang": "sv",
                "value": "I fältet antecknas hur man för klienten har utrett hans eller hennes rättigheter och skyldigheter, olika alternativ och deras verkningar samt andra omständigheter som är av betydelse för klientens sak. Enligt 5 § i klientlagen ska utredningen ges så att klienten tillräckligt förstår dess innehåll och betydelse."
              }
            ],
            "representation": [
              {
                "lang": "fi",
                "value": "Teksti"
              },
              {
                "lang": "sv",
                "value": "Text"
              }
            ],
            "repeatable": false,
            "required": false,
            "conditionalRequired": false,
            "nationwideRecordedInformation": false,
            "hiddenField": false,
            "hiddenTitle": false,
            "rowNumber": 38
          }
        },
        "sovitut_jatkotoimet": {
          "type": "string",
          "sosmeta": {
            "name": [
              {
                "lang": "fi",
                "value": "Sovitut jatkotoimet"
              },
              {
                "lang": "sv",
                "value": "Avtalade fortsatta åtgärder"
              }
            ],
            "description": [
              {
                "lang": "fi",
                "value": "Kenttään kuvataan esimerkiksi sitä, kuinka jälkihuollon asiakkuus jatkuu, ja mitä tehdään seuraavaksi."
              },
              {
                "lang": "sv",
                "value": "I fältet beskriver man till exempel, hur klientrelationen inom eftervården fortsätter, och vad man ska göra härnäst."
              }
            ],
            "representation": [
              {
                "lang": "fi",
                "value": "Teksti"
              },
              {
                "lang": "sv",
                "value": "Text"
              }
            ],
            "repeatable": false,
            "required": false,
            "conditionalRequired": false,
            "nationwideRecordedInformation": false,
            "hiddenField": false,
            "hiddenTitle": false,
            "rowNumber": 39
          }
        },
        "eriavat_nakemykset": {
          "type": "string",
          "sosmeta": {
            "name": [
              {
                "lang": "fi",
                "value": "Eriävät näkemykset"
              },
              {
                "lang": "sv",
                "value": "Avvikande åsikter"
              }
            ],
            "title": [
              {
                "lang": "fi",
                "value": "Suunnitelman tekoon osallistuneiden henkilöiden eriävät näkemykset suunnitelman sisällöstä"
              },
              {
                "lang": "sv",
                "value": "Avvikande åsikter om planens innehåll bland de personer som har medverkat i upprättandet av planen"
              }
            ],
            "representation": [
              {
                "lang": "fi",
                "value": "Teksti"
              },
              {
                "lang": "sv",
                "value": "Text"
              }
            ],
            "repeatable": false,
            "required": false,
            "conditionalRequired": false,
            "nationwideRecordedInformation": false,
            "hiddenField": false,
            "hiddenTitle": false,
            "rowNumber": 40
          }
        },
        "arvio_jalkihuollon_kestosta": {
          "type": "string",
          "sosmeta": {
            "name": [
              {
                "lang": "fi",
                "value": "Arvio jälkihuollon kestosta"
              },
              {
                "lang": "sv",
                "value": "Uppskattning av eftervårdens varaktighet"
              }
            ],
            "description": [
              {
                "lang": "fi",
                "value": "Kenttään kirjataan arvio asiakkuuden kestosta. Lastensuojelulain 75 §:n mukaan hyvinvointialueen velvollisuus jälkihuollon järjestämiseen päättyy viiden vuoden kuluttua siitä, kun lapsi on ollut kodin ulkopuolisen sijoituksen päättymisen jälkeen viimeksi lastensuojelun asiakkaana. Velvollisuus jälkihuollon järjestämiseen päättyy viimeistään, kun nuori täyttää 25 vuotta."
              },
              {
                "lang": "sv",
                "value": "I fältet antecknas en bedömning av klientrelationens varaktighet. Enligt 75 § i barnskyddslagen upphör välfärdsområdets skyldighet att ordna eftervård när fem år har förflutit från det att barnet sedan en placering utom hemmet avslutades senast har varit klient hos barnskyddet. Skyldigheten att ordna eftervård upphör senast när den unga personen fyller 25 år."
              }
            ],
            "representation": [
              {
                "lang": "fi",
                "value": "Teksti"
              },
              {
                "lang": "sv",
                "value": "Text"
              }
            ],
            "repeatable": false,
            "required": false,
            "conditionalRequired": false,
            "nationwideRecordedInformation": false,
            "hiddenField": false,
            "hiddenTitle": false,
            "rowNumber": 41
          }
        },
        "suunnitelman_tarkistaminen": {
          "type": "object",
          "additionalProperties": false,
          "sosmeta": {
            "name": [
              {
                "lang": "fi",
                "value": "Suunnitelman tarkistaminen"
              },
              {
                "lang": "sv",
                "value": "Granskning av planen"
              }
            ],
            "description": [
              {
                "lang": "fi",
                "value": "Tähän kirjataan seuraavan palaverin ajankohta ja paikka. Käytetään joko Päivämäärä ja kellonaika -kenttää tai Ajankohta-kenttää sen mukaan, kuinka tarkkaan seuraava palaveriaika suunnitelmaa laadittaessa tiedetään."
              },
              {
                "lang": "sv",
                "value": "Här antecknas datum och plats för följande överläggning. Man kan använda antingen fältet Datum och klockslag eller fältet Tidpunkt, beroende på hur noggrant man vid upprättandet av planen planerar tidpunkten för följande överläggning."
              }
            ],
            "repeatable": false,
            "required": false,
            "conditionalRequired": false,
            "nationwideRecordedInformation": false,
            "hiddenField": false,
            "hiddenTitle": false,
            "rowNumber": 42
          },
          "required": [],
          "properties": {
            "paivamaara_ja_kellonaika": {
              "type": "string",
              "pattern": "^-?[0-9]{4}(-(0[1-9]|1[0-2])(-(0[0-9]|[1-2][0-9]|3[0-1])(T([01][0-9]|2[0-3]):[0-5][0-9]:[0-5][0-9](\\.[0-9]+)?(Z|(\\+|-)((0[0-9]|1[0-3]):[0-5][0-9]|14:00)))?)?)?$",
              "sosmeta": {
                "name": [
                  {
                    "lang": "fi",
                    "value": "Päivämäärä ja kellonaika"
                  },
                  {
                    "lang": "sv",
                    "value": "Datum och klockslag"
                  }
                ],
                "description": [
                  {
                    "lang": "fi",
                    "value": "Kenttään kirjataan seuraavan neuvottelun päivämäärä ja kellonaika, jos ne tiedetään."
                  },
                  {
                    "lang": "sv",
                    "value": "I fältet antecknas datum och klockslag för följande överläggning, om detta redan är känt."
                  }
                ],
                "representation": [
                  {
                    "lang": "fi",
                    "value": "Hetki"
                  },
                  {
                    "lang": "sv",
                    "value": "Datum och klockslag"
                  }
                ],
                "repeatable": false,
                "required": false,
                "conditionalRequired": false,
                "nationwideRecordedInformation": true,
                "hiddenField": false,
                "hiddenTitle": false,
                "rowNumber": 43
              }
            },
            "ajankohta": {
              "type": "string",
              "sosmeta": {
                "name": [
                  {
                    "lang": "fi",
                    "value": "Ajankohta"
                  },
                  {
                    "lang": "sv",
                    "value": "Tidpunkt"
                  }
                ],
                "description": [
                  {
                    "lang": "fi",
                    "value": "Kenttään kirjataan tekstinä tapahtuman suunniteltu ajankohta silloin, kun tarkkaa päivämäärää ja kellonaikaa ei sovita."
                  },
                  {
                    "lang": "sv",
                    "value": "I fältet antecknas i textform den planerade tidpunkten för händelsen, om exakt datum och klockslag inte avtalas."
                  }
                ],
                "representation": [
                  {
                    "lang": "fi",
                    "value": "Teksti"
                  },
                  {
                    "lang": "sv",
                    "value": "Text"
                  }
                ],
                "repeatable": false,
                "required": false,
                "conditionalRequired": false,
                "nationwideRecordedInformation": false,
                "hiddenField": false,
                "hiddenTitle": false,
                "rowNumber": 44
              }
            },
            "paikka": {
              "type": "string",
              "sosmeta": {
                "name": [
                  {
                    "lang": "fi",
                    "value": "Paikka"
                  },
                  {
                    "lang": "sv",
                    "value": "Plats"
                  }
                ],
                "description": [
                  {
                    "lang": "fi",
                    "value": "Kenttään kirjataan seuraavan neuvottelun paikka."
                  },
                  {
                    "lang": "sv",
                    "value": "I fältet antecknas platsen för följande överläggning."
                  }
                ],
                "example": [
                  {
                    "lang": "fi",
                    "value": "Asiakkaan koti."
                  },
                  {
                    "lang": "sv",
                    "value": "Klientens hem."
                  }
                ],
                "representation": [
                  {
                    "lang": "fi",
                    "value": "Teksti"
                  },
                  {
                    "lang": "sv",
                    "value": "Text"
                  }
                ],
                "repeatable": false,
                "required": false,
                "conditionalRequired": false,
                "nationwideRecordedInformation": false,
                "hiddenField": false,
                "hiddenTitle": false,
                "rowNumber": 45
              }
            }
          }
        },
        "henkilot_joille_tama_suunnitelma_toimitetaan": {
          "type": "string",
          "sosmeta": {
            "name": [
              {
                "lang": "fi",
                "value": "Henkilöt joille tämä suunnitelma toimitetaan"
              },
              {
                "lang": "sv",
                "value": "Personer som planen ska ges till"
              }
            ],
            "representation": [
              {
                "lang": "fi",
                "value": "Teksti"
              },
              {
                "lang": "sv",
                "value": "Text"
              }
            ],
            "repeatable": false,
            "required": false,
            "conditionalRequired": false,
            "nationwideRecordedInformation": false,
            "hiddenField": false,
            "hiddenTitle": false,
            "rowNumber": 46
          }
        },
        "lisatiedot": {
          "type": "string",
          "sosmeta": {
            "name": [
              {
                "lang": "fi",
                "value": "Lisätiedot"
              },
              {
                "lang": "sv",
                "value": "Tilläggsuppgifter"
              }
            ],
            "description": [
              {
                "lang": "fi",
                "value": "Kenttään voidaan tarvittaessa kirjata muita tarpeellisia tietoja."
              },
              {
                "lang": "sv",
                "value": "I fältet kan man vid behov anteckna andra behövliga uppgifter."
              }
            ],
            "representation": [
              {
                "lang": "fi",
                "value": "Teksti"
              },
              {
                "lang": "sv",
                "value": "Text"
              }
            ],
            "repeatable": false,
            "required": false,
            "conditionalRequired": false,
            "nationwideRecordedInformation": false,
            "hiddenField": false,
            "hiddenTitle": false,
            "rowNumber": 47
          }
        },
        "lakiselostus": {
          "type": "string",
          "sosmeta": {
            "name": [
              {
                "lang": "fi",
                "value": "Lakiselostus"
              },
              {
                "lang": "sv",
                "value": "Lagförklaring"
              }
            ],
            "implementationNote": [
              {
                "lang": "fi",
                "value": "Kentässä voidaan käyttää automaattitekstiä, jonka organisaatio yhdessä tietojärjestelmätoimittajan kanssa laatii. THL ei laadi kentässä näytettäviä tekstejä."
              },
              {
                "lang": "sv",
                "value": "Kentässä voidaan käyttää automaattitekstiä, jonka organisaatio yhdessä tietojärjestelmätoimittajan kanssa laatii. THL ei laadi kentässä näytettäviä tekstejä."
              }
            ],
            "representation": [
              {
                "lang": "fi",
                "value": "Teksti"
              },
              {
                "lang": "sv",
                "value": "Text"
              }
            ],
            "repeatable": false,
            "required": false,
            "conditionalRequired": false,
            "nationwideRecordedInformation": false,
            "hiddenField": false,
            "hiddenTitle": false,
            "rowNumber": 48
          }
        },
        "paivamaara": {
          "type": "string",
          "pattern": "^-?[0-9]{4}(-(0[1-9]|1[0-2])(-(0[0-9]|[1-2][0-9]|3[0-1]))?)?$",
          "sosmeta": {
            "name": [
              {
                "lang": "fi",
                "value": "Päivämäärä"
              },
              {
                "lang": "sv",
                "value": "Datum"
              }
            ],
            "description": [
              {
                "lang": "fi",
                "value": "Kenttään kirjataan asiakirjan laatimisen päivämäärä."
              },
              {
                "lang": "sv",
                "value": "I fältet antecknas datum för upprättandet av handlingen."
              }
            ],
            "representation": [
              {
                "lang": "fi",
                "value": "Pvm"
              },
              {
                "lang": "sv",
                "value": "Datum"
              }
            ],
            "repeatable": false,
            "required": false,
            "conditionalRequired": false,
            "nationwideRecordedInformation": true,
            "hiddenField": false,
            "hiddenTitle": false,
            "rowNumber": 49
          }
        },
        "laatija": {
          "type": "array",
          "minItems": 1,
          "items": {
            "type": "object",
            "additionalProperties": false,
            "sosmeta": {
              "name": [
                {
                  "lang": "fi",
                  "value": "Laatija"
                },
                {
                  "lang": "sv",
                  "value": "Upprättare"
                }
              ],
              "description": [
                {
                  "lang": "fi",
                  "value": "-"
                },
                {
                  "lang": "sv",
                  "value": "-"
                }
              ],
              "repeatable": true,
              "required": true,
              "conditionalRequired": false,
              "nationwideRecordedInformation": false,
              "hiddenField": false,
              "hiddenTitle": false,
              "rowNumber": 50
            },
            "required": [
              "sukunimi",
              "etunimet"
            ],
            "properties": {
              "sukunimi": {
                "type": "string",
                "minLength": 1,
                "sosmeta": {
                  "name": [
                    {
                      "lang": "fi",
                      "value": "Sukunimi"
                    },
                    {
                      "lang": "sv",
                      "value": "Efternamn"
                    }
                  ],
                  "description": [
                    {
                      "lang": "fi",
                      "value": "-"
                    },
                    {
                      "lang": "sv",
                      "value": "-"
                    }
                  ],
                  "representation": [
                    {
                      "lang": "fi",
                      "value": "Nimi"
                    },
                    {
                      "lang": "sv",
                      "value": "Namn"
                    }
                  ],
                  "repeatable": false,
                  "required": true,
                  "conditionalRequired": false,
                  "nationwideRecordedInformation": false,
                  "hiddenField": false,
                  "hiddenTitle": false,
                  "rowNumber": 51
                }
              },
              "etunimet": {
                "type": "string",
                "minLength": 1,
                "sosmeta": {
                  "name": [
                    {
                      "lang": "fi",
                      "value": "Etunimet"
                    },
                    {
                      "lang": "sv",
                      "value": "Samtliga förnamn"
                    }
                  ],
                  "description": [
                    {
                      "lang": "fi",
                      "value": "-"
                    },
                    {
                      "lang": "sv",
                      "value": "-"
                    }
                  ],
                  "representation": [
                    {
                      "lang": "fi",
                      "value": "Nimi"
                    },
                    {
                      "lang": "sv",
                      "value": "Namn"
                    }
                  ],
                  "repeatable": false,
                  "required": true,
                  "conditionalRequired": false,
                  "nationwideRecordedInformation": false,
                  "hiddenField": false,
                  "hiddenTitle": false,
                  "rowNumber": 52
                }
              },
              "tehtavanimike": {
                "type": "string",
                "sosmeta": {
                  "name": [
                    {
                      "lang": "fi",
                      "value": "Tehtävänimike"
                    },
                    {
                      "lang": "sv",
                      "value": "Uppgiftsbeteckning"
                    }
                  ],
                  "description": [
                    {
                      "lang": "fi",
                      "value": "-"
                    },
                    {
                      "lang": "sv",
                      "value": "-"
                    }
                  ],
                  "example": [
                    {
                      "lang": "fi",
                      "value": "-"
                    },
                    {
                      "lang": "sv",
                      "value": "-"
                    }
                  ],
                  "representation": [
                    {
                      "lang": "fi",
                      "value": "Teksti"
                    },
                    {
                      "lang": "sv",
                      "value": "Text"
                    }
                  ],
                  "repeatable": false,
                  "required": false,
                  "conditionalRequired": false,
                  "nationwideRecordedInformation": false,
                  "hiddenField": false,
                  "hiddenTitle": false,
                  "rowNumber": 53
                }
              },
              "palveluyksikko": {
                "type": "object",
                "additionalProperties": false,
                "sosmeta": {
                  "name": [
                    {
                      "lang": "fi",
                      "value": "Palveluyksikkö"
                    },
                    {
                      "lang": "sv",
                      "value": "Serviceenhet"
                    }
                  ],
                  "description": [
                    {
                      "lang": "fi",
                      "value": "Kenttään kirjataan palveluyksikön nimi SOTE-organisaatiorekisterin avulla."
                    },
                    {
                      "lang": "sv",
                      "value": "I fältet antecknas namnet på serviceenheten enligt Organisationsregistret för social- och hälsovården."
                    }
                  ],
                  "example": [
                    {
                      "lang": "fi",
                      "value": "1.2.246.10.1012636.10.1.1.100768 \u003d Espoon keskuksen lastensuojelu, Espoon kaupunki, sosiaali- ja terveystoimi"
                    },
                    {
                      "lang": "sv",
                      "value": "1.2.246.10.1012636.10.1.1.100768 \u003d Esbo centrums barnskydd, Esbo stad, social- och hälsovårdssektorn"
                    }
                  ],
                  "classification": [
                    {
                      "lang": "fi",
                      "value": "Koodistopalvelin: THL - SOTE-organisaatiorekisteri 1.2.246.537.6.202"
                    },
                    {
                      "lang": "sv",
                      "value": "Kodtjänsten: THL - SOTE-organisationsregister 1.2.246.537.6.202"
                    }
                  ],
                  "classificationLink": [
                    {
                      "lang": "",
                      "value": "https://koodistopalvelu.kanta.fi/codeserver/pages/classification-view-page.xhtml?classificationKey\u003d421\u0026versionKey\u003d501"
                    }
                  ],
                  "classificationOid": [
                    {
                      "lang": "",
                      "value": "1.2.246.537.6.202"
                    }
                  ],
                  "representation": [
                    {
                      "lang": "fi",
                      "value": "Koodi"
                    },
                    {
                      "lang": "sv",
                      "value": "Kod"
                    }
                  ],
                  "repeatable": false,
                  "required": false,
                  "conditionalRequired": false,
                  "nationwideRecordedInformation": false,
                  "hiddenField": false,
                  "hiddenTitle": false,
                  "rowNumber": 54
                },
                "required": [
                  "system",
                  "code",
                  "display"
                ],
                "properties": {
                  "system": {
                    "type": "string",
                    "pattern": "^urn:oid:1\\.2\\.246\\.537\\.6\\.202(\\.\\d+)*$"
                  },
                  "code": {
                    "type": "string"
                  },
                  "display": {
                    "type": "string"
                  }
                }
              }
            }
          }
        }
      }
    }
  }
}