{
  "$schema": "http://json-schema.org/draft-07/schema#",
  "title": "\u0027Ilmoitus kuntouttavasta työtoiminnasta\u0027 JSON schema",
  "type": "object",
  "additionalProperties": false,
  "sosmeta": {
    "title": "\u0027Ilmoitus kuntouttavasta työtoiminnasta\u0027 JSON schema",
    "status": "Valmis",
    "documentDefinitionVersion": "2023-05-31",
    "dataComponentLibraryVersion": "2023-05-26",
    "oid": "1.2.246.537.6.1506.4002.2023.5.31",
    "documentType": "Ilmoitus",
    "documentAuthor": "ammattihenkilö",
    "documentSubject": "Kuntouttavan työtoiminnan asiakasasiakirjat"
  },
  "required": [
    "ilmoitus_kuntouttavasta_tyotoiminnasta"
  ],
  "properties": {
    "ilmoitus_kuntouttavasta_tyotoiminnasta": {
      "type": "object",
      "additionalProperties": false,
      "sosmeta": {
        "name": [
          {
            "lang": "fi",
            "value": "Ilmoitus kuntouttavasta työtoiminnasta"
          },
          {
            "lang": "sv",
            "value": "Anmälan om arbetsverksamhet i rehabiliteringssyfte"
          }
        ]
      },
      "required": [
        "vastaanottaja",
        "asiakas"
      ],
      "properties": {
        "vastaanottaja": {
          "type": "object",
          "additionalProperties": false,
          "sosmeta": {
            "name": [
              {
                "lang": "fi",
                "value": "Vastaanottaja"
              },
              {
                "lang": "sv",
                "value": "Mottagare"
              }
            ],
            "description": [
              {
                "lang": "fi",
                "value": "Vastaanottaja on organisaatio."
              },
              {
                "lang": "sv",
                "value": "Mottagaren är en organisation."
              }
            ],
            "repeatable": false,
            "required": true,
            "conditionalRequired": false,
            "nationwideRecordedInformation": false,
            "hiddenField": false,
            "hiddenTitle": false,
            "rowNumber": 1
          },
          "required": [
            "organisaation_nimi"
          ],
          "properties": {
            "organisaation_nimi": {
              "type": "string",
              "minLength": 1,
              "sosmeta": {
                "name": [
                  {
                    "lang": "fi",
                    "value": "Organisaation nimi"
                  },
                  {
                    "lang": "sv",
                    "value": "Organisationens namn"
                  }
                ],
                "description": [
                  {
                    "lang": "fi",
                    "value": "-"
                  },
                  {
                    "lang": "sv",
                    "value": "-"
                  }
                ],
                "example": [
                  {
                    "lang": "fi",
                    "value": "-"
                  },
                  {
                    "lang": "sv",
                    "value": "-"
                  }
                ],
                "representation": [
                  {
                    "lang": "fi",
                    "value": "Nimi"
                  },
                  {
                    "lang": "sv",
                    "value": "Namn"
                  }
                ],
                "repeatable": false,
                "required": true,
                "conditionalRequired": false,
                "nationwideRecordedInformation": false,
                "hiddenField": false,
                "hiddenTitle": false,
                "rowNumber": 2
              }
            },
            "yhteystiedot": {
              "type": "object",
              "additionalProperties": false,
              "sosmeta": {
                "name": [
                  {
                    "lang": "fi",
                    "value": "Yhteystiedot"
                  },
                  {
                    "lang": "sv",
                    "value": "Kontaktuppgifter"
                  }
                ],
                "description": [
                  {
                    "lang": "fi",
                    "value": "-"
                  },
                  {
                    "lang": "sv",
                    "value": "-"
                  }
                ],
                "repeatable": false,
                "required": false,
                "conditionalRequired": false,
                "nationwideRecordedInformation": false,
                "hiddenField": false,
                "hiddenTitle": false,
                "rowNumber": 3
              },
              "required": [],
              "properties": {
                "osoite": {
                  "type": "object",
                  "additionalProperties": false,
                  "sosmeta": {
                    "name": [
                      {
                        "lang": "fi",
                        "value": "Osoite"
                      },
                      {
                        "lang": "sv",
                        "value": "Adress"
                      }
                    ],
                    "description": [
                      {
                        "lang": "fi",
                        "value": "-"
                      },
                      {
                        "lang": "sv",
                        "value": "-"
                      }
                    ],
                    "repeatable": false,
                    "required": false,
                    "conditionalRequired": false,
                    "nationwideRecordedInformation": false,
                    "hiddenField": false,
                    "hiddenTitle": false,
                    "rowNumber": 4
                  },
                  "required": [],
                  "properties": {
                    "lahiosoite": {
                      "type": "string",
                      "sosmeta": {
                        "name": [
                          {
                            "lang": "fi",
                            "value": "Lähiosoite"
                          },
                          {
                            "lang": "sv",
                            "value": "Näradress"
                          }
                        ],
                        "description": [
                          {
                            "lang": "fi",
                            "value": "-"
                          },
                          {
                            "lang": "sv",
                            "value": "-"
                          }
                        ],
                        "example": [
                          {
                            "lang": "fi",
                            "value": "-"
                          },
                          {
                            "lang": "sv",
                            "value": "-"
                          }
                        ],
                        "representation": [
                          {
                            "lang": "fi",
                            "value": "Teksti"
                          },
                          {
                            "lang": "sv",
                            "value": "Text"
                          }
                        ],
                        "repeatable": false,
                        "required": false,
                        "conditionalRequired": false,
                        "nationwideRecordedInformation": false,
                        "hiddenField": false,
                        "hiddenTitle": false,
                        "rowNumber": 5
                      }
                    },
                    "postinumero": {
                      "type": "string",
                      "sosmeta": {
                        "name": [
                          {
                            "lang": "fi",
                            "value": "Postinumero"
                          },
                          {
                            "lang": "sv",
                            "value": "Postnummer"
                          }
                        ],
                        "description": [
                          {
                            "lang": "fi",
                            "value": "-"
                          },
                          {
                            "lang": "sv",
                            "value": "-"
                          }
                        ],
                        "example": [
                          {
                            "lang": "fi",
                            "value": "-"
                          },
                          {
                            "lang": "sv",
                            "value": "-"
                          }
                        ],
                        "representation": [
                          {
                            "lang": "fi",
                            "value": "Teksti"
                          },
                          {
                            "lang": "sv",
                            "value": "Text"
                          }
                        ],
                        "repeatable": false,
                        "required": false,
                        "conditionalRequired": false,
                        "nationwideRecordedInformation": false,
                        "hiddenField": false,
                        "hiddenTitle": false,
                        "rowNumber": 6
                      }
                    },
                    "postitoimipaikka": {
                      "type": "string",
                      "sosmeta": {
                        "name": [
                          {
                            "lang": "fi",
                            "value": "Postitoimipaikka"
                          },
                          {
                            "lang": "sv",
                            "value": "Postkontor"
                          }
                        ],
                        "description": [
                          {
                            "lang": "fi",
                            "value": "-"
                          },
                          {
                            "lang": "sv",
                            "value": "-"
                          }
                        ],
                        "example": [
                          {
                            "lang": "fi",
                            "value": "-"
                          },
                          {
                            "lang": "sv",
                            "value": "-"
                          }
                        ],
                        "representation": [
                          {
                            "lang": "fi",
                            "value": "Nimi"
                          },
                          {
                            "lang": "sv",
                            "value": "Namn"
                          }
                        ],
                        "repeatable": false,
                        "required": false,
                        "conditionalRequired": false,
                        "nationwideRecordedInformation": false,
                        "hiddenField": false,
                        "hiddenTitle": false,
                        "rowNumber": 7
                      }
                    }
                  }
                }
              }
            },
            "yhteyshenkilo": {
              "type": "object",
              "additionalProperties": false,
              "sosmeta": {
                "name": [
                  {
                    "lang": "fi",
                    "value": "Yhteyshenkilö"
                  },
                  {
                    "lang": "sv",
                    "value": "Kontaktperson"
                  }
                ],
                "description": [
                  {
                    "lang": "fi",
                    "value": "Ilmoituksen vastaanottaja on organisaatio. Jos vastaanottajaksi halutaan kirjata organisaation lisäksi tietty ammattihenkilö, hänen nimensä kirjataan tähän."
                  },
                  {
                    "lang": "sv",
                    "value": "Mottagare av anmälan är en organisation. Om man utöver organisationen också vill anteckna en viss yrkesutbildad person som mottagare, antecknar man personens namn här."
                  }
                ],
                "repeatable": false,
                "required": false,
                "conditionalRequired": false,
                "nationwideRecordedInformation": false,
                "hiddenField": false,
                "hiddenTitle": false,
                "rowNumber": 8
              },
              "required": [
                "sukunimi",
                "etunimet"
              ],
              "properties": {
                "sukunimi": {
                  "type": "string",
                  "minLength": 1,
                  "sosmeta": {
                    "name": [
                      {
                        "lang": "fi",
                        "value": "Sukunimi"
                      },
                      {
                        "lang": "sv",
                        "value": "Efternamn"
                      }
                    ],
                    "description": [
                      {
                        "lang": "fi",
                        "value": "-"
                      },
                      {
                        "lang": "sv",
                        "value": "-"
                      }
                    ],
                    "representation": [
                      {
                        "lang": "fi",
                        "value": "Nimi"
                      },
                      {
                        "lang": "sv",
                        "value": "Namn"
                      }
                    ],
                    "repeatable": false,
                    "required": true,
                    "conditionalRequired": false,
                    "nationwideRecordedInformation": false,
                    "hiddenField": false,
                    "hiddenTitle": false,
                    "rowNumber": 9
                  }
                },
                "etunimet": {
                  "type": "string",
                  "minLength": 1,
                  "sosmeta": {
                    "name": [
                      {
                        "lang": "fi",
                        "value": "Etunimet"
                      },
                      {
                        "lang": "sv",
                        "value": "Samtliga förnamn"
                      }
                    ],
                    "description": [
                      {
                        "lang": "fi",
                        "value": "-"
                      },
                      {
                        "lang": "sv",
                        "value": "-"
                      }
                    ],
                    "representation": [
                      {
                        "lang": "fi",
                        "value": "Nimi"
                      },
                      {
                        "lang": "sv",
                        "value": "Namn"
                      }
                    ],
                    "repeatable": false,
                    "required": true,
                    "conditionalRequired": false,
                    "nationwideRecordedInformation": false,
                    "hiddenField": false,
                    "hiddenTitle": false,
                    "rowNumber": 10
                  }
                }
              }
            }
          }
        },
        "asiakas": {
          "type": "object",
          "additionalProperties": false,
          "sosmeta": {
            "name": [
              {
                "lang": "fi",
                "value": "Asiakas"
              },
              {
                "lang": "sv",
                "value": "Klient"
              }
            ],
            "description": [
              {
                "lang": "fi",
                "value": "-"
              },
              {
                "lang": "sv",
                "value": "-"
              }
            ],
            "repeatable": false,
            "required": true,
            "conditionalRequired": false,
            "nationwideRecordedInformation": false,
            "hiddenField": false,
            "hiddenTitle": false,
            "rowNumber": 11
          },
          "required": [
            "sukunimi",
            "etunimet",
            "henkilotunnus"
          ],
          "properties": {
            "sukunimi": {
              "type": "string",
              "minLength": 1,
              "sosmeta": {
                "name": [
                  {
                    "lang": "fi",
                    "value": "Sukunimi"
                  },
                  {
                    "lang": "sv",
                    "value": "Efternamn"
                  }
                ],
                "description": [
                  {
                    "lang": "fi",
                    "value": "-"
                  },
                  {
                    "lang": "sv",
                    "value": "-"
                  }
                ],
                "example": [
                  {
                    "lang": "fi",
                    "value": "-"
                  },
                  {
                    "lang": "sv",
                    "value": "-"
                  }
                ],
                "representation": [
                  {
                    "lang": "fi",
                    "value": "Nimi"
                  },
                  {
                    "lang": "sv",
                    "value": "Namn"
                  }
                ],
                "repeatable": false,
                "required": true,
                "conditionalRequired": false,
                "nationwideRecordedInformation": false,
                "hiddenField": false,
                "hiddenTitle": false,
                "rowNumber": 12
              }
            },
            "etunimet": {
              "type": "string",
              "minLength": 1,
              "sosmeta": {
                "name": [
                  {
                    "lang": "fi",
                    "value": "Etunimet"
                  },
                  {
                    "lang": "sv",
                    "value": "Samtliga förnamn"
                  }
                ],
                "description": [
                  {
                    "lang": "fi",
                    "value": "-"
                  },
                  {
                    "lang": "sv",
                    "value": "-"
                  }
                ],
                "example": [
                  {
                    "lang": "fi",
                    "value": "-"
                  },
                  {
                    "lang": "sv",
                    "value": "-"
                  }
                ],
                "representation": [
                  {
                    "lang": "fi",
                    "value": "Nimi"
                  },
                  {
                    "lang": "sv",
                    "value": "Namn"
                  }
                ],
                "repeatable": false,
                "required": true,
                "conditionalRequired": false,
                "nationwideRecordedInformation": false,
                "hiddenField": false,
                "hiddenTitle": false,
                "rowNumber": 13
              }
            },
            "henkilotunnus": {
              "type": "object",
              "additionalProperties": false,
              "sosmeta": {
                "name": [
                  {
                    "lang": "fi",
                    "value": "Henkilötunnus"
                  },
                  {
                    "lang": "sv",
                    "value": "Personbeteckning"
                  }
                ],
                "description": [
                  {
                    "lang": "fi",
                    "value": "-"
                  },
                  {
                    "lang": "sv",
                    "value": "-"
                  }
                ],
                "example": [
                  {
                    "lang": "fi",
                    "value": "-"
                  },
                  {
                    "lang": "sv",
                    "value": "-"
                  }
                ],
                "implementationNote": [
                  {
                    "lang": "fi",
                    "value": "Kenttä on pakollinen TK Yksityishenkilön määrityksestä poiketen."
                  },
                  {
                    "lang": "sv",
                    "value": "Kenttä on pakollinen TK Yksityishenkilön määrityksestä poiketen."
                  }
                ],
                "representation": [
                  {
                    "lang": "fi",
                    "value": "Tunnus"
                  },
                  {
                    "lang": "sv",
                    "value": "Identifierare"
                  }
                ],
                "systemUri": [
                  {
                    "lang": "",
                    "value": "urn:oid:1.2.246.21"
                  }
                ],
                "repeatable": false,
                "required": true,
                "conditionalRequired": false,
                "nationwideRecordedInformation": false,
                "hiddenField": false,
                "hiddenTitle": false,
                "rowNumber": 14
              },
              "required": [
                "value"
              ],
              "properties": {
                "system": {
                  "type": "string"
                },
                "value": {
                  "type": "string"
                }
              }
            },
            "turvakielto": {
              "type": "boolean",
              "sosmeta": {
                "name": [
                  {
                    "lang": "fi",
                    "value": "Turvakielto"
                  },
                  {
                    "lang": "sv",
                    "value": "Spärrmarkering"
                  }
                ],
                "description": [
                  {
                    "lang": "fi",
                    "value": "Kenttään kirjataan onko henkilöllä yhteystietoja koskeva turvakielto. Palvelunantajalla on erityinen velvollisuus huolehtia, etteivät turvakiellon suojaamat tiedot pääse ulkopuolisten käsiin."
                  },
                  {
                    "lang": "sv",
                    "value": "I fältet antecknas om personen har en spärrmarkering som gäller kontaktuppgifterna. Tillhandahållaren av tjänster har särskild skyldighet att se till att uppgifterna som skyddas av spärrmarkeringen inte kommer i utomståendes händer."
                  }
                ],
                "example": [
                  {
                    "lang": "fi",
                    "value": "Kyllä"
                  },
                  {
                    "lang": "sv",
                    "value": "Ja"
                  }
                ],
                "representation": [
                  {
                    "lang": "fi",
                    "value": "Kytkin"
                  },
                  {
                    "lang": "sv",
                    "value": "Brytare"
                  }
                ],
                "repeatable": false,
                "required": false,
                "conditionalRequired": false,
                "nationwideRecordedInformation": false,
                "hiddenField": false,
                "hiddenTitle": false,
                "rowNumber": 15
              }
            },
            "yhteystiedot": {
              "type": "object",
              "additionalProperties": false,
              "sosmeta": {
                "name": [
                  {
                    "lang": "fi",
                    "value": "Yhteystiedot"
                  },
                  {
                    "lang": "sv",
                    "value": "Kontaktuppgifter"
                  }
                ],
                "description": [
                  {
                    "lang": "fi",
                    "value": "-"
                  },
                  {
                    "lang": "sv",
                    "value": "-"
                  }
                ],
                "repeatable": false,
                "required": false,
                "conditionalRequired": false,
                "nationwideRecordedInformation": false,
                "hiddenField": false,
                "hiddenTitle": false,
                "rowNumber": 16
              },
              "required": [],
              "properties": {
                "osoite": {
                  "type": "array",
                  "minItems": 0,
                  "items": {
                    "type": "object",
                    "additionalProperties": false,
                    "sosmeta": {
                      "name": [
                        {
                          "lang": "fi",
                          "value": "Osoite"
                        },
                        {
                          "lang": "sv",
                          "value": "Adress"
                        }
                      ],
                      "description": [
                        {
                          "lang": "fi",
                          "value": "-"
                        },
                        {
                          "lang": "sv",
                          "value": "-"
                        }
                      ],
                      "repeatable": true,
                      "required": false,
                      "conditionalRequired": false,
                      "nationwideRecordedInformation": false,
                      "hiddenField": false,
                      "hiddenTitle": false,
                      "rowNumber": 17
                    },
                    "required": [],
                    "properties": {
                      "lahiosoite": {
                        "type": "string",
                        "sosmeta": {
                          "name": [
                            {
                              "lang": "fi",
                              "value": "Lähiosoite"
                            },
                            {
                              "lang": "sv",
                              "value": "Näradress"
                            }
                          ],
                          "description": [
                            {
                              "lang": "fi",
                              "value": "-"
                            },
                            {
                              "lang": "sv",
                              "value": "-"
                            }
                          ],
                          "example": [
                            {
                              "lang": "fi",
                              "value": "-"
                            },
                            {
                              "lang": "sv",
                              "value": "-"
                            }
                          ],
                          "representation": [
                            {
                              "lang": "fi",
                              "value": "Teksti"
                            },
                            {
                              "lang": "sv",
                              "value": "Text"
                            }
                          ],
                          "repeatable": false,
                          "required": false,
                          "conditionalRequired": false,
                          "nationwideRecordedInformation": false,
                          "hiddenField": false,
                          "hiddenTitle": false,
                          "rowNumber": 18
                        }
                      },
                      "postinumero": {
                        "type": "string",
                        "sosmeta": {
                          "name": [
                            {
                              "lang": "fi",
                              "value": "Postinumero"
                            },
                            {
                              "lang": "sv",
                              "value": "Postnummer"
                            }
                          ],
                          "description": [
                            {
                              "lang": "fi",
                              "value": "-"
                            },
                            {
                              "lang": "sv",
                              "value": "-"
                            }
                          ],
                          "example": [
                            {
                              "lang": "fi",
                              "value": "-"
                            },
                            {
                              "lang": "sv",
                              "value": "-"
                            }
                          ],
                          "representation": [
                            {
                              "lang": "fi",
                              "value": "Teksti"
                            },
                            {
                              "lang": "sv",
                              "value": "Text"
                            }
                          ],
                          "repeatable": false,
                          "required": false,
                          "conditionalRequired": false,
                          "nationwideRecordedInformation": false,
                          "hiddenField": false,
                          "hiddenTitle": false,
                          "rowNumber": 19
                        }
                      },
                      "postitoimipaikka": {
                        "type": "string",
                        "sosmeta": {
                          "name": [
                            {
                              "lang": "fi",
                              "value": "Postitoimipaikka"
                            },
                            {
                              "lang": "sv",
                              "value": "Postkontor"
                            }
                          ],
                          "description": [
                            {
                              "lang": "fi",
                              "value": "-"
                            },
                            {
                              "lang": "sv",
                              "value": "-"
                            }
                          ],
                          "example": [
                            {
                              "lang": "fi",
                              "value": "-"
                            },
                            {
                              "lang": "sv",
                              "value": "-"
                            }
                          ],
                          "representation": [
                            {
                              "lang": "fi",
                              "value": "Nimi"
                            },
                            {
                              "lang": "sv",
                              "value": "Namn"
                            }
                          ],
                          "repeatable": false,
                          "required": false,
                          "conditionalRequired": false,
                          "nationwideRecordedInformation": false,
                          "hiddenField": false,
                          "hiddenTitle": false,
                          "rowNumber": 20
                        }
                      }
                    }
                  }
                },
                "puhelinnumero": {
                  "type": "string",
                  "sosmeta": {
                    "name": [
                      {
                        "lang": "fi",
                        "value": "Puhelinnumero"
                      },
                      {
                        "lang": "sv",
                        "value": "Telefonnummer"
                      }
                    ],
                    "description": [
                      {
                        "lang": "fi",
                        "value": "-"
                      },
                      {
                        "lang": "sv",
                        "value": "-"
                      }
                    ],
                    "example": [
                      {
                        "lang": "fi",
                        "value": "-"
                      },
                      {
                        "lang": "sv",
                        "value": "-"
                      }
                    ],
                    "representation": [
                      {
                        "lang": "fi",
                        "value": "Teksti"
                      },
                      {
                        "lang": "sv",
                        "value": "Text"
                      }
                    ],
                    "repeatable": false,
                    "required": false,
                    "conditionalRequired": false,
                    "nationwideRecordedInformation": false,
                    "hiddenField": false,
                    "hiddenTitle": false,
                    "rowNumber": 21
                  }
                }
              }
            }
          }
        },
        "kuntouttava_tyotoiminta_aloitetaan": {
          "type": "boolean",
          "sosmeta": {
            "name": [
              {
                "lang": "fi",
                "value": "Kuntouttava työtoiminta aloitetaan"
              },
              {
                "lang": "sv",
                "value": "Arbetsverksamhet i rehabiliteringssyfte inleds"
              }
            ],
            "implementationNote": [
              {
                "lang": "fi",
                "value": "Jos kyllä, asiakirjasta näytetään vain kentät kuntouttavan työtoiminnan aloittamispäivä, jakson pituus, työtoimintapaikka, kuvaus kuntouttavasta työtoiminnasta ja työaika."
              },
              {
                "lang": "sv",
                "value": "Jos kyllä, asiakirjasta näytetään vain kentät kuntouttavan työtoiminnan aloittamispäivä, jakson pituus, työtoimintapaikka, kuvaus kuntouttavasta työtoiminnasta ja työaika."
              }
            ],
            "representation": [
              {
                "lang": "fi",
                "value": "Kytkin"
              },
              {
                "lang": "sv",
                "value": "Brytare"
              }
            ],
            "repeatable": false,
            "required": false,
            "conditionalRequired": false,
            "nationwideRecordedInformation": true,
            "hiddenField": false,
            "hiddenTitle": false,
            "rowNumber": 22
          }
        },
        "kuntouttavan_tyotoiminnan_aloittamispaiva": {
          "type": "string",
          "pattern": "^-?[0-9]{4}(-(0[1-9]|1[0-2])(-(0[0-9]|[1-2][0-9]|3[0-1]))?)?$",
          "sosmeta": {
            "name": [
              {
                "lang": "fi",
                "value": "Kuntouttavan työtoiminnan aloittamispäivä"
              },
              {
                "lang": "sv",
                "value": "Datum för inledande av arbetsverksamhet i rehabiliteringssyfte"
              }
            ],
            "representation": [
              {
                "lang": "fi",
                "value": "Pvm"
              },
              {
                "lang": "sv",
                "value": "Datum"
              }
            ],
            "repeatable": false,
            "required": false,
            "conditionalRequired": false,
            "nationwideRecordedInformation": true,
            "hiddenField": false,
            "hiddenTitle": false,
            "rowNumber": 23
          }
        },
        "kuntouttavan_tyotoiminnan_jakson_pituus": {
          "type": "string",
          "sosmeta": {
            "name": [
              {
                "lang": "fi",
                "value": "Kuntouttavan työtoiminnan jakson pituus"
              },
              {
                "lang": "sv",
                "value": "Längd på perioden för arbetsverksamhet i rehabiliteringssyfte"
              }
            ],
            "representation": [
              {
                "lang": "fi",
                "value": "Teksti"
              },
              {
                "lang": "sv",
                "value": "Text"
              }
            ],
            "repeatable": false,
            "required": false,
            "conditionalRequired": false,
            "nationwideRecordedInformation": false,
            "hiddenField": false,
            "hiddenTitle": false,
            "rowNumber": 24
          }
        },
        "kuntouttava_tyotoiminta_keskeytetaan": {
          "type": "boolean",
          "sosmeta": {
            "name": [
              {
                "lang": "fi",
                "value": "Kuntouttava työtoiminta keskeytetään"
              },
              {
                "lang": "sv",
                "value": "Arbetsverksamheten i rehabiliteringssyfte avbryts"
              }
            ],
            "implementationNote": [
              {
                "lang": "fi",
                "value": "Jos kyllä, asiakirjasta näytetään kentät Kuntouttavan työtoiminnan keskeyttämisen syy ja Kuntouttavan työtoiminnan keskeyttämispäivä."
              },
              {
                "lang": "sv",
                "value": "Jos kyllä, asiakirjasta näytetään kentät Kuntouttavan työtoiminnan keskeyttämisen syy ja Kuntouttavan työtoiminnan keskeyttämispäivä."
              }
            ],
            "representation": [
              {
                "lang": "fi",
                "value": "Kytkin"
              },
              {
                "lang": "sv",
                "value": "Brytare"
              }
            ],
            "repeatable": false,
            "required": false,
            "conditionalRequired": false,
            "nationwideRecordedInformation": true,
            "hiddenField": false,
            "hiddenTitle": false,
            "rowNumber": 25
          }
        },
        "kuntouttavan_tyotoiminnan_keskeyttamisen_syy": {
          "type": "string",
          "sosmeta": {
            "name": [
              {
                "lang": "fi",
                "value": "Kuntouttavan työtoiminnan keskeyttämisen syy"
              },
              {
                "lang": "sv",
                "value": "Orsak till att arbetsverksamhet i rehabiliteringssyfte avbryts"
              }
            ],
            "example": [
              {
                "lang": "fi",
                "value": "Työllistyminen, opiskelu"
              },
              {
                "lang": "sv",
                "value": "Sysselsättning, studier"
              }
            ],
            "representation": [
              {
                "lang": "fi",
                "value": "Teksti"
              },
              {
                "lang": "sv",
                "value": "Text"
              }
            ],
            "repeatable": false,
            "required": false,
            "conditionalRequired": false,
            "nationwideRecordedInformation": false,
            "hiddenField": false,
            "hiddenTitle": false,
            "rowNumber": 26
          }
        },
        "kuntouttavan_tyotoiminnan_keskeyttamispaiva": {
          "type": "string",
          "pattern": "^-?[0-9]{4}(-(0[1-9]|1[0-2])(-(0[0-9]|[1-2][0-9]|3[0-1]))?)?$",
          "sosmeta": {
            "name": [
              {
                "lang": "fi",
                "value": "Kuntouttavan työtoiminnan keskeyttämispäivä"
              },
              {
                "lang": "sv",
                "value": "Datum för avbrytande av arbetsverksamhet i rehabiliteringssyfte"
              }
            ],
            "representation": [
              {
                "lang": "fi",
                "value": "Pvm"
              },
              {
                "lang": "sv",
                "value": "Datum"
              }
            ],
            "repeatable": false,
            "required": false,
            "conditionalRequired": false,
            "nationwideRecordedInformation": true,
            "hiddenField": false,
            "hiddenTitle": false,
            "rowNumber": 27
          }
        },
        "tyotoimintapaikka": {
          "type": "string",
          "sosmeta": {
            "name": [
              {
                "lang": "fi",
                "value": "Työtoimintapaikka"
              },
              {
                "lang": "sv",
                "value": "Plats för arbetsverksamhet"
              }
            ],
            "representation": [
              {
                "lang": "fi",
                "value": "Nimi"
              },
              {
                "lang": "sv",
                "value": "Namn"
              }
            ],
            "repeatable": false,
            "required": false,
            "conditionalRequired": false,
            "nationwideRecordedInformation": false,
            "hiddenField": false,
            "hiddenTitle": false,
            "rowNumber": 28
          }
        },
        "kuvaus_kuntouttavasta_tyotoiminnasta": {
          "type": "string",
          "sosmeta": {
            "name": [
              {
                "lang": "fi",
                "value": "Kuvaus kuntouttavasta työtoiminnasta"
              },
              {
                "lang": "sv",
                "value": "Beskrivning av arbetsverksamheten i rehabiliteringssyfte"
              }
            ],
            "representation": [
              {
                "lang": "fi",
                "value": "Teksti"
              },
              {
                "lang": "sv",
                "value": "Text"
              }
            ],
            "repeatable": false,
            "required": false,
            "conditionalRequired": false,
            "nationwideRecordedInformation": false,
            "hiddenField": false,
            "hiddenTitle": false,
            "rowNumber": 29
          }
        },
        "tyoaika": {
          "type": "string",
          "sosmeta": {
            "name": [
              {
                "lang": "fi",
                "value": "Työaika"
              },
              {
                "lang": "sv",
                "value": "Arbetstid"
              }
            ],
            "title": [
              {
                "lang": "fi",
                "value": "Kuntouttavan työtoiminnan päivittäinen ja viikoittainen kesto"
              },
              {
                "lang": "sv",
                "value": "Längd på arbetsverksamheten i rehabiliteringssyfte per dag och vecka"
              }
            ],
            "representation": [
              {
                "lang": "fi",
                "value": "Teksti"
              },
              {
                "lang": "sv",
                "value": "Text"
              }
            ],
            "repeatable": false,
            "required": false,
            "conditionalRequired": false,
            "nationwideRecordedInformation": false,
            "hiddenField": false,
            "hiddenTitle": false,
            "rowNumber": 30
          }
        },
        "paivamaara": {
          "type": "string",
          "pattern": "^-?[0-9]{4}(-(0[1-9]|1[0-2])(-(0[0-9]|[1-2][0-9]|3[0-1]))?)?$",
          "sosmeta": {
            "name": [
              {
                "lang": "fi",
                "value": "Päivämäärä"
              },
              {
                "lang": "sv",
                "value": "Datum"
              }
            ],
            "description": [
              {
                "lang": "fi",
                "value": "Kenttään kirjataan ilmoituksen laatimisen päivämäärä."
              },
              {
                "lang": "sv",
                "value": "I fältet antecknas datum för upprättandet av anmälan."
              }
            ],
            "representation": [
              {
                "lang": "fi",
                "value": "Pvm"
              },
              {
                "lang": "sv",
                "value": "Datum"
              }
            ],
            "repeatable": false,
            "required": false,
            "conditionalRequired": false,
            "nationwideRecordedInformation": true,
            "hiddenField": false,
            "hiddenTitle": false,
            "rowNumber": 31
          }
        },
        "ilmoittaja": {
          "type": "array",
          "minItems": 0,
          "items": {
            "type": "object",
            "additionalProperties": false,
            "sosmeta": {
              "name": [
                {
                  "lang": "fi",
                  "value": "Ilmoittaja"
                },
                {
                  "lang": "sv",
                  "value": "Anmälare"
                }
              ],
              "description": [
                {
                  "lang": "fi",
                  "value": "-"
                },
                {
                  "lang": "sv",
                  "value": "-"
                }
              ],
              "repeatable": true,
              "required": false,
              "conditionalRequired": false,
              "nationwideRecordedInformation": false,
              "hiddenField": false,
              "hiddenTitle": false,
              "rowNumber": 32
            },
            "required": [
              "sukunimi",
              "etunimet"
            ],
            "properties": {
              "sukunimi": {
                "type": "string",
                "minLength": 1,
                "sosmeta": {
                  "name": [
                    {
                      "lang": "fi",
                      "value": "Sukunimi"
                    },
                    {
                      "lang": "sv",
                      "value": "Efternamn"
                    }
                  ],
                  "description": [
                    {
                      "lang": "fi",
                      "value": "-"
                    },
                    {
                      "lang": "sv",
                      "value": "-"
                    }
                  ],
                  "representation": [
                    {
                      "lang": "fi",
                      "value": "Nimi"
                    },
                    {
                      "lang": "sv",
                      "value": "Namn"
                    }
                  ],
                  "repeatable": false,
                  "required": true,
                  "conditionalRequired": false,
                  "nationwideRecordedInformation": false,
                  "hiddenField": false,
                  "hiddenTitle": false,
                  "rowNumber": 33
                }
              },
              "etunimet": {
                "type": "string",
                "minLength": 1,
                "sosmeta": {
                  "name": [
                    {
                      "lang": "fi",
                      "value": "Etunimet"
                    },
                    {
                      "lang": "sv",
                      "value": "Samtliga förnamn"
                    }
                  ],
                  "description": [
                    {
                      "lang": "fi",
                      "value": "-"
                    },
                    {
                      "lang": "sv",
                      "value": "-"
                    }
                  ],
                  "representation": [
                    {
                      "lang": "fi",
                      "value": "Nimi"
                    },
                    {
                      "lang": "sv",
                      "value": "Namn"
                    }
                  ],
                  "repeatable": false,
                  "required": true,
                  "conditionalRequired": false,
                  "nationwideRecordedInformation": false,
                  "hiddenField": false,
                  "hiddenTitle": false,
                  "rowNumber": 34
                }
              },
              "tehtavanimike": {
                "type": "string",
                "sosmeta": {
                  "name": [
                    {
                      "lang": "fi",
                      "value": "Tehtävänimike"
                    },
                    {
                      "lang": "sv",
                      "value": "Uppgiftsbeteckning"
                    }
                  ],
                  "description": [
                    {
                      "lang": "fi",
                      "value": "-"
                    },
                    {
                      "lang": "sv",
                      "value": "-"
                    }
                  ],
                  "example": [
                    {
                      "lang": "fi",
                      "value": "-"
                    },
                    {
                      "lang": "sv",
                      "value": "-"
                    }
                  ],
                  "representation": [
                    {
                      "lang": "fi",
                      "value": "Teksti"
                    },
                    {
                      "lang": "sv",
                      "value": "Text"
                    }
                  ],
                  "repeatable": false,
                  "required": false,
                  "conditionalRequired": false,
                  "nationwideRecordedInformation": false,
                  "hiddenField": false,
                  "hiddenTitle": false,
                  "rowNumber": 35
                }
              },
              "palveluyksikko": {
                "type": "object",
                "additionalProperties": false,
                "sosmeta": {
                  "name": [
                    {
                      "lang": "fi",
                      "value": "Palveluyksikkö"
                    },
                    {
                      "lang": "sv",
                      "value": "Serviceenhet"
                    }
                  ],
                  "description": [
                    {
                      "lang": "fi",
                      "value": "Kenttään kirjataan palveluyksikön nimi SOTE-organisaatiorekisterin avulla."
                    },
                    {
                      "lang": "sv",
                      "value": "I fältet antecknas namnet på serviceenheten enligt Organisationsregistret för social- och hälsovården."
                    }
                  ],
                  "example": [
                    {
                      "lang": "fi",
                      "value": "1.2.246.10.1012636.10.1.1.100768 \u003d Espoon keskuksen lastensuojelu, Espoon kaupunki, sosiaali- ja terveystoimi"
                    },
                    {
                      "lang": "sv",
                      "value": "1.2.246.10.1012636.10.1.1.100768 \u003d Esbo centrums barnskydd, Esbo stad, social- och hälsovårdssektorn"
                    }
                  ],
                  "classification": [
                    {
                      "lang": "fi",
                      "value": "Koodistopalvelin: THL - SOTE-organisaatiorekisteri 1.2.246.537.6.202"
                    },
                    {
                      "lang": "sv",
                      "value": "Kodtjänsten: THL - SOTE-organisationsregister 1.2.246.537.6.202"
                    }
                  ],
                  "classificationLink": [
                    {
                      "lang": "",
                      "value": "https://koodistopalvelu.kanta.fi/codeserver/pages/classification-view-page.xhtml?classificationKey\u003d421\u0026versionKey\u003d501"
                    }
                  ],
                  "classificationOid": [
                    {
                      "lang": "",
                      "value": "1.2.246.537.6.202"
                    }
                  ],
                  "representation": [
                    {
                      "lang": "fi",
                      "value": "Koodi"
                    },
                    {
                      "lang": "sv",
                      "value": "Kod"
                    }
                  ],
                  "repeatable": false,
                  "required": false,
                  "conditionalRequired": false,
                  "nationwideRecordedInformation": true,
                  "hiddenField": false,
                  "hiddenTitle": false,
                  "rowNumber": 36
                },
                "required": [
                  "system",
                  "code",
                  "display"
                ],
                "properties": {
                  "system": {
                    "type": "string",
                    "pattern": "^urn:oid:1\\.2\\.246\\.537\\.6\\.202(\\.\\d+)*$"
                  },
                  "code": {
                    "type": "string"
                  },
                  "display": {
                    "type": "string"
                  }
                }
              },
              "yhteystiedot": {
                "type": "object",
                "additionalProperties": false,
                "sosmeta": {
                  "name": [
                    {
                      "lang": "fi",
                      "value": "Yhteystiedot"
                    },
                    {
                      "lang": "sv",
                      "value": "Kontaktuppgifter"
                    }
                  ],
                  "description": [
                    {
                      "lang": "fi",
                      "value": "-"
                    },
                    {
                      "lang": "sv",
                      "value": "-"
                    }
                  ],
                  "repeatable": false,
                  "required": false,
                  "conditionalRequired": false,
                  "nationwideRecordedInformation": false,
                  "hiddenField": false,
                  "hiddenTitle": false,
                  "rowNumber": 37
                },
                "required": [],
                "properties": {
                  "osoite": {
                    "type": "array",
                    "minItems": 0,
                    "items": {
                      "type": "object",
                      "additionalProperties": false,
                      "sosmeta": {
                        "name": [
                          {
                            "lang": "fi",
                            "value": "Osoite"
                          },
                          {
                            "lang": "sv",
                            "value": "Adress"
                          }
                        ],
                        "description": [
                          {
                            "lang": "fi",
                            "value": "-"
                          },
                          {
                            "lang": "sv",
                            "value": "-"
                          }
                        ],
                        "repeatable": true,
                        "required": false,
                        "conditionalRequired": false,
                        "nationwideRecordedInformation": false,
                        "hiddenField": false,
                        "hiddenTitle": false,
                        "rowNumber": 38
                      },
                      "required": [],
                      "properties": {
                        "lahiosoite": {
                          "type": "string",
                          "sosmeta": {
                            "name": [
                              {
                                "lang": "fi",
                                "value": "Lähiosoite"
                              },
                              {
                                "lang": "sv",
                                "value": "Näradress"
                              }
                            ],
                            "description": [
                              {
                                "lang": "fi",
                                "value": "-"
                              },
                              {
                                "lang": "sv",
                                "value": "-"
                              }
                            ],
                            "example": [
                              {
                                "lang": "fi",
                                "value": "-"
                              },
                              {
                                "lang": "sv",
                                "value": "-"
                              }
                            ],
                            "representation": [
                              {
                                "lang": "fi",
                                "value": "Teksti"
                              },
                              {
                                "lang": "sv",
                                "value": "Text"
                              }
                            ],
                            "repeatable": false,
                            "required": false,
                            "conditionalRequired": false,
                            "nationwideRecordedInformation": false,
                            "hiddenField": false,
                            "hiddenTitle": false,
                            "rowNumber": 39
                          }
                        },
                        "postinumero": {
                          "type": "string",
                          "sosmeta": {
                            "name": [
                              {
                                "lang": "fi",
                                "value": "Postinumero"
                              },
                              {
                                "lang": "sv",
                                "value": "Postnummer"
                              }
                            ],
                            "description": [
                              {
                                "lang": "fi",
                                "value": "-"
                              },
                              {
                                "lang": "sv",
                                "value": "-"
                              }
                            ],
                            "example": [
                              {
                                "lang": "fi",
                                "value": "-"
                              },
                              {
                                "lang": "sv",
                                "value": "-"
                              }
                            ],
                            "representation": [
                              {
                                "lang": "fi",
                                "value": "Teksti"
                              },
                              {
                                "lang": "sv",
                                "value": "Text"
                              }
                            ],
                            "repeatable": false,
                            "required": false,
                            "conditionalRequired": false,
                            "nationwideRecordedInformation": false,
                            "hiddenField": false,
                            "hiddenTitle": false,
                            "rowNumber": 40
                          }
                        },
                        "postitoimipaikka": {
                          "type": "string",
                          "sosmeta": {
                            "name": [
                              {
                                "lang": "fi",
                                "value": "Postitoimipaikka"
                              },
                              {
                                "lang": "sv",
                                "value": "Postkontor"
                              }
                            ],
                            "description": [
                              {
                                "lang": "fi",
                                "value": "-"
                              },
                              {
                                "lang": "sv",
                                "value": "-"
                              }
                            ],
                            "example": [
                              {
                                "lang": "fi",
                                "value": "-"
                              },
                              {
                                "lang": "sv",
                                "value": "-"
                              }
                            ],
                            "representation": [
                              {
                                "lang": "fi",
                                "value": "Nimi"
                              },
                              {
                                "lang": "sv",
                                "value": "Namn"
                              }
                            ],
                            "repeatable": false,
                            "required": false,
                            "conditionalRequired": false,
                            "nationwideRecordedInformation": false,
                            "hiddenField": false,
                            "hiddenTitle": false,
                            "rowNumber": 41
                          }
                        }
                      }
                    }
                  },
                  "puhelinnumero": {
                    "type": "string",
                    "sosmeta": {
                      "name": [
                        {
                          "lang": "fi",
                          "value": "Puhelinnumero"
                        },
                        {
                          "lang": "sv",
                          "value": "Telefonnummer"
                        }
                      ],
                      "description": [
                        {
                          "lang": "fi",
                          "value": "-"
                        },
                        {
                          "lang": "sv",
                          "value": "-"
                        }
                      ],
                      "example": [
                        {
                          "lang": "fi",
                          "value": "-"
                        },
                        {
                          "lang": "sv",
                          "value": "-"
                        }
                      ],
                      "representation": [
                        {
                          "lang": "fi",
                          "value": "Teksti"
                        },
                        {
                          "lang": "sv",
                          "value": "Text"
                        }
                      ],
                      "repeatable": false,
                      "required": false,
                      "conditionalRequired": false,
                      "nationwideRecordedInformation": false,
                      "hiddenField": false,
                      "hiddenTitle": false,
                      "rowNumber": 42
                    }
                  },
                  "sahkopostiosoite": {
                    "type": "string",
                    "sosmeta": {
                      "name": [
                        {
                          "lang": "fi",
                          "value": "Sähköpostiosoite"
                        },
                        {
                          "lang": "sv",
                          "value": "E-postadress"
                        }
                      ],
                      "description": [
                        {
                          "lang": "fi",
                          "value": "-"
                        },
                        {
                          "lang": "sv",
                          "value": "-"
                        }
                      ],
                      "example": [
                        {
                          "lang": "fi",
                          "value": "-"
                        },
                        {
                          "lang": "sv",
                          "value": "-"
                        }
                      ],
                      "representation": [
                        {
                          "lang": "fi",
                          "value": "Teksti"
                        },
                        {
                          "lang": "sv",
                          "value": "Text"
                        }
                      ],
                      "repeatable": false,
                      "required": false,
                      "conditionalRequired": false,
                      "nationwideRecordedInformation": false,
                      "hiddenField": false,
                      "hiddenTitle": false,
                      "rowNumber": 43
                    }
                  }
                }
              }
            }
          }
        },
        "lisatiedot": {
          "type": "string",
          "sosmeta": {
            "name": [
              {
                "lang": "fi",
                "value": "Lisätiedot"
              },
              {
                "lang": "sv",
                "value": "Mer information"
              }
            ],
            "description": [
              {
                "lang": "fi",
                "value": "Kenttään kirjataan muut olennaiset kuntouttavan työtoiminnan aloittamiseen ja keskeyttämiseen liittyvät tiedot."
              },
              {
                "lang": "sv",
                "value": "I fältet antecknas andra väsentliga uppgifter om inledande och avbrytande av arbetsverksamhet i rehabiliteringssyfte."
              }
            ],
            "representation": [
              {
                "lang": "fi",
                "value": "Teksti"
              },
              {
                "lang": "sv",
                "value": "Text"
              }
            ],
            "repeatable": false,
            "required": false,
            "conditionalRequired": false,
            "nationwideRecordedInformation": false,
            "hiddenField": false,
            "hiddenTitle": false,
            "rowNumber": 44
          }
        },
        "lakiselostus": {
          "type": "string",
          "sosmeta": {
            "name": [
              {
                "lang": "fi",
                "value": "Lakiselostus"
              },
              {
                "lang": "sv",
                "value": "Lagförklaring"
              }
            ],
            "implementationNote": [
              {
                "lang": "fi",
                "value": "Kentässä voidaan käyttää automaattitekstiä, jonka organisaatio yhdessä tietojärjestelmätoimittajan kanssa laatii. THL ei laadi kentässä näytettäviä tekstejä."
              },
              {
                "lang": "sv",
                "value": "Kentässä voidaan käyttää automaattitekstiä, jonka organisaatio yhdessä tietojärjestelmätoimittajan kanssa laatii. THL ei laadi kentässä näytettäviä tekstejä."
              }
            ],
            "representation": [
              {
                "lang": "fi",
                "value": "Teksti"
              },
              {
                "lang": "sv",
                "value": "Text"
              }
            ],
            "repeatable": false,
            "required": false,
            "conditionalRequired": false,
            "nationwideRecordedInformation": false,
            "hiddenField": false,
            "hiddenTitle": false,
            "rowNumber": 45
          }
        }
      }
    }
  }
}