{
  "$schema": "http://json-schema.org/draft-07/schema#",
  "title": "\u0027Lapsen suostumus adoptioon\u0027 JSON schema",
  "type": "object",
  "additionalProperties": false,
  "sosmeta": {
    "title": "\u0027Lapsen suostumus adoptioon\u0027 JSON schema",
    "status": "Valmis",
    "documentDefinitionVersion": "2024-11-29",
    "dataComponentLibraryVersion": "2024-11-13",
    "oid": "1.2.246.537.6.1506.14001.2024.11.29",
    "documentType": "Suostumus",
    "documentAuthor": "ammattihenkilö",
    "documentSubject": "Adoptioneuvonnan asiakasasiakirjat"
  },
  "required": [
    "lapsen_suostumus_adoptioon"
  ],
  "properties": {
    "lapsen_suostumus_adoptioon": {
      "type": "object",
      "additionalProperties": false,
      "sosmeta": {
        "name": [
          {
            "lang": "fi",
            "value": "Lapsen suostumus adoptioon"
          }
        ]
      },
      "required": [
        "suostumuksen_vastaanottaja",
        "asiakas",
        "adoptoiva_vanhempi",
        "suostumus",
        "allekirjoitus"
      ],
      "properties": {
        "suostumuksen_vastaanottaja": {
          "type": "object",
          "additionalProperties": false,
          "sosmeta": {
            "name": [
              {
                "lang": "fi",
                "value": "Suostumuksen vastaanottaja"
              }
            ],
            "description": [
              {
                "lang": "fi",
                "value": "Ammattihenkilö, joka vastaanottaa suostumuksen"
              }
            ],
            "repeatable": false,
            "required": true,
            "conditionalRequired": false,
            "nationwideRecordedInformation": false,
            "hiddenField": false,
            "hiddenTitle": false,
            "rowNumber": 1
          },
          "required": [
            "sukunimi",
            "etunimet"
          ],
          "properties": {
            "sukunimi": {
              "type": "string",
              "minLength": 1,
              "sosmeta": {
                "name": [
                  {
                    "lang": "fi",
                    "value": "Sukunimi"
                  }
                ],
                "description": [
                  {
                    "lang": "fi",
                    "value": "-"
                  }
                ],
                "representation": [
                  {
                    "lang": "fi",
                    "value": "Nimi"
                  }
                ],
                "repeatable": false,
                "required": true,
                "conditionalRequired": false,
                "nationwideRecordedInformation": false,
                "hiddenField": false,
                "hiddenTitle": false,
                "rowNumber": 2
              }
            },
            "etunimet": {
              "type": "string",
              "minLength": 1,
              "sosmeta": {
                "name": [
                  {
                    "lang": "fi",
                    "value": "Etunimet"
                  }
                ],
                "description": [
                  {
                    "lang": "fi",
                    "value": "-"
                  }
                ],
                "representation": [
                  {
                    "lang": "fi",
                    "value": "Nimi"
                  }
                ],
                "repeatable": false,
                "required": true,
                "conditionalRequired": false,
                "nationwideRecordedInformation": false,
                "hiddenField": false,
                "hiddenTitle": false,
                "rowNumber": 3
              }
            },
            "tehtavanimike": {
              "type": "string",
              "sosmeta": {
                "name": [
                  {
                    "lang": "fi",
                    "value": "Tehtävänimike"
                  }
                ],
                "description": [
                  {
                    "lang": "fi",
                    "value": "-"
                  }
                ],
                "example": [
                  {
                    "lang": "fi",
                    "value": "-"
                  }
                ],
                "representation": [
                  {
                    "lang": "fi",
                    "value": "Teksti"
                  }
                ],
                "repeatable": false,
                "required": false,
                "conditionalRequired": false,
                "nationwideRecordedInformation": false,
                "hiddenField": false,
                "hiddenTitle": false,
                "rowNumber": 4
              }
            },
            "organisaatio": {
              "type": "string",
              "sosmeta": {
                "name": [
                  {
                    "lang": "fi",
                    "value": "Organisaatio"
                  }
                ],
                "description": [
                  {
                    "lang": "fi",
                    "value": "-"
                  }
                ],
                "representation": [
                  {
                    "lang": "fi",
                    "value": "Nimi"
                  }
                ],
                "repeatable": false,
                "required": false,
                "conditionalRequired": false,
                "nationwideRecordedInformation": false,
                "hiddenField": false,
                "hiddenTitle": false,
                "rowNumber": 5
              }
            },
            "yhteystiedot": {
              "type": "object",
              "additionalProperties": false,
              "sosmeta": {
                "name": [
                  {
                    "lang": "fi",
                    "value": "Yhteystiedot"
                  }
                ],
                "description": [
                  {
                    "lang": "fi",
                    "value": "-"
                  }
                ],
                "repeatable": false,
                "required": false,
                "conditionalRequired": false,
                "nationwideRecordedInformation": false,
                "hiddenField": false,
                "hiddenTitle": false,
                "rowNumber": 6
              },
              "required": [],
              "properties": {
                "osoite": {
                  "type": "object",
                  "additionalProperties": false,
                  "sosmeta": {
                    "name": [
                      {
                        "lang": "fi",
                        "value": "Osoite"
                      }
                    ],
                    "description": [
                      {
                        "lang": "fi",
                        "value": "-"
                      }
                    ],
                    "repeatable": false,
                    "required": false,
                    "conditionalRequired": false,
                    "nationwideRecordedInformation": false,
                    "hiddenField": false,
                    "hiddenTitle": false,
                    "rowNumber": 7
                  },
                  "required": [],
                  "properties": {
                    "lahiosoite": {
                      "type": "string",
                      "sosmeta": {
                        "name": [
                          {
                            "lang": "fi",
                            "value": "Lähiosoite"
                          }
                        ],
                        "description": [
                          {
                            "lang": "fi",
                            "value": "-"
                          }
                        ],
                        "example": [
                          {
                            "lang": "fi",
                            "value": "-"
                          }
                        ],
                        "representation": [
                          {
                            "lang": "fi",
                            "value": "Teksti"
                          }
                        ],
                        "repeatable": false,
                        "required": false,
                        "conditionalRequired": false,
                        "nationwideRecordedInformation": false,
                        "hiddenField": false,
                        "hiddenTitle": false,
                        "rowNumber": 8
                      }
                    },
                    "postinumero": {
                      "type": "string",
                      "sosmeta": {
                        "name": [
                          {
                            "lang": "fi",
                            "value": "Postinumero"
                          }
                        ],
                        "description": [
                          {
                            "lang": "fi",
                            "value": "-"
                          }
                        ],
                        "example": [
                          {
                            "lang": "fi",
                            "value": "-"
                          }
                        ],
                        "representation": [
                          {
                            "lang": "fi",
                            "value": "Teksti"
                          }
                        ],
                        "repeatable": false,
                        "required": false,
                        "conditionalRequired": false,
                        "nationwideRecordedInformation": false,
                        "hiddenField": false,
                        "hiddenTitle": false,
                        "rowNumber": 9
                      }
                    },
                    "postitoimipaikka": {
                      "type": "string",
                      "sosmeta": {
                        "name": [
                          {
                            "lang": "fi",
                            "value": "Postitoimipaikka"
                          }
                        ],
                        "description": [
                          {
                            "lang": "fi",
                            "value": "-"
                          }
                        ],
                        "example": [
                          {
                            "lang": "fi",
                            "value": "-"
                          }
                        ],
                        "representation": [
                          {
                            "lang": "fi",
                            "value": "Nimi"
                          }
                        ],
                        "repeatable": false,
                        "required": false,
                        "conditionalRequired": false,
                        "nationwideRecordedInformation": false,
                        "hiddenField": false,
                        "hiddenTitle": false,
                        "rowNumber": 10
                      }
                    }
                  }
                }
              }
            }
          }
        },
        "asiakas": {
          "type": "object",
          "additionalProperties": false,
          "sosmeta": {
            "name": [
              {
                "lang": "fi",
                "value": "Asiakas"
              }
            ],
            "title": [
              {
                "lang": "fi",
                "value": "Suostumuksen antaja"
              }
            ],
            "description": [
              {
                "lang": "fi",
                "value": "Tähän kohtaan, eli suostumuksen antajaksi, ja samalla asiakkaaksi, kirjataan lapsi."
              }
            ],
            "repeatable": false,
            "required": true,
            "conditionalRequired": false,
            "nationwideRecordedInformation": false,
            "hiddenField": false,
            "hiddenTitle": false,
            "rowNumber": 11
          },
          "required": [
            "sukunimi",
            "etunimet"
          ],
          "properties": {
            "sukunimi": {
              "type": "string",
              "minLength": 1,
              "sosmeta": {
                "name": [
                  {
                    "lang": "fi",
                    "value": "Sukunimi"
                  }
                ],
                "description": [
                  {
                    "lang": "fi",
                    "value": "-"
                  }
                ],
                "representation": [
                  {
                    "lang": "fi",
                    "value": "Nimi"
                  }
                ],
                "repeatable": false,
                "required": true,
                "conditionalRequired": false,
                "nationwideRecordedInformation": false,
                "hiddenField": false,
                "hiddenTitle": false,
                "rowNumber": 12
              }
            },
            "etunimet": {
              "type": "string",
              "minLength": 1,
              "sosmeta": {
                "name": [
                  {
                    "lang": "fi",
                    "value": "Etunimet"
                  }
                ],
                "description": [
                  {
                    "lang": "fi",
                    "value": "-"
                  }
                ],
                "representation": [
                  {
                    "lang": "fi",
                    "value": "Nimi"
                  }
                ],
                "repeatable": false,
                "required": true,
                "conditionalRequired": false,
                "nationwideRecordedInformation": false,
                "hiddenField": false,
                "hiddenTitle": false,
                "rowNumber": 13
              }
            },
            "henkilotunnus": {
              "type": "object",
              "additionalProperties": false,
              "sosmeta": {
                "name": [
                  {
                    "lang": "fi",
                    "value": "Henkilötunnus"
                  }
                ],
                "description": [
                  {
                    "lang": "fi",
                    "value": "-"
                  }
                ],
                "implementationNote": [
                  {
                    "lang": "fi",
                    "value": "Ehdollisesti pakollinen: Henkilötunnus- ja Tilapäinen yksilöintitunnus -kentistä toinen on pakollinen."
                  }
                ],
                "representation": [
                  {
                    "lang": "fi",
                    "value": "Tunnus"
                  }
                ],
                "systemUri": [
                  {
                    "lang": "",
                    "value": "urn:oid:1.2.246.21"
                  }
                ],
                "repeatable": false,
                "required": false,
                "conditionalRequired": true,
                "nationwideRecordedInformation": false,
                "hiddenField": false,
                "hiddenTitle": false,
                "rowNumber": 14
              },
              "required": [
                "value"
              ],
              "properties": {
                "system": {
                  "type": "string"
                },
                "value": {
                  "type": "string"
                }
              }
            },
            "tilapainen_yksilointitunnus": {
              "type": "object",
              "additionalProperties": false,
              "sosmeta": {
                "name": [
                  {
                    "lang": "fi",
                    "value": "Tilapäinen yksilöintitunnus"
                  }
                ],
                "description": [
                  {
                    "lang": "fi",
                    "value": "Kenttään kirjataan henkilön tilapäiseen yksilöintiin annettu tunnus."
                  }
                ],
                "example": [
                  {
                    "lang": "fi",
                    "value": "112233-445a"
                  }
                ],
                "implementationNote": [
                  {
                    "lang": "fi",
                    "value": "Ehdollisesti pakollinen: Henkilötunnus- ja Tilapäinen yksilöintitunnus -kentistä toinen on pakollinen."
                  }
                ],
                "representation": [
                  {
                    "lang": "fi",
                    "value": "Tunnus"
                  }
                ],
                "repeatable": false,
                "required": false,
                "conditionalRequired": true,
                "nationwideRecordedInformation": false,
                "hiddenField": false,
                "hiddenTitle": false,
                "rowNumber": 15
              },
              "required": [
                "value"
              ],
              "properties": {
                "system": {
                  "type": "string"
                },
                "value": {
                  "type": "string"
                }
              }
            },
            "syntymaaika": {
              "type": "string",
              "pattern": "^-?[0-9]{4}(-(0[1-9]|1[0-2])(-(0[0-9]|[1-2][0-9]|3[0-1]))?)?$",
              "sosmeta": {
                "name": [
                  {
                    "lang": "fi",
                    "value": "Syntymäaika"
                  }
                ],
                "description": [
                  {
                    "lang": "fi",
                    "value": "-"
                  }
                ],
                "example": [
                  {
                    "lang": "fi",
                    "value": "-"
                  }
                ],
                "implementationNote": [
                  {
                    "lang": "fi",
                    "value": "Näytetään vain jos henkilötunnusta ei ole."
                  }
                ],
                "representation": [
                  {
                    "lang": "fi",
                    "value": "Pvm"
                  }
                ],
                "repeatable": false,
                "required": false,
                "conditionalRequired": false,
                "nationwideRecordedInformation": false,
                "hiddenField": false,
                "hiddenTitle": false,
                "rowNumber": 16
              }
            },
            "syntymatiedot": {
              "type": "object",
              "additionalProperties": false,
              "sosmeta": {
                "name": [
                  {
                    "lang": "fi",
                    "value": "Syntymätiedot"
                  }
                ],
                "description": [
                  {
                    "lang": "fi",
                    "value": "-"
                  }
                ],
                "repeatable": false,
                "required": false,
                "conditionalRequired": false,
                "nationwideRecordedInformation": false,
                "hiddenField": false,
                "hiddenTitle": false,
                "rowNumber": 17
              },
              "required": [],
              "properties": {
                "kunta": {
                  "type": "object",
                  "additionalProperties": false,
                  "sosmeta": {
                    "name": [
                      {
                        "lang": "fi",
                        "value": "Kunta"
                      }
                    ],
                    "title": [
                      {
                        "lang": "fi",
                        "value": "Syntymäkunta"
                      }
                    ],
                    "description": [
                      {
                        "lang": "fi",
                        "value": "-"
                      }
                    ],
                    "example": [
                      {
                        "lang": "fi",
                        "value": "-"
                      }
                    ],
                    "classification": [
                      {
                        "lang": "fi",
                        "value": "Koodistopalvelin: VRK/THL - Kuntakoodit 1.2.246.537.6.21"
                      }
                    ],
                    "classificationLink": [
                      {
                        "lang": "",
                        "value": "https://koodistopalvelu.kanta.fi/codeserver/pages/classification-view-page.xhtml?classificationKey\u003d362\u0026versionKey\u003d440"
                      }
                    ],
                    "classificationOid": [
                      {
                        "lang": "",
                        "value": "1.2.246.537.6.21"
                      }
                    ],
                    "representation": [
                      {
                        "lang": "fi",
                        "value": "Koodi"
                      }
                    ],
                    "repeatable": false,
                    "required": false,
                    "conditionalRequired": false,
                    "nationwideRecordedInformation": false,
                    "hiddenField": false,
                    "hiddenTitle": false,
                    "rowNumber": 18
                  },
                  "required": [
                    "system",
                    "code",
                    "display"
                  ],
                  "properties": {
                    "system": {
                      "type": "string",
                      "pattern": "^urn:oid:1\\.2\\.246\\.537\\.6\\.21(\\.\\d+)*$"
                    },
                    "code": {
                      "type": "string"
                    },
                    "display": {
                      "type": "string"
                    }
                  }
                },
                "maa": {
                  "type": "object",
                  "additionalProperties": false,
                  "sosmeta": {
                    "name": [
                      {
                        "lang": "fi",
                        "value": "Maa"
                      }
                    ],
                    "title": [
                      {
                        "lang": "fi",
                        "value": "Syntymämaa"
                      }
                    ],
                    "description": [
                      {
                        "lang": "fi",
                        "value": "-"
                      }
                    ],
                    "example": [
                      {
                        "lang": "fi",
                        "value": "-"
                      }
                    ],
                    "classification": [
                      {
                        "lang": "fi",
                        "value": "Koodistopalvelin: SFS - Maakoodisto 1.2.246.537.6.97"
                      }
                    ],
                    "classificationLink": [
                      {
                        "lang": "",
                        "value": "https://koodistopalvelu.kanta.fi/codeserver/pages/classification-view-page.xhtml?classificationKey\u003d422\u0026versionKey\u003d502"
                      }
                    ],
                    "classificationOid": [
                      {
                        "lang": "",
                        "value": "1.2.246.537.6.97"
                      }
                    ],
                    "representation": [
                      {
                        "lang": "fi",
                        "value": "Koodi"
                      }
                    ],
                    "repeatable": false,
                    "required": false,
                    "conditionalRequired": false,
                    "nationwideRecordedInformation": false,
                    "hiddenField": false,
                    "hiddenTitle": false,
                    "rowNumber": 19
                  },
                  "required": [
                    "system",
                    "code",
                    "display"
                  ],
                  "properties": {
                    "system": {
                      "type": "string",
                      "pattern": "^urn:oid:1\\.2\\.246\\.537\\.6\\.97(\\.\\d+)*$"
                    },
                    "code": {
                      "type": "string"
                    },
                    "display": {
                      "type": "string"
                    }
                  }
                },
                "paikka": {
                  "type": "string",
                  "sosmeta": {
                    "name": [
                      {
                        "lang": "fi",
                        "value": "Paikka"
                      }
                    ],
                    "title": [
                      {
                        "lang": "fi",
                        "value": "Syntymäpaikka"
                      }
                    ],
                    "description": [
                      {
                        "lang": "fi",
                        "value": "Kenttää käytetään silloin, jos syntymäkuntaa tai -maata ei voida ilmoittaa, esimerkiksi jos henkilö on syntynyt valtiossa jota ei enää ole olemassa."
                      }
                    ],
                    "representation": [
                      {
                        "lang": "fi",
                        "value": "Teksti"
                      }
                    ],
                    "repeatable": false,
                    "required": false,
                    "conditionalRequired": false,
                    "nationwideRecordedInformation": false,
                    "hiddenField": false,
                    "hiddenTitle": false,
                    "rowNumber": 20
                  }
                }
              }
            }
          }
        },
        "vanhempi": {
          "type": "array",
          "minItems": 0,
          "items": {
            "type": "object",
            "additionalProperties": false,
            "sosmeta": {
              "name": [
                {
                  "lang": "fi",
                  "value": "Vanhempi"
                }
              ],
              "description": [
                {
                  "lang": "fi",
                  "value": "Vanhemmalla tarkoitetaan lapsen biologisia vanhempia. Vanhemmat eivät ole asiakkaita tässä asiassa, mutta heillä on tiedoksisaantioikeus tähän asiakirjaan."
                }
              ],
              "repeatable": true,
              "required": false,
              "conditionalRequired": false,
              "nationwideRecordedInformation": false,
              "hiddenField": false,
              "hiddenTitle": false,
              "rowNumber": 21
            },
            "required": [
              "sukunimi",
              "etunimet"
            ],
            "properties": {
              "sukunimi": {
                "type": "string",
                "minLength": 1,
                "sosmeta": {
                  "name": [
                    {
                      "lang": "fi",
                      "value": "Sukunimi"
                    }
                  ],
                  "description": [
                    {
                      "lang": "fi",
                      "value": "-"
                    }
                  ],
                  "representation": [
                    {
                      "lang": "fi",
                      "value": "Nimi"
                    }
                  ],
                  "repeatable": false,
                  "required": true,
                  "conditionalRequired": false,
                  "nationwideRecordedInformation": false,
                  "hiddenField": false,
                  "hiddenTitle": false,
                  "rowNumber": 22
                }
              },
              "etunimet": {
                "type": "string",
                "minLength": 1,
                "sosmeta": {
                  "name": [
                    {
                      "lang": "fi",
                      "value": "Etunimet"
                    }
                  ],
                  "description": [
                    {
                      "lang": "fi",
                      "value": "-"
                    }
                  ],
                  "representation": [
                    {
                      "lang": "fi",
                      "value": "Nimi"
                    }
                  ],
                  "repeatable": false,
                  "required": true,
                  "conditionalRequired": false,
                  "nationwideRecordedInformation": false,
                  "hiddenField": false,
                  "hiddenTitle": false,
                  "rowNumber": 23
                }
              },
              "henkilotunnus": {
                "type": "object",
                "additionalProperties": false,
                "sosmeta": {
                  "name": [
                    {
                      "lang": "fi",
                      "value": "Henkilötunnus"
                    }
                  ],
                  "description": [
                    {
                      "lang": "fi",
                      "value": "-"
                    }
                  ],
                  "implementationNote": [
                    {
                      "lang": "fi",
                      "value": "Ehdollisesti pakollinen: Henkilötunnus- ja Tilapäinen yksilöintitunnus -kentistä toinen on pakollinen."
                    }
                  ],
                  "representation": [
                    {
                      "lang": "fi",
                      "value": "Tunnus"
                    }
                  ],
                  "systemUri": [
                    {
                      "lang": "",
                      "value": "urn:oid:1.2.246.21"
                    }
                  ],
                  "repeatable": false,
                  "required": false,
                  "conditionalRequired": true,
                  "nationwideRecordedInformation": false,
                  "hiddenField": false,
                  "hiddenTitle": false,
                  "rowNumber": 24
                },
                "required": [
                  "value"
                ],
                "properties": {
                  "system": {
                    "type": "string"
                  },
                  "value": {
                    "type": "string"
                  }
                }
              },
              "tilapainen_yksilointitunnus": {
                "type": "object",
                "additionalProperties": false,
                "sosmeta": {
                  "name": [
                    {
                      "lang": "fi",
                      "value": "Tilapäinen yksilöintitunnus"
                    }
                  ],
                  "description": [
                    {
                      "lang": "fi",
                      "value": "Kenttään kirjataan henkilön tilapäiseen yksilöintiin annettu tunnus."
                    }
                  ],
                  "example": [
                    {
                      "lang": "fi",
                      "value": "112233-445a"
                    }
                  ],
                  "implementationNote": [
                    {
                      "lang": "fi",
                      "value": "Ehdollisesti pakollinen: Henkilötunnus- ja Tilapäinen yksilöintitunnus -kentistä toinen on pakollinen."
                    }
                  ],
                  "representation": [
                    {
                      "lang": "fi",
                      "value": "Tunnus"
                    }
                  ],
                  "repeatable": false,
                  "required": false,
                  "conditionalRequired": true,
                  "nationwideRecordedInformation": false,
                  "hiddenField": false,
                  "hiddenTitle": false,
                  "rowNumber": 25
                },
                "required": [
                  "value"
                ],
                "properties": {
                  "system": {
                    "type": "string"
                  },
                  "value": {
                    "type": "string"
                  }
                }
              }
            }
          }
        },
        "adoptoiva_vanhempi": {
          "type": "array",
          "minItems": 1,
          "items": {
            "type": "object",
            "additionalProperties": false,
            "sosmeta": {
              "name": [
                {
                  "lang": "fi",
                  "value": "Adoptoiva vanhempi"
                }
              ],
              "description": [
                {
                  "lang": "fi",
                  "value": "Adoptoivat vanhemmat eivät ole asiakkaita tässä asiassa, mutta heillä on tiedoksisaantioikeus tähän asiakirjaan."
                }
              ],
              "repeatable": true,
              "required": true,
              "conditionalRequired": false,
              "nationwideRecordedInformation": false,
              "hiddenField": false,
              "hiddenTitle": false,
              "rowNumber": 26
            },
            "required": [
              "sukunimi",
              "etunimet"
            ],
            "properties": {
              "sukunimi": {
                "type": "string",
                "minLength": 1,
                "sosmeta": {
                  "name": [
                    {
                      "lang": "fi",
                      "value": "Sukunimi"
                    }
                  ],
                  "description": [
                    {
                      "lang": "fi",
                      "value": "-"
                    }
                  ],
                  "representation": [
                    {
                      "lang": "fi",
                      "value": "Nimi"
                    }
                  ],
                  "repeatable": false,
                  "required": true,
                  "conditionalRequired": false,
                  "nationwideRecordedInformation": false,
                  "hiddenField": false,
                  "hiddenTitle": false,
                  "rowNumber": 27
                }
              },
              "etunimet": {
                "type": "string",
                "minLength": 1,
                "sosmeta": {
                  "name": [
                    {
                      "lang": "fi",
                      "value": "Etunimet"
                    }
                  ],
                  "description": [
                    {
                      "lang": "fi",
                      "value": "-"
                    }
                  ],
                  "representation": [
                    {
                      "lang": "fi",
                      "value": "Nimi"
                    }
                  ],
                  "repeatable": false,
                  "required": true,
                  "conditionalRequired": false,
                  "nationwideRecordedInformation": false,
                  "hiddenField": false,
                  "hiddenTitle": false,
                  "rowNumber": 28
                }
              },
              "henkilotunnus": {
                "type": "object",
                "additionalProperties": false,
                "sosmeta": {
                  "name": [
                    {
                      "lang": "fi",
                      "value": "Henkilötunnus"
                    }
                  ],
                  "description": [
                    {
                      "lang": "fi",
                      "value": "-"
                    }
                  ],
                  "implementationNote": [
                    {
                      "lang": "fi",
                      "value": "Ehdollisesti pakollinen: Henkilötunnus- ja Tilapäinen yksilöintitunnus -kentistä toinen on pakollinen."
                    }
                  ],
                  "representation": [
                    {
                      "lang": "fi",
                      "value": "Tunnus"
                    }
                  ],
                  "systemUri": [
                    {
                      "lang": "",
                      "value": "urn:oid:1.2.246.21"
                    }
                  ],
                  "repeatable": false,
                  "required": false,
                  "conditionalRequired": true,
                  "nationwideRecordedInformation": false,
                  "hiddenField": false,
                  "hiddenTitle": false,
                  "rowNumber": 29
                },
                "required": [
                  "value"
                ],
                "properties": {
                  "system": {
                    "type": "string"
                  },
                  "value": {
                    "type": "string"
                  }
                }
              },
              "tilapainen_yksilointitunnus": {
                "type": "object",
                "additionalProperties": false,
                "sosmeta": {
                  "name": [
                    {
                      "lang": "fi",
                      "value": "Tilapäinen yksilöintitunnus"
                    }
                  ],
                  "description": [
                    {
                      "lang": "fi",
                      "value": "Kenttään kirjataan henkilön tilapäiseen yksilöintiin annettu tunnus."
                    }
                  ],
                  "example": [
                    {
                      "lang": "fi",
                      "value": "112233-445a"
                    }
                  ],
                  "implementationNote": [
                    {
                      "lang": "fi",
                      "value": "Ehdollisesti pakollinen: Henkilötunnus- ja Tilapäinen yksilöintitunnus -kentistä toinen on pakollinen."
                    }
                  ],
                  "representation": [
                    {
                      "lang": "fi",
                      "value": "Tunnus"
                    }
                  ],
                  "repeatable": false,
                  "required": false,
                  "conditionalRequired": true,
                  "nationwideRecordedInformation": false,
                  "hiddenField": false,
                  "hiddenTitle": false,
                  "rowNumber": 30
                },
                "required": [
                  "value"
                ],
                "properties": {
                  "system": {
                    "type": "string"
                  },
                  "value": {
                    "type": "string"
                  }
                }
              }
            }
          }
        },
        "suostumus": {
          "type": "object",
          "additionalProperties": false,
          "sosmeta": {
            "name": [
              {
                "lang": "fi",
                "value": "Suostumus"
              }
            ],
            "description": [
              {
                "lang": "fi",
                "value": "-"
              }
            ],
            "repeatable": false,
            "required": true,
            "conditionalRequired": false,
            "nationwideRecordedInformation": false,
            "hiddenField": true,
            "hiddenTitle": false,
            "rowNumber": 31
          },
          "required": [
            "asiasisalto"
          ],
          "properties": {
            "asiasisalto": {
              "type": "string",
              "minLength": 1,
              "sosmeta": {
                "name": [
                  {
                    "lang": "fi",
                    "value": "Asiasisältö"
                  }
                ],
                "description": [
                  {
                    "lang": "fi",
                    "value": "Kenttään kirjataan suostumuksen sisältö."
                  }
                ],
                "example": [
                  {
                    "lang": "fi",
                    "value": "-"
                  }
                ],
                "representation": [
                  {
                    "lang": "fi",
                    "value": "Teksti"
                  }
                ],
                "repeatable": false,
                "required": true,
                "conditionalRequired": false,
                "nationwideRecordedInformation": false,
                "hiddenField": false,
                "hiddenTitle": false,
                "rowNumber": 32
              }
            }
          }
        },
        "lisatiedot": {
          "type": "string",
          "sosmeta": {
            "name": [
              {
                "lang": "fi",
                "value": "Lisätiedot"
              }
            ],
            "representation": [
              {
                "lang": "fi",
                "value": "Teksti"
              }
            ],
            "repeatable": false,
            "required": false,
            "conditionalRequired": false,
            "nationwideRecordedInformation": false,
            "hiddenField": false,
            "hiddenTitle": false,
            "rowNumber": 33
          }
        },
        "lakiselostus": {
          "type": "string",
          "sosmeta": {
            "name": [
              {
                "lang": "fi",
                "value": "Lakiselostus"
              }
            ],
            "example": [
              {
                "lang": "fi",
                "value": "Lapselle on hänen ikäänsä ja kehitystasoaan vastaavalla tavalla annettu tiedot adoption tarkoituksesta, edellytyksistä ja oikeusvaikutuksista sekä ne kyseistä adoptioasiaa koskevat tiedot, joilla voidaan olettaa olevan lapselle merkitystä."
              }
            ],
            "implementationNote": [
              {
                "lang": "fi",
                "value": "Kentässä voidaan käyttää automaattitekstiä, jonka organisaatio yhdessä tietojärjestelmätoimittajan kanssa laatii. THL ei laadi kentässä näytettäviä tekstejä."
              }
            ],
            "representation": [
              {
                "lang": "fi",
                "value": "Teksti"
              }
            ],
            "repeatable": false,
            "required": false,
            "conditionalRequired": false,
            "nationwideRecordedInformation": false,
            "hiddenField": false,
            "hiddenTitle": false,
            "rowNumber": 34
          }
        },
        "paivamaara": {
          "type": "string",
          "pattern": "^-?[0-9]{4}(-(0[1-9]|1[0-2])(-(0[0-9]|[1-2][0-9]|3[0-1]))?)?$",
          "sosmeta": {
            "name": [
              {
                "lang": "fi",
                "value": "Päivämäärä"
              }
            ],
            "description": [
              {
                "lang": "fi",
                "value": "Kenttään kirjataan asiakirjan laatimisen päivämäärä."
              }
            ],
            "representation": [
              {
                "lang": "fi",
                "value": "Pvm"
              }
            ],
            "repeatable": false,
            "required": false,
            "conditionalRequired": false,
            "nationwideRecordedInformation": false,
            "hiddenField": false,
            "hiddenTitle": false,
            "rowNumber": 35
          }
        },
        "allekirjoitus": {
          "type": "object",
          "additionalProperties": false,
          "sosmeta": {
            "name": [
              {
                "lang": "fi",
                "value": "Allekirjoitus"
              }
            ],
            "description": [
              {
                "lang": "fi",
                "value": "Asiakirjan allekirjoittaa suostumuksen antaja."
              }
            ],
            "repeatable": false,
            "required": true,
            "conditionalRequired": false,
            "nationwideRecordedInformation": false,
            "hiddenField": false,
            "hiddenTitle": false,
            "rowNumber": 36
          },
          "required": [
            "allekirjoituksen_tyyppi"
          ],
          "properties": {
            "allekirjoituksen_tyyppi": {
              "type": "object",
              "additionalProperties": false,
              "sosmeta": {
                "name": [
                  {
                    "lang": "fi",
                    "value": "Allekirjoituksen tyyppi"
                  }
                ],
                "description": [
                  {
                    "lang": "fi",
                    "value": "Kenttään kirjataan luokituksen avulla allekirjoituksen tyyppi."
                  }
                ],
                "example": [
                  {
                    "lang": "fi",
                    "value": "1 \u003d Asiakirja on allekirjoitettu sähköisesti"
                  }
                ],
                "classification": [
                  {
                    "lang": "fi",
                    "value": "Koodistopalvelin: eArkisto - Allekirjoitus 1.2.246.537.5.40161"
                  }
                ],
                "classificationLink": [
                  {
                    "lang": "",
                    "value": "https://koodistopalvelu.kanta.fi/codeserver/pages/classification-view-page.xhtml?classificationKey\u003d252\u0026versionKey\u003d329"
                  }
                ],
                "classificationOid": [
                  {
                    "lang": "",
                    "value": "1.2.246.537.5.40161"
                  }
                ],
                "representation": [
                  {
                    "lang": "fi",
                    "value": "Koodi"
                  }
                ],
                "repeatable": false,
                "required": true,
                "conditionalRequired": false,
                "nationwideRecordedInformation": false,
                "hiddenField": false,
                "hiddenTitle": false,
                "rowNumber": 37
              },
              "required": [
                "system",
                "code",
                "display"
              ],
              "properties": {
                "system": {
                  "type": "string",
                  "pattern": "^urn:oid:1\\.2\\.246\\.537\\.5\\.40161(\\.\\d+)*$"
                },
                "code": {
                  "type": "string"
                },
                "display": {
                  "type": "string"
                }
              }
            },
            "paikka": {
              "type": "string",
              "sosmeta": {
                "name": [
                  {
                    "lang": "fi",
                    "value": "Paikka"
                  }
                ],
                "description": [
                  {
                    "lang": "fi",
                    "value": "Kenttään kirjataan allekirjoituspaikka. Kenttää käytetään vain paperitulosteessa tai -lomakkeessa silloin, kun asiakirja allekirjoitetaan käsin eli Allekirjoituksen tyyppi -kenttään on valittu koodi 2 \u003d Asiakirja on allekirjoitettu käsin. Kenttä voidaan täyttää asiakastietojärjestelmässä samalla kun asiakirja laaditaan, jos asiakirja allekirjoitetaan laatimisen yhteydessä."
                  }
                ],
                "example": [
                  {
                    "lang": "fi",
                    "value": "Helsinki"
                  }
                ],
                "representation": [
                  {
                    "lang": "fi",
                    "value": "Teksti"
                  }
                ],
                "repeatable": false,
                "required": false,
                "conditionalRequired": false,
                "nationwideRecordedInformation": false,
                "hiddenField": false,
                "hiddenTitle": false,
                "rowNumber": 38
              }
            },
            "paivamaara": {
              "type": "string",
              "pattern": "^-?[0-9]{4}(-(0[1-9]|1[0-2])(-(0[0-9]|[1-2][0-9]|3[0-1]))?)?$",
              "sosmeta": {
                "name": [
                  {
                    "lang": "fi",
                    "value": "Päivämäärä"
                  }
                ],
                "description": [
                  {
                    "lang": "fi",
                    "value": "Kenttään kirjataan allekirjoituksen päivämäärä. Kenttää käytetään vain paperitulosteessa tai -lomakkeessa, kun asiakirja allekirjoitetaan käsin ja Allekirjoituksen tyyppi -kenttään on valittu koodi 2 \u003d Asiakirja on allekirjoitettu käsin. Kenttä voidaan täyttää asiakastietojärjestelmässä samalla kun asiakirja laaditaan, jos asiakirja allekirjoitetaan laatimisen yhteydessä."
                  }
                ],
                "example": [
                  {
                    "lang": "fi",
                    "value": "29.05.2020"
                  }
                ],
                "representation": [
                  {
                    "lang": "fi",
                    "value": "Pvm"
                  }
                ],
                "repeatable": false,
                "required": false,
                "conditionalRequired": false,
                "nationwideRecordedInformation": false,
                "hiddenField": false,
                "hiddenTitle": false,
                "rowNumber": 39
              }
            },
            "allekirjoitus": {
              "type": "string",
              "sosmeta": {
                "name": [
                  {
                    "lang": "fi",
                    "value": "Allekirjoitus"
                  }
                ],
                "description": [
                  {
                    "lang": "fi",
                    "value": "Kenttää käytetään vain paperitulosteessa tai -lomakkeessa, kun asiakirja allekirjoitetaan käsin ja Allekirjoituksen tyyppi -kenttään on valittu koodi 2 \u003d Asiakirja on allekirjoitettu käsin."
                  }
                ],
                "representation": [
                  {
                    "lang": "fi",
                    "value": "Allekirjoitus"
                  }
                ],
                "repeatable": false,
                "required": false,
                "conditionalRequired": false,
                "nationwideRecordedInformation": false,
                "hiddenField": false,
                "hiddenTitle": false,
                "rowNumber": 40
              }
            },
            "nimi": {
              "type": "string",
              "sosmeta": {
                "name": [
                  {
                    "lang": "fi",
                    "value": "Nimi"
                  }
                ],
                "description": [
                  {
                    "lang": "fi",
                    "value": "Kenttään kirjataan allekirjoittajan nimi tai nimenselvennys. Kenttää käytetään vain paperitulosteessa tai -lomakkeessa, kun asiakirja allekirjoitetaan käsin ja Allekirjoituksen tyyppi -kenttään on valittu koodi 2 \u003d Asiakirja on allekirjoitettu käsin. Kenttä voidaan täyttää asiakastietojärjestelmässä samalla kun asiakirja laaditaan, jos asiakirja allekirjoitetaan laatimisen yhteydessä."
                  }
                ],
                "representation": [
                  {
                    "lang": "fi",
                    "value": "Nimi"
                  }
                ],
                "repeatable": false,
                "required": false,
                "conditionalRequired": false,
                "nationwideRecordedInformation": false,
                "hiddenField": false,
                "hiddenTitle": false,
                "rowNumber": 41
              }
            }
          }
        }
      }
    }
  }
}