{
  "$schema": "http://json-schema.org/draft-07/schema#",
  "title": "\u0027Yhteenveto rajoitustoimenpiteen jälkiselvittelystä\u0027 JSON schema",
  "type": "object",
  "additionalProperties": false,
  "sosmeta": {
    "title": "\u0027Yhteenveto rajoitustoimenpiteen jälkiselvittelystä\u0027 JSON schema",
    "status": "Valmis",
    "documentDefinitionVersion": "2022-09-28",
    "dataComponentLibraryVersion": "2022-09-27",
    "oid": "1.2.246.537.6.1506.16007.2022.9.28",
    "documentType": "Yhteenveto",
    "documentAuthor": "ammattihenkilö",
    "documentSubject": "Vammaispalvelujen asiakasasiakirjat"
  },
  "required": [
    "yhteenveto_rajoitustoimenpiteen_jalkiselvittelysta"
  ],
  "properties": {
    "yhteenveto_rajoitustoimenpiteen_jalkiselvittelysta": {
      "type": "object",
      "additionalProperties": false,
      "sosmeta": {
        "name": [
          {
            "lang": "fi",
            "value": "Yhteenveto rajoitustoimenpiteen jälkiselvittelystä"
          },
          {
            "lang": "sv",
            "value": "Sammanfattning av genomgång i efterhand av begränsningsåtgärder"
          }
        ]
      },
      "required": [
        "asiakas",
        "keinot_rajoitustoimenpiteiden_kayton_valttamiseksi_jatkossa",
        "laatija"
      ],
      "properties": {
        "asiakas": {
          "type": "object",
          "additionalProperties": false,
          "sosmeta": {
            "name": [
              {
                "lang": "fi",
                "value": "Asiakas"
              },
              {
                "lang": "sv",
                "value": "Klient"
              }
            ],
            "description": [
              {
                "lang": "fi",
                "value": "-"
              },
              {
                "lang": "sv",
                "value": "-"
              }
            ],
            "repeatable": false,
            "required": true,
            "conditionalRequired": false,
            "nationwideRecordedInformation": false,
            "hiddenField": false,
            "hiddenTitle": false,
            "rowNumber": 1
          },
          "required": [
            "sukunimi",
            "etunimet",
            "henkilotunnus"
          ],
          "properties": {
            "sukunimi": {
              "type": "string",
              "minLength": 1,
              "sosmeta": {
                "name": [
                  {
                    "lang": "fi",
                    "value": "Sukunimi"
                  },
                  {
                    "lang": "sv",
                    "value": "Efternamn"
                  }
                ],
                "description": [
                  {
                    "lang": "fi",
                    "value": "-"
                  },
                  {
                    "lang": "sv",
                    "value": "-"
                  }
                ],
                "example": [
                  {
                    "lang": "fi",
                    "value": "-"
                  },
                  {
                    "lang": "sv",
                    "value": "-"
                  }
                ],
                "representation": [
                  {
                    "lang": "fi",
                    "value": "Nimi"
                  },
                  {
                    "lang": "sv",
                    "value": "Namn"
                  }
                ],
                "repeatable": false,
                "required": true,
                "conditionalRequired": false,
                "nationwideRecordedInformation": false,
                "hiddenField": false,
                "hiddenTitle": false,
                "rowNumber": 2
              }
            },
            "etunimet": {
              "type": "string",
              "minLength": 1,
              "sosmeta": {
                "name": [
                  {
                    "lang": "fi",
                    "value": "Etunimet"
                  },
                  {
                    "lang": "sv",
                    "value": "Samtliga förnamn"
                  }
                ],
                "description": [
                  {
                    "lang": "fi",
                    "value": "-"
                  },
                  {
                    "lang": "sv",
                    "value": "-"
                  }
                ],
                "example": [
                  {
                    "lang": "fi",
                    "value": "-"
                  },
                  {
                    "lang": "sv",
                    "value": "-"
                  }
                ],
                "representation": [
                  {
                    "lang": "fi",
                    "value": "Nimi"
                  },
                  {
                    "lang": "sv",
                    "value": "Namn"
                  }
                ],
                "repeatable": false,
                "required": true,
                "conditionalRequired": false,
                "nationwideRecordedInformation": false,
                "hiddenField": false,
                "hiddenTitle": false,
                "rowNumber": 3
              }
            },
            "henkilotunnus": {
              "type": "object",
              "additionalProperties": false,
              "sosmeta": {
                "name": [
                  {
                    "lang": "fi",
                    "value": "Henkilötunnus"
                  },
                  {
                    "lang": "sv",
                    "value": "Personbeteckning"
                  }
                ],
                "description": [
                  {
                    "lang": "fi",
                    "value": "-"
                  },
                  {
                    "lang": "sv",
                    "value": "-"
                  }
                ],
                "example": [
                  {
                    "lang": "fi",
                    "value": "-"
                  },
                  {
                    "lang": "sv",
                    "value": "-"
                  }
                ],
                "implementationNote": [
                  {
                    "lang": "fi",
                    "value": "Kenttä on pakollinen TK Yksityishenkilön määrityksestä poiketen."
                  },
                  {
                    "lang": "sv",
                    "value": "Kenttä on pakollinen TK Yksityishenkilön määrityksestä poiketen."
                  }
                ],
                "representation": [
                  {
                    "lang": "fi",
                    "value": "Tunnus"
                  },
                  {
                    "lang": "sv",
                    "value": "Identifierare"
                  }
                ],
                "systemUri": [
                  {
                    "lang": "",
                    "value": "urn:oid:1.2.246.21"
                  }
                ],
                "repeatable": false,
                "required": true,
                "conditionalRequired": false,
                "nationwideRecordedInformation": false,
                "hiddenField": false,
                "hiddenTitle": false,
                "rowNumber": 4
              },
              "required": [
                "value"
              ],
              "properties": {
                "system": {
                  "type": "string"
                },
                "value": {
                  "type": "string"
                }
              }
            }
          }
        },
        "yksikko": {
          "type": "object",
          "additionalProperties": false,
          "sosmeta": {
            "name": [
              {
                "lang": "fi",
                "value": "Yksikkö"
              },
              {
                "lang": "sv",
                "value": "Enhet"
              }
            ],
            "title": [
              {
                "lang": "fi",
                "value": "Yksikkö, jossa rajoitustoimenpide/rajoitustoimenpiteet on tehty"
              },
              {
                "lang": "sv",
                "value": "Enhet där begränsningsåtgärden/begränsningsåtgärderna har utförts"
              }
            ],
            "description": [
              {
                "lang": "fi",
                "value": "Kenttään kirjataan yksikön nimi SOTE-organisaatiorekisterin avulla."
              },
              {
                "lang": "sv",
                "value": "I fältet antecknas namnet på enheten med hjälp av Organisationsregistret för social- och hälsovården."
              }
            ],
            "example": [
              {
                "lang": "fi",
                "value": "1.2.246.10.1012636.10.1.1.100768 \u003d Espoon keskuksen lastensuojelu, Espoon kaupunki, sosiaali- ja terveystoimi"
              },
              {
                "lang": "sv",
                "value": "1.2.246.10.1012636.10.1.1.100768 \u003d Esbo centrums barnskydd, Esbo stad, social- och hälsovårdssektorn"
              }
            ],
            "classification": [
              {
                "lang": "fi",
                "value": "Koodistopalvelin: THL - SOTE-organisaatiorekisteri 1.2.246.537.6.202"
              },
              {
                "lang": "sv",
                "value": "Kodtjänsten: THL - SOTE-organisationsregister 1.2.246.537.6.202"
              }
            ],
            "classificationLink": [
              {
                "lang": "",
                "value": "https://koodistopalvelu.kanta.fi/codeserver/pages/classification-view-page.xhtml?classificationKey\u003d421\u0026versionKey\u003d501"
              }
            ],
            "classificationOid": [
              {
                "lang": "",
                "value": "1.2.246.537.6.202"
              }
            ],
            "representation": [
              {
                "lang": "fi",
                "value": "Koodi"
              },
              {
                "lang": "sv",
                "value": "Kod"
              }
            ],
            "repeatable": false,
            "required": false,
            "conditionalRequired": false,
            "nationwideRecordedInformation": false,
            "hiddenField": false,
            "hiddenTitle": false,
            "rowNumber": 5
          },
          "required": [
            "system",
            "code",
            "display"
          ],
          "properties": {
            "system": {
              "type": "string",
              "pattern": "^urn:oid:1\\.2\\.246\\.537\\.6\\.202(\\.\\d+)*$"
            },
            "code": {
              "type": "string"
            },
            "display": {
              "type": "string"
            }
          }
        },
        "asiakkaalle_tehty_rajoitustoimenpide_tai_tehdyt_rajoitustoimenpiteet": {
          "type": "array",
          "minItems": 0,
          "items": {
            "type": "object",
            "additionalProperties": false,
            "sosmeta": {
              "name": [
                {
                  "lang": "fi",
                  "value": "Asiakkaalle tehty rajoitustoimenpide tai tehdyt rajoitustoimenpiteet"
                },
                {
                  "lang": "sv",
                  "value": "Begränsningsåtgärd eller begränsningsåtgärder som klienten har varit föremål för"
                }
              ],
              "description": [
                {
                  "lang": "fi",
                  "value": "Mikäli kaksi tai useampi rajoitustoimenpidettä on tehty yhtäaikaisesti, voidaan niiden jälkiselvittely tehdä yhdellä asiakirjalla."
                },
                {
                  "lang": "sv",
                  "value": "Om två eller flera begränsningsåtgärder har utförts samtidigt, kan genomgången i efterhand göras i ett dokument."
                }
              ],
              "implementationNote": [
                {
                  "lang": "fi",
                  "value": "\"Asiakkaalle tehty rajoitustoimenpide tai tehdyt rajoitustoimenpiteet\" näytetään vain kerran, vaikka tämä tietokokonaisuus toistuu."
                },
                {
                  "lang": "sv",
                  "value": "\"Asiakkaalle tehty rajoitustoimenpide tai tehdyt rajoitustoimenpiteet\" näytetään vain kerran, vaikka tämä tietokokonaisuus toistuu."
                }
              ],
              "repeatable": true,
              "required": false,
              "conditionalRequired": false,
              "nationwideRecordedInformation": false,
              "hiddenField": false,
              "hiddenTitle": false,
              "rowNumber": 6
            },
            "required": [],
            "properties": {
              "paivamaara": {
                "type": "string",
                "pattern": "^-?[0-9]{4}(-(0[1-9]|1[0-2])(-(0[0-9]|[1-2][0-9]|3[0-1]))?)?$",
                "sosmeta": {
                  "name": [
                    {
                      "lang": "fi",
                      "value": "Päivämäärä"
                    },
                    {
                      "lang": "sv",
                      "value": "Datum"
                    }
                  ],
                  "title": [
                    {
                      "lang": "fi",
                      "value": "Päivämäärä, jolloin rajoitustoimenpide on tehty"
                    },
                    {
                      "lang": "sv",
                      "value": "Datum då begränsningsåtgärden har utförts"
                    }
                  ],
                  "description": [
                    {
                      "lang": "fi",
                      "value": "Jos halutaan ilmoittaa päivämäärän lisäksi myös kellonaika, voidaan käyttää seuraavaa Rajoitustoimenpiteen alkamis- ja päättymisajankohta -kenttiä."
                    },
                    {
                      "lang": "sv",
                      "value": "Om man utöver datum vill ange även klockslag, kan man använda följande fält för Tidpunkten då åtgärden inleddes och avslutades."
                    }
                  ],
                  "example": [
                    {
                      "lang": "fi",
                      "value": "-"
                    },
                    {
                      "lang": "sv",
                      "value": "-"
                    }
                  ],
                  "implementationNote": [
                    {
                      "lang": "fi",
                      "value": "Kenttä siirtyy Selvitykseen rajoitustoimenpiteistä.\nMikäli asiakirja tehdään kahdesta tai useammasta yhtäaikaisesti tehdystä rajoitustoimenpiteestä, ajanjakso tai päivämäärä näytetään vain ensimmäisen rajoitustoimenpiteen kohdalla."
                    },
                    {
                      "lang": "sv",
                      "value": "Kenttä siirtyy Selvitykseen rajoitustoimenpiteistä.\nMikäli asiakirja tehdään kahdesta tai useammasta yhtäaikaisesti tehdystä rajoitustoimenpiteestä, ajanjakso tai päivämäärä näytetään vain ensimmäisen rajoitustoimenpiteen kohdalla."
                    }
                  ],
                  "representation": [
                    {
                      "lang": "fi",
                      "value": "Pvm"
                    },
                    {
                      "lang": "sv",
                      "value": "Datum"
                    }
                  ],
                  "repeatable": false,
                  "required": false,
                  "conditionalRequired": false,
                  "nationwideRecordedInformation": false,
                  "hiddenField": false,
                  "hiddenTitle": false,
                  "rowNumber": 7
                }
              },
              "ajanjakso": {
                "type": "object",
                "additionalProperties": false,
                "sosmeta": {
                  "name": [
                    {
                      "lang": "fi",
                      "value": "Ajanjakso"
                    },
                    {
                      "lang": "sv",
                      "value": "Tidsperiod"
                    }
                  ],
                  "title": [
                    {
                      "lang": "fi",
                      "value": "Rajoitustoimenpiteen alkamis- ja päättymisajankohta"
                    },
                    {
                      "lang": "sv",
                      "value": "Tidpunkten då åtgärden inleddes och avslutades"
                    }
                  ],
                  "description": [
                    {
                      "lang": "fi",
                      "value": "Tähän kirjataan asiakkaan itsemääräämisoikeuteen kohdistuvan rajoitustoimenpiteen kesto. Rajoitustoimenpiteen kestona ilmoitetaan toimenpiteestä riippuen esimerkiksi sen alkamis- ja päättymispäivä tai sen alkamis- ja päättymisaika."
                    },
                    {
                      "lang": "sv",
                      "value": "Här antecknas varaktigheten för åtgärden som begränsar klientens självbestämmanderätt. Beroende på åtgärden anges varaktigheten till exempel med inlednings- och avslutningsdatumet eller med inlednings- och avslutningstidpunkten."
                    }
                  ],
                  "example": [
                    {
                      "lang": "fi",
                      "value": "-"
                    },
                    {
                      "lang": "sv",
                      "value": "-"
                    }
                  ],
                  "implementationNote": [
                    {
                      "lang": "fi",
                      "value": "Kenttä siirtyy Selvitykseen rajoitustoimenpiteistä."
                    },
                    {
                      "lang": "sv",
                      "value": "Kenttä siirtyy Selvitykseen rajoitustoimenpiteistä."
                    }
                  ],
                  "repeatable": false,
                  "required": false,
                  "conditionalRequired": false,
                  "nationwideRecordedInformation": false,
                  "hiddenField": false,
                  "hiddenTitle": false,
                  "rowNumber": 8
                },
                "required": [],
                "properties": {
                  "alkamishetki": {
                    "type": "string",
                    "pattern": "^-?[0-9]{4}(-(0[1-9]|1[0-2])(-(0[0-9]|[1-2][0-9]|3[0-1])(T([01][0-9]|2[0-3]):[0-5][0-9]:[0-5][0-9](\\.[0-9]+)?(Z|(\\+|-)((0[0-9]|1[0-3]):[0-5][0-9]|14:00)))?)?)?$",
                    "sosmeta": {
                      "name": [
                        {
                          "lang": "fi",
                          "value": "Alkamishetki"
                        },
                        {
                          "lang": "sv",
                          "value": "Inledningstidpunkt"
                        }
                      ],
                      "description": [
                        {
                          "lang": "fi",
                          "value": "Kenttään kirjataan ajanjakson aloittava päivämäärä ja kellonaika."
                        },
                        {
                          "lang": "sv",
                          "value": "I fältet antecknas datumet och klockslaget som inleder tidsperioden."
                        }
                      ],
                      "example": [
                        {
                          "lang": "fi",
                          "value": "2020-10-13T10:49:14+03:00"
                        },
                        {
                          "lang": "sv",
                          "value": "2020-10-13T10:49:14+03:00"
                        }
                      ],
                      "representation": [
                        {
                          "lang": "fi",
                          "value": "Hetki"
                        },
                        {
                          "lang": "sv",
                          "value": "Datum och klockslag"
                        }
                      ],
                      "repeatable": false,
                      "required": false,
                      "conditionalRequired": false,
                      "nationwideRecordedInformation": false,
                      "hiddenField": false,
                      "hiddenTitle": false,
                      "rowNumber": 9
                    }
                  },
                  "paattymishetki": {
                    "type": "string",
                    "pattern": "^-?[0-9]{4}(-(0[1-9]|1[0-2])(-(0[0-9]|[1-2][0-9]|3[0-1])(T([01][0-9]|2[0-3]):[0-5][0-9]:[0-5][0-9](\\.[0-9]+)?(Z|(\\+|-)((0[0-9]|1[0-3]):[0-5][0-9]|14:00)))?)?)?$",
                    "sosmeta": {
                      "name": [
                        {
                          "lang": "fi",
                          "value": "Päättymishetki"
                        },
                        {
                          "lang": "sv",
                          "value": "Avslutningstidpunkt"
                        }
                      ],
                      "description": [
                        {
                          "lang": "fi",
                          "value": "Kenttään kirjataan ajanjakson päättävä päivämäärä ja kellonaika."
                        },
                        {
                          "lang": "sv",
                          "value": "I fältet antecknas datumet och klockslaget som avslutar tidsperioden."
                        }
                      ],
                      "example": [
                        {
                          "lang": "fi",
                          "value": "2020-10-13T10:49:14+03:00"
                        },
                        {
                          "lang": "sv",
                          "value": "2020-10-13T10:49:14+03:00"
                        }
                      ],
                      "representation": [
                        {
                          "lang": "fi",
                          "value": "Hetki"
                        },
                        {
                          "lang": "sv",
                          "value": "Datum och klockslag"
                        }
                      ],
                      "repeatable": false,
                      "required": false,
                      "conditionalRequired": false,
                      "nationwideRecordedInformation": false,
                      "hiddenField": false,
                      "hiddenTitle": false,
                      "rowNumber": 10
                    }
                  }
                }
              },
              "rajoitustoimenpiteen_laji": {
                "type": "object",
                "additionalProperties": false,
                "sosmeta": {
                  "name": [
                    {
                      "lang": "fi",
                      "value": "Rajoitustoimenpiteen laji"
                    },
                    {
                      "lang": "sv",
                      "value": "Begränsningsåtgärdsslag"
                    }
                  ],
                  "description": [
                    {
                      "lang": "fi",
                      "value": "Kenttään kirjataan luokituksen avulla asiakkaan itsemääräämisoikeuksia rajoittavan toimenpiteen laji."
                    },
                    {
                      "lang": "sv",
                      "value": "I fältet antecknas åtgärdsslaget för begränsningen av klientens självbestämmanderätt."
                    }
                  ],
                  "example": [
                    {
                      "lang": "fi",
                      "value": "-"
                    },
                    {
                      "lang": "sv",
                      "value": "-"
                    }
                  ],
                  "implementationNote": [
                    {
                      "lang": "fi",
                      "value": "Kenttä siirtyy Selvitykseen rajoitustoimenpiteistä."
                    },
                    {
                      "lang": "sv",
                      "value": "Kenttä siirtyy Selvitykseen rajoitustoimenpiteistä."
                    }
                  ],
                  "classification": [
                    {
                      "lang": "fi",
                      "value": "Koodistopalvelin: Sosiaalihuolto - Rajoitustoimenpiteet kehitysvammaisten erityishuollossa 1.2.246.537.6.1266"
                    },
                    {
                      "lang": "sv",
                      "value": "Kodtjänsten: Socialvård - Begränsningsåtgärder inom specialomsorger om utvecklingsstörda 1.2.246.537.6.1266"
                    }
                  ],
                  "classificationLink": [
                    {
                      "lang": "",
                      "value": "https://koodistopalvelu.kanta.fi/codeserver/pages/classification-view-page.xhtml?classificationKey\u003d2544\u0026versionKey\u003d2844"
                    }
                  ],
                  "classificationOid": [
                    {
                      "lang": "",
                      "value": "1.2.246.537.6.1266"
                    }
                  ],
                  "representation": [
                    {
                      "lang": "fi",
                      "value": "Koodi"
                    },
                    {
                      "lang": "sv",
                      "value": "Kod"
                    }
                  ],
                  "repeatable": false,
                  "required": false,
                  "conditionalRequired": false,
                  "nationwideRecordedInformation": false,
                  "hiddenField": false,
                  "hiddenTitle": false,
                  "rowNumber": 11
                },
                "required": [
                  "system",
                  "code",
                  "display"
                ],
                "properties": {
                  "system": {
                    "type": "string",
                    "pattern": "^urn:oid:1\\.2\\.246\\.537\\.6\\.1266(\\.\\d+)*$"
                  },
                  "code": {
                    "type": "string"
                  },
                  "display": {
                    "type": "string"
                  }
                }
              },
              "kuvaus": {
                "type": "string",
                "sosmeta": {
                  "name": [
                    {
                      "lang": "fi",
                      "value": "Kuvaus"
                    },
                    {
                      "lang": "sv",
                      "value": "Beskrivning"
                    }
                  ],
                  "title": [
                    {
                      "lang": "fi",
                      "value": "Rajoitustoimenpiteen kuvaus ja käyttö"
                    },
                    {
                      "lang": "sv",
                      "value": "Beskrivning och användning av begränsningsåtgärder"
                    }
                  ],
                  "description": [
                    {
                      "lang": "fi",
                      "value": "Erityishuollossa olevaa henkilöä koskeviin asiakas- tai potilasasiakirjoihin on kirjattava rajoitustoimenpiteen käyttö ja sen perusteet."
                    },
                    {
                      "lang": "sv",
                      "value": "Användning av begränsningsåtgärder och dess motiveringar ska antecknas i klienthandlingar och hälsovårdens journalhandlingar som upprättas för en person som får specialomsorg"
                    }
                  ],
                  "example": [
                    {
                      "lang": "fi",
                      "value": "-"
                    },
                    {
                      "lang": "sv",
                      "value": "-"
                    }
                  ],
                  "implementationNote": [
                    {
                      "lang": "fi",
                      "value": "Kenttä siirtyy Selvitykseen rajoitustoimenpiteistä."
                    },
                    {
                      "lang": "sv",
                      "value": "Kenttä siirtyy Selvitykseen rajoitustoimenpiteistä."
                    }
                  ],
                  "representation": [
                    {
                      "lang": "fi",
                      "value": "Teksti"
                    },
                    {
                      "lang": "sv",
                      "value": "Text"
                    }
                  ],
                  "repeatable": false,
                  "required": false,
                  "conditionalRequired": false,
                  "nationwideRecordedInformation": false,
                  "hiddenField": false,
                  "hiddenTitle": false,
                  "rowNumber": 12
                }
              },
              "perustelu": {
                "type": "string",
                "sosmeta": {
                  "name": [
                    {
                      "lang": "fi",
                      "value": "Perustelu"
                    },
                    {
                      "lang": "sv",
                      "value": "Motiveringar"
                    }
                  ],
                  "title": [
                    {
                      "lang": "fi",
                      "value": "Perustelut rajoitustoimenpiteen toteuttamiselle"
                    },
                    {
                      "lang": "sv",
                      "value": "Motiveringar till att begränsningsåtgärder utförs"
                    }
                  ],
                  "description": [
                    {
                      "lang": "fi",
                      "value": "Erityishuollossa olevaa henkilöä koskeviin asiakas- tai potilasasiakirjoihin on kirjattava rajoitustoimenpiteen käyttö ja sen perusteet.\nJälkiselvittelyssä arvioidaan rajoitustoimenpiteen perusteita."
                    },
                    {
                      "lang": "sv",
                      "value": "Användning av begränsningsåtgärder och dess motiveringar ska antecknas i klienthandlingar och hälsovårdens journalhandlingar som upprättas för en person som får specialomsorg. Vid genomgången i efterhand ska motiven till begränsningsåtgärden bedömas."
                    }
                  ],
                  "example": [
                    {
                      "lang": "fi",
                      "value": "-"
                    },
                    {
                      "lang": "sv",
                      "value": "-"
                    }
                  ],
                  "implementationNote": [
                    {
                      "lang": "fi",
                      "value": "Kenttä siirtyy Selvitykseen rajoitustoimenpiteistä."
                    },
                    {
                      "lang": "sv",
                      "value": "Kenttä siirtyy Selvitykseen rajoitustoimenpiteistä."
                    }
                  ],
                  "representation": [
                    {
                      "lang": "fi",
                      "value": "Teksti"
                    },
                    {
                      "lang": "sv",
                      "value": "Text"
                    }
                  ],
                  "repeatable": false,
                  "required": false,
                  "conditionalRequired": false,
                  "nationwideRecordedInformation": false,
                  "hiddenField": false,
                  "hiddenTitle": false,
                  "rowNumber": 13
                }
              },
              "erityisperustelut_ja_selvitykset": {
                "type": "string",
                "sosmeta": {
                  "name": [
                    {
                      "lang": "fi",
                      "value": "Erityisperustelut ja selvitykset"
                    },
                    {
                      "lang": "sv",
                      "value": "Särskilda motiveringar och utredningar"
                    }
                  ],
                  "title": [
                    {
                      "lang": "fi",
                      "value": "Rajoitustoimenpiteen vaikutukset erityishuollossa olevaan asiakkaaseen"
                    },
                    {
                      "lang": "sv",
                      "value": "Begränsningsåtgärdens följder för klienten som får specialomsorg"
                    }
                  ],
                  "description": [
                    {
                      "lang": "fi",
                      "value": "-"
                    },
                    {
                      "lang": "sv",
                      "value": "-"
                    }
                  ],
                  "example": [
                    {
                      "lang": "fi",
                      "value": "-"
                    },
                    {
                      "lang": "sv",
                      "value": "-"
                    }
                  ],
                  "representation": [
                    {
                      "lang": "fi",
                      "value": "Teksti"
                    },
                    {
                      "lang": "sv",
                      "value": "Text"
                    }
                  ],
                  "repeatable": false,
                  "required": false,
                  "conditionalRequired": false,
                  "nationwideRecordedInformation": false,
                  "hiddenField": false,
                  "hiddenTitle": false,
                  "rowNumber": 14
                }
              },
              "paatoksentekija": {
                "type": "object",
                "additionalProperties": false,
                "sosmeta": {
                  "name": [
                    {
                      "lang": "fi",
                      "value": "Päätöksentekijä"
                    },
                    {
                      "lang": "sv",
                      "value": "Beslutsfattare"
                    }
                  ],
                  "title": [
                    {
                      "lang": "fi",
                      "value": "Rajoitustoimenpidettä koskevan kirjallisen päätöksen tehnyt henkilö"
                    },
                    {
                      "lang": "sv",
                      "value": "Person som har tagit det skriftliga beslutet om begränsningsåtgärd"
                    }
                  ],
                  "description": [
                    {
                      "lang": "fi",
                      "value": "Tähän kirjataan asiakkaan itsemääräämisoikeuteen kohdistuvasta rajoitustoimenpiteestä päättäneen ammattihenkilön tiedot."
                    },
                    {
                      "lang": "sv",
                      "value": "Här antecknas uppgifter om den yrkesutbildade person som har fattat beslut om åtgärden som begränsar klientens självbestämmanderätt."
                    }
                  ],
                  "example": [
                    {
                      "lang": "fi",
                      "value": "-"
                    },
                    {
                      "lang": "sv",
                      "value": "-"
                    }
                  ],
                  "repeatable": false,
                  "required": false,
                  "conditionalRequired": false,
                  "nationwideRecordedInformation": false,
                  "hiddenField": false,
                  "hiddenTitle": false,
                  "rowNumber": 15
                },
                "required": [
                  "sukunimi",
                  "etunimet"
                ],
                "properties": {
                  "sukunimi": {
                    "type": "string",
                    "minLength": 1,
                    "sosmeta": {
                      "name": [
                        {
                          "lang": "fi",
                          "value": "Sukunimi"
                        },
                        {
                          "lang": "sv",
                          "value": "Efternamn"
                        }
                      ],
                      "description": [
                        {
                          "lang": "fi",
                          "value": "-"
                        },
                        {
                          "lang": "sv",
                          "value": "-"
                        }
                      ],
                      "representation": [
                        {
                          "lang": "fi",
                          "value": "Nimi"
                        },
                        {
                          "lang": "sv",
                          "value": "Namn"
                        }
                      ],
                      "repeatable": false,
                      "required": true,
                      "conditionalRequired": false,
                      "nationwideRecordedInformation": false,
                      "hiddenField": false,
                      "hiddenTitle": false,
                      "rowNumber": 16
                    }
                  },
                  "etunimet": {
                    "type": "string",
                    "minLength": 1,
                    "sosmeta": {
                      "name": [
                        {
                          "lang": "fi",
                          "value": "Etunimet"
                        },
                        {
                          "lang": "sv",
                          "value": "Samtliga förnamn"
                        }
                      ],
                      "description": [
                        {
                          "lang": "fi",
                          "value": "-"
                        },
                        {
                          "lang": "sv",
                          "value": "-"
                        }
                      ],
                      "representation": [
                        {
                          "lang": "fi",
                          "value": "Nimi"
                        },
                        {
                          "lang": "sv",
                          "value": "Namn"
                        }
                      ],
                      "repeatable": false,
                      "required": true,
                      "conditionalRequired": false,
                      "nationwideRecordedInformation": false,
                      "hiddenField": false,
                      "hiddenTitle": false,
                      "rowNumber": 17
                    }
                  },
                  "tehtavanimike": {
                    "type": "string",
                    "sosmeta": {
                      "name": [
                        {
                          "lang": "fi",
                          "value": "Tehtävänimike"
                        },
                        {
                          "lang": "sv",
                          "value": "Uppgiftsbeteckning"
                        }
                      ],
                      "description": [
                        {
                          "lang": "fi",
                          "value": "-"
                        },
                        {
                          "lang": "sv",
                          "value": "-"
                        }
                      ],
                      "example": [
                        {
                          "lang": "fi",
                          "value": "-"
                        },
                        {
                          "lang": "sv",
                          "value": "-"
                        }
                      ],
                      "representation": [
                        {
                          "lang": "fi",
                          "value": "Teksti"
                        },
                        {
                          "lang": "sv",
                          "value": "Text"
                        }
                      ],
                      "repeatable": false,
                      "required": false,
                      "conditionalRequired": false,
                      "nationwideRecordedInformation": false,
                      "hiddenField": false,
                      "hiddenTitle": false,
                      "rowNumber": 18
                    }
                  }
                }
              },
              "rajoitustoimenpiteen_ratkaisija": {
                "type": "object",
                "additionalProperties": false,
                "sosmeta": {
                  "name": [
                    {
                      "lang": "fi",
                      "value": "Rajoitustoimenpiteen ratkaisija"
                    },
                    {
                      "lang": "sv",
                      "value": "Person som fattat beslut om begränsningsåtgärden"
                    }
                  ],
                  "title": [
                    {
                      "lang": "fi",
                      "value": "Rajoitustoimenpidettä koskevan ratkaisun tehnyt henkilö"
                    },
                    {
                      "lang": "sv",
                      "value": "Person som har fattat beslut om begränsningsåtgärden"
                    }
                  ],
                  "description": [
                    {
                      "lang": "fi",
                      "value": "Tähän kirjataan rajoitustoimenpidettä koskevan ratkaisun tehneen ammattihenkilön tiedot."
                    },
                    {
                      "lang": "sv",
                      "value": "Här antecknas uppgifter om den yrkesutbildade person som har fattat beslut om begränsningsåtgärden."
                    }
                  ],
                  "repeatable": false,
                  "required": false,
                  "conditionalRequired": false,
                  "nationwideRecordedInformation": false,
                  "hiddenField": false,
                  "hiddenTitle": false,
                  "rowNumber": 19
                },
                "required": [
                  "sukunimi",
                  "etunimet"
                ],
                "properties": {
                  "sukunimi": {
                    "type": "string",
                    "minLength": 1,
                    "sosmeta": {
                      "name": [
                        {
                          "lang": "fi",
                          "value": "Sukunimi"
                        },
                        {
                          "lang": "sv",
                          "value": "Efternamn"
                        }
                      ],
                      "description": [
                        {
                          "lang": "fi",
                          "value": "-"
                        },
                        {
                          "lang": "sv",
                          "value": "-"
                        }
                      ],
                      "representation": [
                        {
                          "lang": "fi",
                          "value": "Nimi"
                        },
                        {
                          "lang": "sv",
                          "value": "Namn"
                        }
                      ],
                      "repeatable": false,
                      "required": true,
                      "conditionalRequired": false,
                      "nationwideRecordedInformation": false,
                      "hiddenField": false,
                      "hiddenTitle": false,
                      "rowNumber": 20
                    }
                  },
                  "etunimet": {
                    "type": "string",
                    "minLength": 1,
                    "sosmeta": {
                      "name": [
                        {
                          "lang": "fi",
                          "value": "Etunimet"
                        },
                        {
                          "lang": "sv",
                          "value": "Samtliga förnamn"
                        }
                      ],
                      "description": [
                        {
                          "lang": "fi",
                          "value": "-"
                        },
                        {
                          "lang": "sv",
                          "value": "-"
                        }
                      ],
                      "representation": [
                        {
                          "lang": "fi",
                          "value": "Nimi"
                        },
                        {
                          "lang": "sv",
                          "value": "Namn"
                        }
                      ],
                      "repeatable": false,
                      "required": true,
                      "conditionalRequired": false,
                      "nationwideRecordedInformation": false,
                      "hiddenField": false,
                      "hiddenTitle": false,
                      "rowNumber": 21
                    }
                  },
                  "tehtavanimike": {
                    "type": "string",
                    "sosmeta": {
                      "name": [
                        {
                          "lang": "fi",
                          "value": "Tehtävänimike"
                        },
                        {
                          "lang": "sv",
                          "value": "Uppgiftsbeteckning"
                        }
                      ],
                      "description": [
                        {
                          "lang": "fi",
                          "value": "-"
                        },
                        {
                          "lang": "sv",
                          "value": "-"
                        }
                      ],
                      "example": [
                        {
                          "lang": "fi",
                          "value": "-"
                        },
                        {
                          "lang": "sv",
                          "value": "-"
                        }
                      ],
                      "representation": [
                        {
                          "lang": "fi",
                          "value": "Teksti"
                        },
                        {
                          "lang": "sv",
                          "value": "Text"
                        }
                      ],
                      "repeatable": false,
                      "required": false,
                      "conditionalRequired": false,
                      "nationwideRecordedInformation": false,
                      "hiddenField": false,
                      "hiddenTitle": false,
                      "rowNumber": 22
                    }
                  }
                }
              },
              "rajoitustoimenpiteen_ratkaisijan_koulutus": {
                "type": "string",
                "sosmeta": {
                  "name": [
                    {
                      "lang": "fi",
                      "value": "Rajoitustoimenpiteen ratkaisijan koulutus"
                    },
                    {
                      "lang": "sv",
                      "value": "Utbildning hos personen som fattat beslut om begränsningsåtgärden"
                    }
                  ],
                  "description": [
                    {
                      "lang": "fi",
                      "value": "Kenttään kirjataan rajoitustoimenpidettä koskevan ratkaisun tehneen ammattihenkilön koulutus."
                    },
                    {
                      "lang": "sv",
                      "value": "Här antecknas uppgifter om vilken utbildning den yrkesutbildade personen har, som har fattat beslut om begränsningsåtgärden."
                    }
                  ],
                  "representation": [
                    {
                      "lang": "fi",
                      "value": "Teksti"
                    },
                    {
                      "lang": "sv",
                      "value": "Text"
                    }
                  ],
                  "repeatable": false,
                  "required": false,
                  "conditionalRequired": false,
                  "nationwideRecordedInformation": false,
                  "hiddenField": false,
                  "hiddenTitle": false,
                  "rowNumber": 23
                }
              },
              "rajoitustoimenpiteen_suorittaja": {
                "type": "object",
                "additionalProperties": false,
                "sosmeta": {
                  "name": [
                    {
                      "lang": "fi",
                      "value": "Rajoitustoimenpiteen suorittaja"
                    },
                    {
                      "lang": "sv",
                      "value": "Person som genomför begränsningsåtgärden"
                    }
                  ],
                  "description": [
                    {
                      "lang": "fi",
                      "value": "Tähän kirjataan asiakkaan itsemääräämisoikeuteen kohdistuvan rajoitustoimenpiteen käytännössä suorittaneen ammattihenkilön tiedot."
                    },
                    {
                      "lang": "sv",
                      "value": "Här antecknas uppgifter om den yrkesutbildade person som i praktiken genomförde åtgärden som begränsar klientens självbestämmanderätt."
                    }
                  ],
                  "example": [
                    {
                      "lang": "fi",
                      "value": "-"
                    },
                    {
                      "lang": "sv",
                      "value": "-"
                    }
                  ],
                  "repeatable": false,
                  "required": false,
                  "conditionalRequired": false,
                  "nationwideRecordedInformation": false,
                  "hiddenField": false,
                  "hiddenTitle": false,
                  "rowNumber": 24
                },
                "required": [
                  "sukunimi",
                  "etunimet"
                ],
                "properties": {
                  "sukunimi": {
                    "type": "string",
                    "minLength": 1,
                    "sosmeta": {
                      "name": [
                        {
                          "lang": "fi",
                          "value": "Sukunimi"
                        },
                        {
                          "lang": "sv",
                          "value": "Efternamn"
                        }
                      ],
                      "description": [
                        {
                          "lang": "fi",
                          "value": "-"
                        },
                        {
                          "lang": "sv",
                          "value": "-"
                        }
                      ],
                      "representation": [
                        {
                          "lang": "fi",
                          "value": "Nimi"
                        },
                        {
                          "lang": "sv",
                          "value": "Namn"
                        }
                      ],
                      "repeatable": false,
                      "required": true,
                      "conditionalRequired": false,
                      "nationwideRecordedInformation": false,
                      "hiddenField": false,
                      "hiddenTitle": false,
                      "rowNumber": 25
                    }
                  },
                  "etunimet": {
                    "type": "string",
                    "minLength": 1,
                    "sosmeta": {
                      "name": [
                        {
                          "lang": "fi",
                          "value": "Etunimet"
                        },
                        {
                          "lang": "sv",
                          "value": "Samtliga förnamn"
                        }
                      ],
                      "description": [
                        {
                          "lang": "fi",
                          "value": "-"
                        },
                        {
                          "lang": "sv",
                          "value": "-"
                        }
                      ],
                      "representation": [
                        {
                          "lang": "fi",
                          "value": "Nimi"
                        },
                        {
                          "lang": "sv",
                          "value": "Namn"
                        }
                      ],
                      "repeatable": false,
                      "required": true,
                      "conditionalRequired": false,
                      "nationwideRecordedInformation": false,
                      "hiddenField": false,
                      "hiddenTitle": false,
                      "rowNumber": 26
                    }
                  },
                  "tehtavanimike": {
                    "type": "string",
                    "sosmeta": {
                      "name": [
                        {
                          "lang": "fi",
                          "value": "Tehtävänimike"
                        },
                        {
                          "lang": "sv",
                          "value": "Uppgiftsbeteckning"
                        }
                      ],
                      "description": [
                        {
                          "lang": "fi",
                          "value": "-"
                        },
                        {
                          "lang": "sv",
                          "value": "-"
                        }
                      ],
                      "example": [
                        {
                          "lang": "fi",
                          "value": "-"
                        },
                        {
                          "lang": "sv",
                          "value": "-"
                        }
                      ],
                      "representation": [
                        {
                          "lang": "fi",
                          "value": "Teksti"
                        },
                        {
                          "lang": "sv",
                          "value": "Text"
                        }
                      ],
                      "repeatable": false,
                      "required": false,
                      "conditionalRequired": false,
                      "nationwideRecordedInformation": false,
                      "hiddenField": false,
                      "hiddenTitle": false,
                      "rowNumber": 27
                    }
                  }
                }
              },
              "rajoitustoimenpiteen_suorittajan_koulutus": {
                "type": "string",
                "sosmeta": {
                  "name": [
                    {
                      "lang": "fi",
                      "value": "Rajoitustoimenpiteen suorittajan koulutus"
                    },
                    {
                      "lang": "sv",
                      "value": "Utbildning hos personen som utför begränsningsåtgärden"
                    }
                  ],
                  "description": [
                    {
                      "lang": "fi",
                      "value": "Kenttään kirjataan asiakkaan itsemääräämisoikeuteen kohdistuvan rajoitustoimenpiteen käytännössä suorittaneen ammattihenkilön koulutus."
                    },
                    {
                      "lang": "sv",
                      "value": "I fältet antecknas uppgifter om vilken utbildning den yrkesutbildade personen har, som i praktiken genomförde åtgärden som begränsar klientens självbestämmanderätt."
                    }
                  ],
                  "example": [
                    {
                      "lang": "fi",
                      "value": "Sosionomi"
                    },
                    {
                      "lang": "sv",
                      "value": "Socionom"
                    }
                  ],
                  "representation": [
                    {
                      "lang": "fi",
                      "value": "Teksti"
                    },
                    {
                      "lang": "sv",
                      "value": "Text"
                    }
                  ],
                  "repeatable": false,
                  "required": false,
                  "conditionalRequired": false,
                  "nationwideRecordedInformation": false,
                  "hiddenField": false,
                  "hiddenTitle": false,
                  "rowNumber": 28
                }
              },
              "rajoitustoimenpiteeseen_liittyva_kuuleminen": {
                "type": "object",
                "additionalProperties": false,
                "sosmeta": {
                  "name": [
                    {
                      "lang": "fi",
                      "value": "Rajoitustoimenpiteeseen liittyvä kuuleminen"
                    },
                    {
                      "lang": "sv",
                      "value": "Hörande relaterat till en begränsningsåtgärd"
                    }
                  ],
                  "description": [
                    {
                      "lang": "fi",
                      "value": "-"
                    },
                    {
                      "lang": "sv",
                      "value": "-"
                    }
                  ],
                  "implementationNote": [
                    {
                      "lang": "fi",
                      "value": "Kenttä ei ole toistuva tietokomponentin määrityksestä poiketen."
                    },
                    {
                      "lang": "sv",
                      "value": "Kenttä ei ole toistuva tietokomponentin määrityksestä poiketen."
                    }
                  ],
                  "repeatable": false,
                  "required": false,
                  "conditionalRequired": false,
                  "nationwideRecordedInformation": false,
                  "hiddenField": true,
                  "hiddenTitle": false,
                  "rowNumber": 29
                },
                "required": [],
                "properties": {
                  "mielipide": {
                    "type": "string",
                    "sosmeta": {
                      "name": [
                        {
                          "lang": "fi",
                          "value": "Mielipide"
                        },
                        {
                          "lang": "sv",
                          "value": "Åsikt"
                        }
                      ],
                      "title": [
                        {
                          "lang": "fi",
                          "value": "Asiakkaan näkemys rajoitustoimenpiteen käytöstä ja sen perusteista"
                        },
                        {
                          "lang": "sv",
                          "value": "Klientens synpunkter på användningen av begränsningsåtgärderna och motiveringar till detta"
                        }
                      ],
                      "description": [
                        {
                          "lang": "fi",
                          "value": "Tähän kohtaan kirjataan tiedot kuulemisesta, joka on toteutettu ennen asiakkaan itsemääräämisoikeuteen kohdistuvan rajoitustoimenpiteen päättämistä ja rajoitustoimenpiteen toteuttamista."
                        },
                        {
                          "lang": "sv",
                          "value": "Här dokumenteras uppgifter om hörandet som ordnades innan beslutet om åtgärden som begränsar klientens självbestämmanderätt fattades och innan åtgärden genomfördes."
                        }
                      ],
                      "representation": [
                        {
                          "lang": "fi",
                          "value": "Teksti"
                        },
                        {
                          "lang": "sv",
                          "value": "Text"
                        }
                      ],
                      "repeatable": false,
                      "required": false,
                      "conditionalRequired": false,
                      "nationwideRecordedInformation": false,
                      "hiddenField": false,
                      "hiddenTitle": false,
                      "rowNumber": 30
                    }
                  }
                }
              },
              "asiakkaan_kaytossa_olevat_oikeusturvakeinot": {
                "type": "string",
                "sosmeta": {
                  "name": [
                    {
                      "lang": "fi",
                      "value": "Asiakkaan käytössä olevat oikeusturvakeinot"
                    },
                    {
                      "lang": "sv",
                      "value": "Klientens tillgängliga rättsmedel"
                    }
                  ],
                  "description": [
                    {
                      "lang": "fi",
                      "value": "Kenttään kuvataan oikeusturvakeinoja, joita asiakkaan on mahdollista käyttää. Laissa kehitysvammaisten erityishuollosta (42 p §) säädetään, että erityishuollossa olevalle henkilölle on viipymättä rajoitustoimenpiteen käytön päättymisen jälkeen annettava selvitys rajoitustoimenpiteen sisällöstä ja perusteista sekä käytettävissä olevista oikeusturvakeinoista"
                    },
                    {
                      "lang": "sv",
                      "value": "I fältet beskrivs de rättsmedel som är tillgängliga för klienten. I 42 p § i lagen angående specialomsorgen om utvecklingsstörda föreskrivs att en person som får specialomsorg utan dröjsmål efter att en begränsningsåtgärd har avslutats ska ges en rapport om innehållet i och grunderna för begränsningsåtgärden samt om de tillgängliga rättsmedlen."
                    }
                  ],
                  "implementationNote": [
                    {
                      "lang": "fi",
                      "value": "Kenttä siirtyy Selvitykseen rajoitustoimenpiteistä."
                    },
                    {
                      "lang": "sv",
                      "value": "Kenttä siirtyy Selvitykseen rajoitustoimenpiteistä."
                    }
                  ],
                  "representation": [
                    {
                      "lang": "fi",
                      "value": "Teksti"
                    },
                    {
                      "lang": "sv",
                      "value": "Text"
                    }
                  ],
                  "repeatable": false,
                  "required": false,
                  "conditionalRequired": false,
                  "nationwideRecordedInformation": false,
                  "hiddenField": false,
                  "hiddenTitle": false,
                  "rowNumber": 31
                }
              }
            }
          }
        },
        "yhtaaikaisten_rajoitustoimenpiteiden_yhteisvaikutusten_arviointi": {
          "type": "string",
          "sosmeta": {
            "name": [
              {
                "lang": "fi",
                "value": "Yhtäaikaisten rajoitustoimenpiteiden yhteisvaikutusten arviointi"
              },
              {
                "lang": "sv",
                "value": "Bedömning av samverkan av samtidiga begränsningsåtgärder"
              }
            ],
            "description": [
              {
                "lang": "fi",
                "value": "Kehitysvammaisten erityshuollosta annetun lain 42 d §:n mukaan rajoitustoimenpiteiden yhteisvaikutukseen on kiinnitettävä erityistä huomiota, jos henkilöön kohdistetaan useampia rajoitustoimenpiteitä samanaikaisesti tai peräkkäin."
              },
              {
                "lang": "sv",
                "value": "Enligt 42 d § i lagen angående specialomsorger om utvecklingsstörda ska särskild uppmärksamhet fästas vid de samfällda konsekvenserna om en person blir föremål för flera begränsningsåtgärder samtidigt eller efter varandra."
              }
            ],
            "implementationNote": [
              {
                "lang": "fi",
                "value": "Kenttä näytetään vain silloin, jos henkilölle on tehty kaksi yhtäaikaista rajoitustoimenpidettä (eli kun TK Rajoitustoimenpidettä on käytetty useammin kuin kerran)."
              },
              {
                "lang": "sv",
                "value": "Kenttä näytetään vain silloin, jos henkilölle on tehty kaksi yhtäaikaista rajoitustoimenpidettä (eli kun TK Rajoitustoimenpidettä on käytetty useammin kuin kerran)."
              }
            ],
            "representation": [
              {
                "lang": "fi",
                "value": "Teksti"
              },
              {
                "lang": "sv",
                "value": "Text"
              }
            ],
            "repeatable": false,
            "required": false,
            "conditionalRequired": false,
            "nationwideRecordedInformation": false,
            "hiddenField": false,
            "hiddenTitle": false,
            "rowNumber": 32
          }
        },
        "keinot_rajoitustoimenpiteiden_kayton_valttamiseksi_jatkossa": {
          "type": "string",
          "minLength": 1,
          "sosmeta": {
            "name": [
              {
                "lang": "fi",
                "value": "Keinot rajoitustoimenpiteiden käytön välttämiseksi jatkossa"
              },
              {
                "lang": "sv",
                "value": "Metoder för att undvika användning av begränsningsåtgärder i fortsättningen"
              }
            ],
            "description": [
              {
                "lang": "fi",
                "value": "Jälkiselvittelyssä on arvioitava keinoja, joiden avulla voidaan jatkossa välttää rajoitustoimenpiteiden käyttö."
              },
              {
                "lang": "sv",
                "value": "I den efterföljande utredningen ska man bedöma med vilka metoder man i fortsättningen kan undvika användningen av begränsningsåtgärder."
              }
            ],
            "representation": [
              {
                "lang": "fi",
                "value": "Teksti"
              },
              {
                "lang": "sv",
                "value": "Text"
              }
            ],
            "repeatable": false,
            "required": true,
            "conditionalRequired": false,
            "nationwideRecordedInformation": false,
            "hiddenField": false,
            "hiddenTitle": false,
            "rowNumber": 33
          }
        },
        "kuvaus_jalkiselvittelysta": {
          "type": "string",
          "sosmeta": {
            "name": [
              {
                "lang": "fi",
                "value": "Kuvaus jälkiselvittelystä"
              },
              {
                "lang": "sv",
                "value": "Beskrivning av genomgång i efterhand"
              }
            ],
            "description": [
              {
                "lang": "fi",
                "value": "Kenttään kuvataan sitä, kuinka jälkiselvittely asiakkaan kanssa on tehty ja millaisia kommunikaatio- ja tiedonsaannin menetelmiä siinä on asiakkaan kanssa käytetty."
              },
              {
                "lang": "sv",
                "value": "I fältet beskrivs, hur genomgången i efterhand tillsammans med klienten har genomförts och vilka metoder för kommunikation och erhållande av information som har använts tillsammans med klienten."
              }
            ],
            "implementationNote": [
              {
                "lang": "fi",
                "value": "Kenttä siirtyy automaattisesti selvitykseen rajoitustoimenpiteistä."
              },
              {
                "lang": "sv",
                "value": "Kenttä siirtyy automaattisesti selvitykseen rajoitustoimenpiteistä."
              }
            ],
            "representation": [
              {
                "lang": "fi",
                "value": "Teksti"
              },
              {
                "lang": "sv",
                "value": "Text"
              }
            ],
            "repeatable": false,
            "required": false,
            "conditionalRequired": false,
            "nationwideRecordedInformation": false,
            "hiddenField": false,
            "hiddenTitle": false,
            "rowNumber": 34
          }
        },
        "lisatiedot": {
          "type": "string",
          "sosmeta": {
            "name": [
              {
                "lang": "fi",
                "value": "Lisätiedot"
              },
              {
                "lang": "sv",
                "value": "Mer information"
              }
            ],
            "representation": [
              {
                "lang": "fi",
                "value": "Teksti"
              },
              {
                "lang": "sv",
                "value": "Text"
              }
            ],
            "repeatable": false,
            "required": false,
            "conditionalRequired": false,
            "nationwideRecordedInformation": false,
            "hiddenField": false,
            "hiddenTitle": false,
            "rowNumber": 35
          }
        },
        "lakiselostus": {
          "type": "string",
          "sosmeta": {
            "name": [
              {
                "lang": "fi",
                "value": "Lakiselostus"
              },
              {
                "lang": "sv",
                "value": "Lagförklaring"
              }
            ],
            "implementationNote": [
              {
                "lang": "fi",
                "value": "Kentässä voidaan käyttää automaattitekstiä, jonka organisaatio yhdessä tietojärjestelmätoimittajan kanssa laatii. THL ei laadi kentässä näytettäviä tekstejä."
              },
              {
                "lang": "sv",
                "value": "Kentässä voidaan käyttää automaattitekstiä, jonka organisaatio yhdessä tietojärjestelmätoimittajan kanssa laatii. THL ei laadi kentässä näytettäviä tekstejä."
              }
            ],
            "representation": [
              {
                "lang": "fi",
                "value": "Teksti"
              },
              {
                "lang": "sv",
                "value": "Text"
              }
            ],
            "repeatable": false,
            "required": false,
            "conditionalRequired": false,
            "nationwideRecordedInformation": false,
            "hiddenField": false,
            "hiddenTitle": false,
            "rowNumber": 36
          }
        },
        "paivamaara": {
          "type": "string",
          "pattern": "^-?[0-9]{4}(-(0[1-9]|1[0-2])(-(0[0-9]|[1-2][0-9]|3[0-1]))?)?$",
          "sosmeta": {
            "name": [
              {
                "lang": "fi",
                "value": "Päivämäärä"
              },
              {
                "lang": "sv",
                "value": "Datum"
              }
            ],
            "description": [
              {
                "lang": "fi",
                "value": "Kenttään kirjataan asiakirjan laatimisen päivämäärä."
              },
              {
                "lang": "sv",
                "value": "I fältet antecknas datum för upprättandet av handlingen."
              }
            ],
            "representation": [
              {
                "lang": "fi",
                "value": "Pvm"
              },
              {
                "lang": "sv",
                "value": "Datum"
              }
            ],
            "repeatable": false,
            "required": false,
            "conditionalRequired": false,
            "nationwideRecordedInformation": false,
            "hiddenField": false,
            "hiddenTitle": false,
            "rowNumber": 37
          }
        },
        "laatija": {
          "type": "array",
          "minItems": 1,
          "items": {
            "type": "object",
            "additionalProperties": false,
            "sosmeta": {
              "name": [
                {
                  "lang": "fi",
                  "value": "Laatija"
                },
                {
                  "lang": "sv",
                  "value": "Upprättare"
                }
              ],
              "description": [
                {
                  "lang": "fi",
                  "value": "-"
                },
                {
                  "lang": "sv",
                  "value": "-"
                }
              ],
              "repeatable": true,
              "required": true,
              "conditionalRequired": false,
              "nationwideRecordedInformation": false,
              "hiddenField": false,
              "hiddenTitle": false,
              "rowNumber": 38
            },
            "required": [
              "sukunimi",
              "etunimet"
            ],
            "properties": {
              "sukunimi": {
                "type": "string",
                "minLength": 1,
                "sosmeta": {
                  "name": [
                    {
                      "lang": "fi",
                      "value": "Sukunimi"
                    },
                    {
                      "lang": "sv",
                      "value": "Efternamn"
                    }
                  ],
                  "description": [
                    {
                      "lang": "fi",
                      "value": "-"
                    },
                    {
                      "lang": "sv",
                      "value": "-"
                    }
                  ],
                  "representation": [
                    {
                      "lang": "fi",
                      "value": "Nimi"
                    },
                    {
                      "lang": "sv",
                      "value": "Namn"
                    }
                  ],
                  "repeatable": false,
                  "required": true,
                  "conditionalRequired": false,
                  "nationwideRecordedInformation": false,
                  "hiddenField": false,
                  "hiddenTitle": false,
                  "rowNumber": 39
                }
              },
              "etunimet": {
                "type": "string",
                "minLength": 1,
                "sosmeta": {
                  "name": [
                    {
                      "lang": "fi",
                      "value": "Etunimet"
                    },
                    {
                      "lang": "sv",
                      "value": "Samtliga förnamn"
                    }
                  ],
                  "description": [
                    {
                      "lang": "fi",
                      "value": "-"
                    },
                    {
                      "lang": "sv",
                      "value": "-"
                    }
                  ],
                  "representation": [
                    {
                      "lang": "fi",
                      "value": "Nimi"
                    },
                    {
                      "lang": "sv",
                      "value": "Namn"
                    }
                  ],
                  "repeatable": false,
                  "required": true,
                  "conditionalRequired": false,
                  "nationwideRecordedInformation": false,
                  "hiddenField": false,
                  "hiddenTitle": false,
                  "rowNumber": 40
                }
              },
              "tehtavanimike": {
                "type": "string",
                "sosmeta": {
                  "name": [
                    {
                      "lang": "fi",
                      "value": "Tehtävänimike"
                    },
                    {
                      "lang": "sv",
                      "value": "Uppgiftsbeteckning"
                    }
                  ],
                  "description": [
                    {
                      "lang": "fi",
                      "value": "-"
                    },
                    {
                      "lang": "sv",
                      "value": "-"
                    }
                  ],
                  "example": [
                    {
                      "lang": "fi",
                      "value": "-"
                    },
                    {
                      "lang": "sv",
                      "value": "-"
                    }
                  ],
                  "representation": [
                    {
                      "lang": "fi",
                      "value": "Teksti"
                    },
                    {
                      "lang": "sv",
                      "value": "Text"
                    }
                  ],
                  "repeatable": false,
                  "required": false,
                  "conditionalRequired": false,
                  "nationwideRecordedInformation": false,
                  "hiddenField": false,
                  "hiddenTitle": false,
                  "rowNumber": 41
                }
              },
              "palveluyksikko": {
                "type": "object",
                "additionalProperties": false,
                "sosmeta": {
                  "name": [
                    {
                      "lang": "fi",
                      "value": "Palveluyksikkö"
                    },
                    {
                      "lang": "sv",
                      "value": "Serviceenhet"
                    }
                  ],
                  "description": [
                    {
                      "lang": "fi",
                      "value": "Kenttään kirjataan palveluyksikön nimi SOTE-organisaatiorekisterin avulla."
                    },
                    {
                      "lang": "sv",
                      "value": "I fältet antecknas namnet på serviceenheten enligt Organisationsregistret för social- och hälsovården."
                    }
                  ],
                  "example": [
                    {
                      "lang": "fi",
                      "value": "1.2.246.10.1012636.10.1.1.100768 \u003d Espoon keskuksen lastensuojelu, Espoon kaupunki, sosiaali- ja terveystoimi"
                    },
                    {
                      "lang": "sv",
                      "value": "1.2.246.10.1012636.10.1.1.100768 \u003d Esbo centrums barnskydd, Esbo stad, social- och hälsovårdssektorn"
                    }
                  ],
                  "classification": [
                    {
                      "lang": "fi",
                      "value": "Koodistopalvelin: THL - SOTE-organisaatiorekisteri 1.2.246.537.6.202"
                    },
                    {
                      "lang": "sv",
                      "value": "Kodtjänsten: THL - SOTE-organisationsregister 1.2.246.537.6.202"
                    }
                  ],
                  "classificationLink": [
                    {
                      "lang": "",
                      "value": "https://koodistopalvelu.kanta.fi/codeserver/pages/classification-view-page.xhtml?classificationKey\u003d421\u0026versionKey\u003d501"
                    }
                  ],
                  "classificationOid": [
                    {
                      "lang": "",
                      "value": "1.2.246.537.6.202"
                    }
                  ],
                  "representation": [
                    {
                      "lang": "fi",
                      "value": "Koodi"
                    },
                    {
                      "lang": "sv",
                      "value": "Kod"
                    }
                  ],
                  "repeatable": false,
                  "required": false,
                  "conditionalRequired": false,
                  "nationwideRecordedInformation": false,
                  "hiddenField": false,
                  "hiddenTitle": false,
                  "rowNumber": 42
                },
                "required": [
                  "system",
                  "code",
                  "display"
                ],
                "properties": {
                  "system": {
                    "type": "string",
                    "pattern": "^urn:oid:1\\.2\\.246\\.537\\.6\\.202(\\.\\d+)*$"
                  },
                  "code": {
                    "type": "string"
                  },
                  "display": {
                    "type": "string"
                  }
                }
              }
            }
          }
        }
      }
    }
  }
}