{
  "$schema": "http://json-schema.org/draft-07/schema#",
  "title": "\u0027Lastensuojelun mielipiteen selvittämisasiakirja\u0027 JSON schema",
  "type": "object",
  "additionalProperties": false,
  "sosmeta": {
    "title": "\u0027Lastensuojelun mielipiteen selvittämisasiakirja\u0027 JSON schema",
    "status": "Valmis",
    "documentDefinitionVersion": "2022-09-28",
    "dataComponentLibraryVersion": "2022-09-27",
    "oid": "1.2.246.537.6.1506.5003.2022.9.28",
    "documentType": "Kuulemisasiakirja",
    "documentAuthor": "Ammattihenkilö",
    "documentSubject": "Lastensuojelun yhteiset asiakasasiakirjat"
  },
  "required": [
    "lastensuojelun_mielipiteen_selvittamisasiakirja"
  ],
  "properties": {
    "lastensuojelun_mielipiteen_selvittamisasiakirja": {
      "type": "object",
      "additionalProperties": false,
      "sosmeta": {
        "name": [
          {
            "lang": "fi",
            "value": "Lastensuojelun mielipiteen selvittämisasiakirja"
          },
          {
            "lang": "sv",
            "value": "Handling för utredning av åsikt inom barnskyddet"
          }
        ]
      },
      "required": [
        "asiakas",
        "kuulemisasiakirja",
        "laatija"
      ],
      "properties": {
        "asiakas": {
          "type": "array",
          "minItems": 1,
          "items": {
            "type": "object",
            "additionalProperties": false,
            "sosmeta": {
              "name": [
                {
                  "lang": "fi",
                  "value": "Asiakas"
                },
                {
                  "lang": "sv",
                  "value": "Klient"
                }
              ],
              "description": [
                {
                  "lang": "fi",
                  "value": "Asiakas on henkilö, jonka asiaa mielipiteen selvittäminen koskee. Kuultava ja asiakas eivät aina ole sama henkilö."
                },
                {
                  "lang": "sv",
                  "value": "Klienten är den person, vars ärende utredningen av åsikt gäller. Den person som blir hörd och klienten är inte alltid samma person."
                }
              ],
              "repeatable": true,
              "required": true,
              "conditionalRequired": false,
              "nationwideRecordedInformation": false,
              "hiddenField": false,
              "hiddenTitle": false,
              "rowNumber": 1
            },
            "required": [
              "sukunimi",
              "etunimet"
            ],
            "properties": {
              "sukunimi": {
                "type": "string",
                "minLength": 1,
                "sosmeta": {
                  "name": [
                    {
                      "lang": "fi",
                      "value": "Sukunimi"
                    },
                    {
                      "lang": "sv",
                      "value": "Efternamn"
                    }
                  ],
                  "description": [
                    {
                      "lang": "fi",
                      "value": "-"
                    },
                    {
                      "lang": "sv",
                      "value": "-"
                    }
                  ],
                  "example": [
                    {
                      "lang": "fi",
                      "value": "-"
                    },
                    {
                      "lang": "sv",
                      "value": "-"
                    }
                  ],
                  "representation": [
                    {
                      "lang": "fi",
                      "value": "Nimi"
                    },
                    {
                      "lang": "sv",
                      "value": "Namn"
                    }
                  ],
                  "repeatable": false,
                  "required": true,
                  "conditionalRequired": false,
                  "nationwideRecordedInformation": false,
                  "hiddenField": false,
                  "hiddenTitle": false,
                  "rowNumber": 2
                }
              },
              "etunimet": {
                "type": "string",
                "minLength": 1,
                "sosmeta": {
                  "name": [
                    {
                      "lang": "fi",
                      "value": "Etunimet"
                    },
                    {
                      "lang": "sv",
                      "value": "Samtliga förnamn"
                    }
                  ],
                  "description": [
                    {
                      "lang": "fi",
                      "value": "-"
                    },
                    {
                      "lang": "sv",
                      "value": "-"
                    }
                  ],
                  "example": [
                    {
                      "lang": "fi",
                      "value": "-"
                    },
                    {
                      "lang": "sv",
                      "value": "-"
                    }
                  ],
                  "representation": [
                    {
                      "lang": "fi",
                      "value": "Nimi"
                    },
                    {
                      "lang": "sv",
                      "value": "Namn"
                    }
                  ],
                  "repeatable": false,
                  "required": true,
                  "conditionalRequired": false,
                  "nationwideRecordedInformation": false,
                  "hiddenField": false,
                  "hiddenTitle": false,
                  "rowNumber": 3
                }
              },
              "henkilotunnus": {
                "type": "object",
                "additionalProperties": false,
                "sosmeta": {
                  "name": [
                    {
                      "lang": "fi",
                      "value": "Henkilötunnus"
                    },
                    {
                      "lang": "sv",
                      "value": "Personbeteckning"
                    }
                  ],
                  "description": [
                    {
                      "lang": "fi",
                      "value": "-"
                    },
                    {
                      "lang": "sv",
                      "value": "-"
                    }
                  ],
                  "example": [
                    {
                      "lang": "fi",
                      "value": "-"
                    },
                    {
                      "lang": "sv",
                      "value": "-"
                    }
                  ],
                  "implementationNote": [
                    {
                      "lang": "fi",
                      "value": "Ehdollisesti pakollinen: Henkilötunnus- ja Tilapäinen yksilöintitunnus -kentistä toinen on pakollinen."
                    },
                    {
                      "lang": "sv",
                      "value": "Ehdollisesti pakollinen: Henkilötunnus- ja Tilapäinen yksilöintitunnus -kentistä toinen on pakollinen."
                    }
                  ],
                  "representation": [
                    {
                      "lang": "fi",
                      "value": "Tunnus"
                    },
                    {
                      "lang": "sv",
                      "value": "Identifierare"
                    }
                  ],
                  "systemUri": [
                    {
                      "lang": "",
                      "value": "urn:oid:1.2.246.21"
                    }
                  ],
                  "repeatable": false,
                  "required": false,
                  "conditionalRequired": true,
                  "nationwideRecordedInformation": false,
                  "hiddenField": false,
                  "hiddenTitle": false,
                  "rowNumber": 4
                },
                "required": [
                  "value"
                ],
                "properties": {
                  "system": {
                    "type": "string"
                  },
                  "value": {
                    "type": "string"
                  }
                }
              },
              "tilapainen_yksilointitunnus": {
                "type": "object",
                "additionalProperties": false,
                "sosmeta": {
                  "name": [
                    {
                      "lang": "fi",
                      "value": "Tilapäinen yksilöintitunnus"
                    },
                    {
                      "lang": "sv",
                      "value": "Temporär identifikationskod"
                    }
                  ],
                  "description": [
                    {
                      "lang": "fi",
                      "value": "Kenttään kirjataan henkilön tilapäiseen yksilöintiin annettu tunnus."
                    },
                    {
                      "lang": "sv",
                      "value": "I fältet antecknas identifikationskoden som getts personen för tillfällig identifiering."
                    }
                  ],
                  "example": [
                    {
                      "lang": "fi",
                      "value": "112233-445a"
                    },
                    {
                      "lang": "sv",
                      "value": "112233-445a"
                    }
                  ],
                  "implementationNote": [
                    {
                      "lang": "fi",
                      "value": "Ehdollisesti pakollinen: Henkilötunnus- ja Tilapäinen yksilöintitunnus -kentistä toinen on pakollinen."
                    },
                    {
                      "lang": "sv",
                      "value": "Ehdollisesti pakollinen: Henkilötunnus- ja Tilapäinen yksilöintitunnus -kentistä toinen on pakollinen."
                    }
                  ],
                  "representation": [
                    {
                      "lang": "fi",
                      "value": "Tunnus"
                    },
                    {
                      "lang": "sv",
                      "value": "Identifierare"
                    }
                  ],
                  "repeatable": false,
                  "required": false,
                  "conditionalRequired": true,
                  "nationwideRecordedInformation": false,
                  "hiddenField": false,
                  "hiddenTitle": false,
                  "rowNumber": 5
                },
                "required": [
                  "value"
                ],
                "properties": {
                  "system": {
                    "type": "string"
                  },
                  "value": {
                    "type": "string"
                  }
                }
              }
            }
          }
        },
        "kuulemisasiakirja": {
          "type": "object",
          "additionalProperties": false,
          "sosmeta": {
            "name": [
              {
                "lang": "fi",
                "value": "Kuulemisasiakirja"
              },
              {
                "lang": "sv",
                "value": "Samrådshandling"
              }
            ],
            "description": [
              {
                "lang": "fi",
                "value": "-"
              },
              {
                "lang": "sv",
                "value": "-"
              }
            ],
            "repeatable": false,
            "required": true,
            "conditionalRequired": false,
            "nationwideRecordedInformation": false,
            "hiddenField": true,
            "hiddenTitle": false,
            "rowNumber": 6
          },
          "required": [
            "kuuleminen"
          ],
          "properties": {
            "asiasisalto": {
              "type": "string",
              "sosmeta": {
                "name": [
                  {
                    "lang": "fi",
                    "value": "Asiasisältö"
                  },
                  {
                    "lang": "sv",
                    "value": "Sakinnehåll"
                  }
                ],
                "description": [
                  {
                    "lang": "fi",
                    "value": "Kenttään kirjataan asia, johon liittyen henkilön mielipidettä selvitetään, sekä tarvittaessa mielipiteen selvittämisen sisältö."
                  },
                  {
                    "lang": "sv",
                    "value": "I fältet antecknas det ärende i samband med vilket personens åsikt utreds, samt vid behov innehållet i utredningen av åsikten."
                  }
                ],
                "example": [
                  {
                    "lang": "fi",
                    "value": "\"Mielipiteeni on selvitetty minua koskevassa huostassapidon lopettamisasiassa. Minulle on selvitetty huostassapidon lopettamisen oikeusvaikutukset ja lapsen/nuoren jälkihuolto-oikeuden sisältö ja merkitys. Olen tutustunut päätökseen liittyviin asiakirjoihin. Samalla olen neuvotellut minua koskevasta asiakassuunnitelmasta.\"\n\n\"Mielipiteeni on selvitetty minua koskevassa huostaanottoasiassa ja sijaishuoltoon sijoittamista koskevassa asiassa. Minulle on selvitetty huostaanoton syyt ja oikeusvaikutukset sekä tiedot tarkoitetusta sijaishuoltopaikasta. Olen tutustunut päätökseen liittyviin asiakirjoihin. Samalla olen neuvotellut minua koskevasta asiakassuunnitelmasta.\"\n\n\"Mielipiteeni on selvitetty minua koskevassa sijaishuoltopaikan muuttamista koskevassa asiassa. Minulle on selvitetty sijaishuoltopaikan muuttamisen perusteet sekä annettu tiedot tarkoitetusta sijaishuoltopaikasta. Olen tutustunut päätökseen liittyviin asiakirjoihin. Samalla olen neuvotellut minua koskevasta asiakassuunnitelmasta.\"\n\n\"Mielipiteeni on selvitetty minua koskevassa rajoitustoimenpiteiden suorittamista koskevassa asiassa. Minulle on selvitetty rajoitustoimenpiteen oikeusvaikutukset ja sen sisältö ja merkitys.\""
                  },
                  {
                    "lang": "sv",
                    "value": "”Min åsikt har utretts om det ärende som gäller avslutande av omhändertagandet av mig. Jag har fått information om rättsverkan av avslutandet av omhändertagandet och innehållet i och betydelsen av rätten till eftervård för barnet/den unga. Jag har tagit del av beslutshandlingarna. Samtidigt har jag diskuterat min klientplan.” ”Min åsikt har utretts om det ärende som gäller omhändertagande och placering i vård utom hemmet av mig. Jag har fått information om orsakerna till omhändertagandet och rättsverkan samt om den avsedda platsen för vård utom hemmet. Jag har tagit del av beslutshandlingarna. Samtidigt har jag diskuterat min klientplan.” ”Min åsikt har utretts om det ärende som gäller ändring av platsen för vård utom hemmet för mig. Jag har fått information om motiven till ändringen av platsen för vård utom hemmet och om den avsedda platsen för vård utom hemmet. Jag har tagit del av beslutshandlingarna. Samtidigt har jag diskuterat min klientplan.” ”Min åsikt har utretts om det ärende som gäller genomförande av begränsningsåtgärder för mig. Jag har fått information om rättsverkan av begränsningsåtgärden och dess innehåll och betydelse.”"
                  }
                ],
                "implementationNote": [
                  {
                    "lang": "fi",
                    "value": "Tavoitetilassa kentässä näytetään automaattiteksti."
                  },
                  {
                    "lang": "sv",
                    "value": "Tavoitetilassa kentässä näytetään automaattiteksti."
                  }
                ],
                "representation": [
                  {
                    "lang": "fi",
                    "value": "Teksti"
                  },
                  {
                    "lang": "sv",
                    "value": "Text"
                  }
                ],
                "repeatable": false,
                "required": false,
                "conditionalRequired": false,
                "nationwideRecordedInformation": false,
                "hiddenField": false,
                "hiddenTitle": false,
                "rowNumber": 7
              }
            },
            "kuuleminen": {
              "type": "object",
              "additionalProperties": false,
              "sosmeta": {
                "name": [
                  {
                    "lang": "fi",
                    "value": "Kuuleminen"
                  },
                  {
                    "lang": "sv",
                    "value": "Hörande"
                  }
                ],
                "title": [
                  {
                    "lang": "fi",
                    "value": "Mielipiteen selvittäminen"
                  },
                  {
                    "lang": "sv",
                    "value": "Utredning av åsikt"
                  }
                ],
                "description": [
                  {
                    "lang": "fi",
                    "value": "-"
                  },
                  {
                    "lang": "sv",
                    "value": "-"
                  }
                ],
                "repeatable": false,
                "required": true,
                "conditionalRequired": false,
                "nationwideRecordedInformation": false,
                "hiddenField": false,
                "hiddenTitle": false,
                "rowNumber": 8
              },
              "required": [
                "kuultava"
              ],
              "properties": {
                "kuultava": {
                  "type": "object",
                  "additionalProperties": false,
                  "sosmeta": {
                    "name": [
                      {
                        "lang": "fi",
                        "value": "Kuultava"
                      },
                      {
                        "lang": "sv",
                        "value": "Person som hörs"
                      }
                    ],
                    "title": [
                      {
                        "lang": "fi",
                        "value": "Henkilö, jonka mielipidettä selvitetään"
                      },
                      {
                        "lang": "sv",
                        "value": "Den person, vars åsikt utreds"
                      }
                    ],
                    "description": [
                      {
                        "lang": "fi",
                        "value": "-"
                      },
                      {
                        "lang": "sv",
                        "value": "-"
                      }
                    ],
                    "implementationNote": [
                      {
                        "lang": "fi",
                        "value": "Tämä kohta on pakollinen TK Kuulemisen määrityksestä poiketen."
                      },
                      {
                        "lang": "sv",
                        "value": "Tämä kohta on pakollinen TK Kuulemisen määrityksestä poiketen."
                      }
                    ],
                    "repeatable": false,
                    "required": true,
                    "conditionalRequired": false,
                    "nationwideRecordedInformation": false,
                    "hiddenField": false,
                    "hiddenTitle": false,
                    "rowNumber": 9
                  },
                  "required": [
                    "sukunimi",
                    "etunimet"
                  ],
                  "properties": {
                    "sukunimi": {
                      "type": "string",
                      "minLength": 1,
                      "sosmeta": {
                        "name": [
                          {
                            "lang": "fi",
                            "value": "Sukunimi"
                          },
                          {
                            "lang": "sv",
                            "value": "Efternamn"
                          }
                        ],
                        "description": [
                          {
                            "lang": "fi",
                            "value": "-"
                          },
                          {
                            "lang": "sv",
                            "value": "-"
                          }
                        ],
                        "representation": [
                          {
                            "lang": "fi",
                            "value": "Nimi"
                          },
                          {
                            "lang": "sv",
                            "value": "Namn"
                          }
                        ],
                        "repeatable": false,
                        "required": true,
                        "conditionalRequired": false,
                        "nationwideRecordedInformation": false,
                        "hiddenField": false,
                        "hiddenTitle": false,
                        "rowNumber": 10
                      }
                    },
                    "etunimet": {
                      "type": "string",
                      "minLength": 1,
                      "sosmeta": {
                        "name": [
                          {
                            "lang": "fi",
                            "value": "Etunimet"
                          },
                          {
                            "lang": "sv",
                            "value": "Samtliga förnamn"
                          }
                        ],
                        "description": [
                          {
                            "lang": "fi",
                            "value": "-"
                          },
                          {
                            "lang": "sv",
                            "value": "-"
                          }
                        ],
                        "representation": [
                          {
                            "lang": "fi",
                            "value": "Nimi"
                          },
                          {
                            "lang": "sv",
                            "value": "Namn"
                          }
                        ],
                        "repeatable": false,
                        "required": true,
                        "conditionalRequired": false,
                        "nationwideRecordedInformation": false,
                        "hiddenField": false,
                        "hiddenTitle": false,
                        "rowNumber": 11
                      }
                    },
                    "kuvaus": {
                      "type": "string",
                      "sosmeta": {
                        "name": [
                          {
                            "lang": "fi",
                            "value": "Kuvaus"
                          },
                          {
                            "lang": "sv",
                            "value": "Beskrivning"
                          }
                        ],
                        "title": [
                          {
                            "lang": "fi",
                            "value": "Suhde lapseen"
                          },
                          {
                            "lang": "sv",
                            "value": "Relation till barnet"
                          }
                        ],
                        "description": [
                          {
                            "lang": "fi",
                            "value": "Kenttää käytetään, jos mielipide selvitetään henkilöltä, joka on joku muu kuin lapsi itse."
                          },
                          {
                            "lang": "sv",
                            "value": "Fältet används, om den person vars åsikt utreds är någon annan än barnet självt."
                          }
                        ],
                        "example": [
                          {
                            "lang": "fi",
                            "value": "-"
                          },
                          {
                            "lang": "sv",
                            "value": "-"
                          }
                        ],
                        "implementationNote": [
                          {
                            "lang": "fi",
                            "value": "Kenttä näytetään vain, jos henkilö on joku muu kuin lapsi itse."
                          },
                          {
                            "lang": "sv",
                            "value": "Kenttä näytetään vain, jos henkilö on joku muu kuin lapsi itse."
                          }
                        ],
                        "representation": [
                          {
                            "lang": "fi",
                            "value": "Teksti"
                          },
                          {
                            "lang": "sv",
                            "value": "Text"
                          }
                        ],
                        "repeatable": false,
                        "required": false,
                        "conditionalRequired": false,
                        "nationwideRecordedInformation": false,
                        "hiddenField": false,
                        "hiddenTitle": false,
                        "rowNumber": 12
                      }
                    }
                  }
                },
                "osallistujat": {
                  "type": "string",
                  "sosmeta": {
                    "name": [
                      {
                        "lang": "fi",
                        "value": "Osallistujat"
                      },
                      {
                        "lang": "sv",
                        "value": "Deltagare"
                      }
                    ],
                    "title": [
                      {
                        "lang": "fi",
                        "value": "Mielipiteen selvittämisessä läsnäolleet henkilöt"
                      },
                      {
                        "lang": "sv",
                        "value": "De personer som var närvarande vid utredningen av åsikter"
                      }
                    ],
                    "description": [
                      {
                        "lang": "fi",
                        "value": "Kenttään kirjataan mielipiteen selvittämisessä läsnäolleet henkilöt. Kenttään kirjataan osallistujien nimet ja kuvataan osallistujan suhde asiakkaaseen tai rooli asiassa. Ammattihenkilöltä kirjataan organisaatio ja tehtävänimike."
                      },
                      {
                        "lang": "sv",
                        "value": "I fältet antecknas personerna som var närvarande vid åsiktsutredningen. I fältet antecknas deltagarnas namn och deras relation till klienten eller roll i ärendet. För en yrkesutbildad person antecknas organisationen och uppgiftsbeteckningen."
                      }
                    ],
                    "representation": [
                      {
                        "lang": "fi",
                        "value": "Teksti"
                      },
                      {
                        "lang": "sv",
                        "value": "Text"
                      }
                    ],
                    "repeatable": false,
                    "required": false,
                    "conditionalRequired": false,
                    "nationwideRecordedInformation": false,
                    "hiddenField": false,
                    "hiddenTitle": false,
                    "rowNumber": 13
                  }
                },
                "mielipide": {
                  "type": "string",
                  "sosmeta": {
                    "name": [
                      {
                        "lang": "fi",
                        "value": "Mielipide"
                      },
                      {
                        "lang": "sv",
                        "value": "Åsikt"
                      }
                    ],
                    "description": [
                      {
                        "lang": "fi",
                        "value": "Kenttään kirjataan henkilön näkemys käsiteltävästä asiasta. On esimerkiksi kuvattava lapselta kysyttyjen kysymysten sisältö ja lapsen niihin antamat vastaukset. Kiireellisen sijoituksen yhteydessä on selvitettävä lapsen ja hänen hoidostaan tosiasiallisesti vastaavan vanhemman tai muun henkilön mielipide siitä, mihin lapsi voitaisiin sijoittaa tai voidaanko lapsen hoito järjestää väliaikaisesti muuten. Kenttään voidaan myös kirjata tilanteesta riippuen lapsen, vanhempien ja muiden läheisten ja yhteistyökumppanien näkemys lastensuojelun tarpeesta, asianosaisten mielipiteet avohuollon sijoituksesta; näkemys huostaanotosta/sijaishuoltoon sijoittamisesta, asianosaisten mielipiteet kiireellisestä sijoituksesta, sijaishuoltopaikan näkemys kiireellisen sijoituksen jatkamisesta."
                      },
                      {
                        "lang": "sv",
                        "value": "I fältet antecknas personens åsikt om ärendet som behandlas. Till exempel ska innehållet i frågorna som ställts till barnet och barnets svar på frågorna dokumenteras. I samband med en brådskande placering ska det utredas vilka åsikter barnet och föräldern eller någon annan person som svarar för den faktiska vårdnaden av barnet har beträffande platsen för barnets placering eller om vården av barnet tillfälligt kan ordnas på annat sätt. Beroende på situationen kan man i fältet också anteckna barnets, föräldrarnas och andra närståendes och samarbetspartners syn på behovet av barnskydd, parternas åsikter om placering inom öppenvården och om omhändertagande/placering i vård utom hemmet, parternas åsikter om brådskande placering, åsikten på platsen för vård utom hemmet om att fortsätta med brådskande placering."
                      }
                    ],
                    "representation": [
                      {
                        "lang": "fi",
                        "value": "Teksti"
                      },
                      {
                        "lang": "sv",
                        "value": "Text"
                      }
                    ],
                    "repeatable": false,
                    "required": false,
                    "conditionalRequired": false,
                    "nationwideRecordedInformation": false,
                    "hiddenField": false,
                    "hiddenTitle": false,
                    "rowNumber": 14
                  }
                },
                "selvittamisen_tapa": {
                  "type": "string",
                  "sosmeta": {
                    "name": [
                      {
                        "lang": "fi",
                        "value": "Selvittämisen tapa"
                      },
                      {
                        "lang": "sv",
                        "value": "Utredningssätt"
                      }
                    ],
                    "title": [
                      {
                        "lang": "fi",
                        "value": "Kuvaus  mielipiteen selvittämisestä"
                      },
                      {
                        "lang": "sv",
                        "value": "Beskrivning av utredningen av åsikter"
                      }
                    ],
                    "description": [
                      {
                        "lang": "fi",
                        "value": "Kenttään kuvataan erityisesti kuinka lapsen mielipide on selvitetty (Lastensuojelulaki 20 §)."
                      },
                      {
                        "lang": "sv",
                        "value": "I fältet beskriver man särskilt hur barnets åsikt har utretts (Barnskyddslagen 20 §)."
                      }
                    ],
                    "representation": [
                      {
                        "lang": "fi",
                        "value": "Teksti"
                      },
                      {
                        "lang": "sv",
                        "value": "Text"
                      }
                    ],
                    "repeatable": false,
                    "required": false,
                    "conditionalRequired": false,
                    "nationwideRecordedInformation": false,
                    "hiddenField": false,
                    "hiddenTitle": false,
                    "rowNumber": 15
                  }
                }
              }
            }
          }
        },
        "lisatiedot": {
          "type": "string",
          "sosmeta": {
            "name": [
              {
                "lang": "fi",
                "value": "Lisätiedot"
              },
              {
                "lang": "sv",
                "value": "Mer information"
              }
            ],
            "description": [
              {
                "lang": "fi",
                "value": "Kenttään voidaan kirjata esimerkiksi muita asioita, joita henkilö haluaa tuoda esiin asiaan liittyen."
              },
              {
                "lang": "sv",
                "value": "I fältet kan man till exempel anteckna andra ärenden, som personen vill framföra i anslutning till ärendet."
              }
            ],
            "representation": [
              {
                "lang": "fi",
                "value": "Teksti"
              },
              {
                "lang": "sv",
                "value": "Text"
              }
            ],
            "repeatable": false,
            "required": false,
            "conditionalRequired": false,
            "nationwideRecordedInformation": false,
            "hiddenField": false,
            "hiddenTitle": false,
            "rowNumber": 16
          }
        },
        "lakiselostus": {
          "type": "string",
          "sosmeta": {
            "name": [
              {
                "lang": "fi",
                "value": "Lakiselostus"
              },
              {
                "lang": "sv",
                "value": "Lagförklaring"
              }
            ],
            "implementationNote": [
              {
                "lang": "fi",
                "value": "Kentässä voidaan käyttää automaattitekstiä, jonka organisaatio yhdessä tietojärjestelmätoimittajan kanssa laatii. THL ei laadi kentässä näytettäviä tekstejä."
              },
              {
                "lang": "sv",
                "value": "Kentässä voidaan käyttää automaattitekstiä, jonka organisaatio yhdessä tietojärjestelmätoimittajan kanssa laatii. THL ei laadi kentässä näytettäviä tekstejä."
              }
            ],
            "representation": [
              {
                "lang": "fi",
                "value": "Teksti"
              },
              {
                "lang": "sv",
                "value": "Text"
              }
            ],
            "repeatable": false,
            "required": false,
            "conditionalRequired": false,
            "nationwideRecordedInformation": false,
            "hiddenField": false,
            "hiddenTitle": false,
            "rowNumber": 17
          }
        },
        "paivamaara": {
          "type": "string",
          "pattern": "^-?[0-9]{4}(-(0[1-9]|1[0-2])(-(0[0-9]|[1-2][0-9]|3[0-1]))?)?$",
          "sosmeta": {
            "name": [
              {
                "lang": "fi",
                "value": "Päivämäärä"
              },
              {
                "lang": "sv",
                "value": "Datum"
              }
            ],
            "description": [
              {
                "lang": "fi",
                "value": "Kenttään kirjataan asiakirjan laatimispäivämäärä."
              },
              {
                "lang": "sv",
                "value": "I fältet antecknas datum för upprättandet av handlingen."
              }
            ],
            "representation": [
              {
                "lang": "fi",
                "value": "Pvm"
              },
              {
                "lang": "sv",
                "value": "Datum"
              }
            ],
            "repeatable": false,
            "required": false,
            "conditionalRequired": false,
            "nationwideRecordedInformation": false,
            "hiddenField": false,
            "hiddenTitle": false,
            "rowNumber": 18
          }
        },
        "laatija": {
          "type": "object",
          "additionalProperties": false,
          "sosmeta": {
            "name": [
              {
                "lang": "fi",
                "value": "Laatija"
              },
              {
                "lang": "sv",
                "value": "Upprättare"
              }
            ],
            "description": [
              {
                "lang": "fi",
                "value": "Laatija on mielipiteen selvittänyt ammattihenkilö."
              },
              {
                "lang": "sv",
                "value": "Upprättaren är den yrkesutbildade person som har utrett åsikten."
              }
            ],
            "repeatable": false,
            "required": true,
            "conditionalRequired": false,
            "nationwideRecordedInformation": false,
            "hiddenField": false,
            "hiddenTitle": false,
            "rowNumber": 19
          },
          "required": [
            "sukunimi",
            "etunimet"
          ],
          "properties": {
            "sukunimi": {
              "type": "string",
              "minLength": 1,
              "sosmeta": {
                "name": [
                  {
                    "lang": "fi",
                    "value": "Sukunimi"
                  },
                  {
                    "lang": "sv",
                    "value": "Efternamn"
                  }
                ],
                "description": [
                  {
                    "lang": "fi",
                    "value": "-"
                  },
                  {
                    "lang": "sv",
                    "value": "-"
                  }
                ],
                "representation": [
                  {
                    "lang": "fi",
                    "value": "Nimi"
                  },
                  {
                    "lang": "sv",
                    "value": "Namn"
                  }
                ],
                "repeatable": false,
                "required": true,
                "conditionalRequired": false,
                "nationwideRecordedInformation": false,
                "hiddenField": false,
                "hiddenTitle": false,
                "rowNumber": 20
              }
            },
            "etunimet": {
              "type": "string",
              "minLength": 1,
              "sosmeta": {
                "name": [
                  {
                    "lang": "fi",
                    "value": "Etunimet"
                  },
                  {
                    "lang": "sv",
                    "value": "Samtliga förnamn"
                  }
                ],
                "description": [
                  {
                    "lang": "fi",
                    "value": "-"
                  },
                  {
                    "lang": "sv",
                    "value": "-"
                  }
                ],
                "representation": [
                  {
                    "lang": "fi",
                    "value": "Nimi"
                  },
                  {
                    "lang": "sv",
                    "value": "Namn"
                  }
                ],
                "repeatable": false,
                "required": true,
                "conditionalRequired": false,
                "nationwideRecordedInformation": false,
                "hiddenField": false,
                "hiddenTitle": false,
                "rowNumber": 21
              }
            },
            "tehtavanimike": {
              "type": "string",
              "sosmeta": {
                "name": [
                  {
                    "lang": "fi",
                    "value": "Tehtävänimike"
                  },
                  {
                    "lang": "sv",
                    "value": "Uppgiftsbeteckning"
                  }
                ],
                "description": [
                  {
                    "lang": "fi",
                    "value": "-"
                  },
                  {
                    "lang": "sv",
                    "value": "-"
                  }
                ],
                "example": [
                  {
                    "lang": "fi",
                    "value": "-"
                  },
                  {
                    "lang": "sv",
                    "value": "-"
                  }
                ],
                "representation": [
                  {
                    "lang": "fi",
                    "value": "Teksti"
                  },
                  {
                    "lang": "sv",
                    "value": "Text"
                  }
                ],
                "repeatable": false,
                "required": false,
                "conditionalRequired": false,
                "nationwideRecordedInformation": false,
                "hiddenField": false,
                "hiddenTitle": false,
                "rowNumber": 22
              }
            },
            "palveluyksikko": {
              "type": "object",
              "additionalProperties": false,
              "sosmeta": {
                "name": [
                  {
                    "lang": "fi",
                    "value": "Palveluyksikkö"
                  },
                  {
                    "lang": "sv",
                    "value": "Serviceenhet"
                  }
                ],
                "description": [
                  {
                    "lang": "fi",
                    "value": "Kenttään kirjataan palveluyksikön nimi SOTE-organisaatiorekisterin avulla."
                  },
                  {
                    "lang": "sv",
                    "value": "I fältet antecknas namnet på serviceenheten enligt Organisationsregistret för social- och hälsovården."
                  }
                ],
                "example": [
                  {
                    "lang": "fi",
                    "value": "1.2.246.10.1012636.10.1.1.100768 \u003d Espoon keskuksen lastensuojelu, Espoon kaupunki, sosiaali- ja terveystoimi"
                  },
                  {
                    "lang": "sv",
                    "value": "1.2.246.10.1012636.10.1.1.100768 \u003d Esbo centrums barnskydd, Esbo stad, social- och hälsovårdssektorn"
                  }
                ],
                "classification": [
                  {
                    "lang": "fi",
                    "value": "Koodistopalvelin: THL - SOTE-organisaatiorekisteri 1.2.246.537.6.202"
                  },
                  {
                    "lang": "sv",
                    "value": "Kodtjänsten: THL - SOTE-organisationsregister 1.2.246.537.6.202"
                  }
                ],
                "classificationLink": [
                  {
                    "lang": "",
                    "value": "https://koodistopalvelu.kanta.fi/codeserver/pages/classification-view-page.xhtml?classificationKey\u003d421\u0026versionKey\u003d501"
                  }
                ],
                "classificationOid": [
                  {
                    "lang": "",
                    "value": "1.2.246.537.6.202"
                  }
                ],
                "representation": [
                  {
                    "lang": "fi",
                    "value": "Koodi"
                  },
                  {
                    "lang": "sv",
                    "value": "Kod"
                  }
                ],
                "repeatable": false,
                "required": false,
                "conditionalRequired": false,
                "nationwideRecordedInformation": false,
                "hiddenField": false,
                "hiddenTitle": false,
                "rowNumber": 23
              },
              "required": [
                "system",
                "code",
                "display"
              ],
              "properties": {
                "system": {
                  "type": "string",
                  "pattern": "^urn:oid:1\\.2\\.246\\.537\\.6\\.202(\\.\\d+)*$"
                },
                "code": {
                  "type": "string"
                },
                "display": {
                  "type": "string"
                }
              }
            }
          }
        }
      }
    }
  }
}