{
  "$schema": "http://json-schema.org/draft-07/schema#",
  "title": "\u0027Lausuntopyyntö lähisukulaisen oikeusgeneettisestä vanhemmuustutkimuksesta\u0027 JSON schema",
  "type": "object",
  "additionalProperties": false,
  "sosmeta": {
    "title": "\u0027Lausuntopyyntö lähisukulaisen oikeusgeneettisestä vanhemmuustutkimuksesta\u0027 JSON schema",
    "status": "Valmis",
    "documentDefinitionVersion": "2024-11-04",
    "dataComponentLibraryVersion": "2024-11-01",
    "oid": "1.2.246.537.6.1506.10001.2024.11.4",
    "documentType": "Pyyntö",
    "documentAuthor": "lastenvalvoja (tuomioistuin, THL)",
    "documentSubject": "Vanhemmuuden selvittämisen asiakasasiakirjat"
  },
  "required": [
    "lausuntopyynto_lahisukulaisen_oikeusgeneettisesta_vanhemmuustutkimuksesta"
  ],
  "properties": {
    "lausuntopyynto_lahisukulaisen_oikeusgeneettisesta_vanhemmuustutkimuksesta": {
      "type": "object",
      "additionalProperties": false,
      "sosmeta": {
        "name": [
          {
            "lang": "fi",
            "value": "Lausuntopyyntö lähisukulaisen oikeusgeneettisestä vanhemmuustutkimuksesta"
          },
          {
            "lang": "sv",
            "value": "Begäran om utlåtande om rättsgenetisk föräldraskapsundersökning som gäller nära släkting"
          }
        ]
      },
      "required": [
        "versiotunnus",
        "tilauksen_asianumero",
        "asiakas",
        "pyynto",
        "selvitettava_vanhemmuus",
        "lausuntopyynto_koskee",
        "lapsi",
        "mahdollisesti_tutkittavien_lahisukulaisten_tiedot",
        "lausuntoa_pyytava_lastenvalvoja",
        "allekirjoitus",
        "ohje_yksi",
        "lue_lisaa"
      ],
      "properties": {
        "versiotunnus": {
          "type": "object",
          "additionalProperties": false,
          "sosmeta": {
            "name": [
              {
                "lang": "fi",
                "value": "Versiotunnus"
              },
              {
                "lang": "sv",
                "value": "Versionnummer"
              }
            ],
            "title": [
              {
                "lang": "fi",
                "value": "VSAK-16-THL-2025-01-01-fi"
              },
              {
                "lang": "sv",
                "value": "VSAK-16-THL-2025-01-01-sv"
              }
            ],
            "implementationNote": [
              {
                "lang": "fi",
                "value": "Versiotunnuksena näytetään asiakirjan alatunnisteessa otsikko-kentässä oleva tunnus."
              },
              {
                "lang": "sv",
                "value": "Versiotunnuksena näytetään asiakirjan alatunnisteessa otsikko-kentässä oleva tunnus."
              }
            ],
            "representation": [
              {
                "lang": "fi",
                "value": "Tunnus"
              },
              {
                "lang": "sv",
                "value": "Identifierare"
              }
            ],
            "repeatable": false,
            "required": true,
            "conditionalRequired": false,
            "nationwideRecordedInformation": false,
            "hiddenField": false,
            "hiddenTitle": false,
            "rowNumber": 1
          },
          "required": [
            "value"
          ],
          "properties": {
            "system": {
              "type": "string"
            },
            "value": {
              "type": "string"
            }
          }
        },
        "tilauksen_asianumero": {
          "type": "object",
          "additionalProperties": false,
          "sosmeta": {
            "name": [
              {
                "lang": "fi",
                "value": "Tilauksen asianumero"
              },
              {
                "lang": "sv",
                "value": "Beställningens ärendenummer"
              }
            ],
            "implementationNote": [
              {
                "lang": "fi",
                "value": "Asianumero näytetään asiakirjan ylätunnisteessa. Asianumeron tulee olla sama kuin asiakirjan metatiedoissa oleva asiatunnus."
              },
              {
                "lang": "sv",
                "value": "Ärendenumret visas i handlingens sidhuvud. Ärendenumret ska vara samma nummer som ärendekoden i handlingens metadata."
              }
            ],
            "representation": [
              {
                "lang": "fi",
                "value": "Tunnus"
              },
              {
                "lang": "sv",
                "value": "Identifierare"
              }
            ],
            "repeatable": false,
            "required": true,
            "conditionalRequired": false,
            "nationwideRecordedInformation": false,
            "hiddenField": false,
            "hiddenTitle": false,
            "rowNumber": 2
          },
          "required": [
            "value"
          ],
          "properties": {
            "system": {
              "type": "string"
            },
            "value": {
              "type": "string"
            }
          }
        },
        "laki_oikeusgeneettisesta_vanhemmuustutkimuksesta_kolmeseitsemankahdeksankaksinollanollaviisi_yksiyksi__yksi_momentti": {
          "type": "object",
          "additionalProperties": false,
          "sosmeta": {
            "name": [
              {
                "lang": "fi",
                "value": "Laki oikeusgeneettisestä vanhemmuustutkimuksesta 378/2005 11 § 1 momentti"
              },
              {
                "lang": "sv",
                "value": "Lagen om rättsgenetisk föräldraskapsundersökning 378/2005 11 § 1 mom."
              }
            ],
            "implementationNote": [
              {
                "lang": "fi",
                "value": "Kentässä oleva lain nimi, pykälä ja momentti näytetään asiakirjan nimen alla."
              },
              {
                "lang": "sv",
                "value": "Kentässä oleva lain nimi, pykälä ja momentti näytetään asiakirjan nimen alla."
              }
            ],
            "representation": [
              {
                "lang": "fi",
                "value": "Otsikko"
              },
              {
                "lang": "sv",
                "value": "Rubrik"
              }
            ],
            "repeatable": false,
            "required": false,
            "conditionalRequired": false,
            "nationwideRecordedInformation": false,
            "hiddenField": false,
            "hiddenTitle": false,
            "rowNumber": 3
          },
          "required": [],
          "properties": {}
        },
        "asiakas": {
          "type": "array",
          "minItems": 1,
          "items": {
            "type": "object",
            "additionalProperties": false,
            "sosmeta": {
              "name": [
                {
                  "lang": "fi",
                  "value": "Asiakas"
                },
                {
                  "lang": "sv",
                  "value": "Klient"
                }
              ],
              "description": [
                {
                  "lang": "fi",
                  "value": "-"
                },
                {
                  "lang": "sv",
                  "value": "-"
                }
              ],
              "repeatable": true,
              "required": true,
              "conditionalRequired": false,
              "nationwideRecordedInformation": false,
              "hiddenField": false,
              "hiddenTitle": false,
              "rowNumber": 4
            },
            "required": [
              "sukunimi",
              "etunimet"
            ],
            "properties": {
              "sukunimi": {
                "type": "string",
                "minLength": 1,
                "sosmeta": {
                  "name": [
                    {
                      "lang": "fi",
                      "value": "Sukunimi"
                    },
                    {
                      "lang": "sv",
                      "value": "Efternamn"
                    }
                  ],
                  "description": [
                    {
                      "lang": "fi",
                      "value": "-"
                    },
                    {
                      "lang": "sv",
                      "value": "-"
                    }
                  ],
                  "representation": [
                    {
                      "lang": "fi",
                      "value": "Nimi"
                    },
                    {
                      "lang": "sv",
                      "value": "Namn"
                    }
                  ],
                  "repeatable": false,
                  "required": true,
                  "conditionalRequired": false,
                  "nationwideRecordedInformation": false,
                  "hiddenField": false,
                  "hiddenTitle": false,
                  "rowNumber": 5
                }
              },
              "etunimet": {
                "type": "string",
                "minLength": 1,
                "sosmeta": {
                  "name": [
                    {
                      "lang": "fi",
                      "value": "Etunimet"
                    },
                    {
                      "lang": "sv",
                      "value": "Samtliga förnamn"
                    }
                  ],
                  "description": [
                    {
                      "lang": "fi",
                      "value": "-"
                    },
                    {
                      "lang": "sv",
                      "value": "-"
                    }
                  ],
                  "representation": [
                    {
                      "lang": "fi",
                      "value": "Nimi"
                    },
                    {
                      "lang": "sv",
                      "value": "Namn"
                    }
                  ],
                  "repeatable": false,
                  "required": true,
                  "conditionalRequired": false,
                  "nationwideRecordedInformation": false,
                  "hiddenField": false,
                  "hiddenTitle": false,
                  "rowNumber": 6
                }
              },
              "henkilotunnus": {
                "type": "object",
                "additionalProperties": false,
                "sosmeta": {
                  "name": [
                    {
                      "lang": "fi",
                      "value": "Henkilötunnus"
                    },
                    {
                      "lang": "sv",
                      "value": "Personbeteckning"
                    }
                  ],
                  "description": [
                    {
                      "lang": "fi",
                      "value": "-"
                    },
                    {
                      "lang": "sv",
                      "value": "-"
                    }
                  ],
                  "implementationNote": [
                    {
                      "lang": "fi",
                      "value": "Ehdollisesti pakollinen: Henkilötunnus- ja Syntymäaika -kentistä toinen on pakollinen."
                    },
                    {
                      "lang": "sv",
                      "value": "Ehdollisesti pakollinen: Henkilötunnus- ja Syntymäaika -kentistä toinen on pakollinen."
                    }
                  ],
                  "representation": [
                    {
                      "lang": "fi",
                      "value": "Tunnus"
                    },
                    {
                      "lang": "sv",
                      "value": "Identifierare"
                    }
                  ],
                  "systemUri": [
                    {
                      "lang": "",
                      "value": "urn:oid:1.2.246.21"
                    }
                  ],
                  "repeatable": false,
                  "required": false,
                  "conditionalRequired": true,
                  "nationwideRecordedInformation": false,
                  "hiddenField": false,
                  "hiddenTitle": false,
                  "rowNumber": 7
                },
                "required": [
                  "value"
                ],
                "properties": {
                  "system": {
                    "type": "string"
                  },
                  "value": {
                    "type": "string"
                  }
                }
              },
              "syntymaaika": {
                "type": "string",
                "pattern": "^-?[0-9]{4}(-(0[1-9]|1[0-2])(-(0[0-9]|[1-2][0-9]|3[0-1]))?)?$",
                "sosmeta": {
                  "name": [
                    {
                      "lang": "fi",
                      "value": "Syntymäaika"
                    },
                    {
                      "lang": "sv",
                      "value": "Födelsetid"
                    }
                  ],
                  "title": [
                    {
                      "lang": "fi",
                      "value": "Syntymäaika, jos henkilöllä ei ole suomalaista henkilötunnusta"
                    },
                    {
                      "lang": "sv",
                      "value": "Födelsedatum, om personen inte har en finsk personbeteckning"
                    }
                  ],
                  "description": [
                    {
                      "lang": "fi",
                      "value": "-"
                    },
                    {
                      "lang": "sv",
                      "value": "-"
                    }
                  ],
                  "example": [
                    {
                      "lang": "fi",
                      "value": "-"
                    },
                    {
                      "lang": "sv",
                      "value": "-"
                    }
                  ],
                  "implementationNote": [
                    {
                      "lang": "fi",
                      "value": "Ehdollisesti pakollinen: Henkilötunnus- ja Syntymäaika -kentistä toinen on pakollinen."
                    },
                    {
                      "lang": "sv",
                      "value": "Ehdollisesti pakollinen: Henkilötunnus- ja Syntymäaika -kentistä toinen on pakollinen."
                    }
                  ],
                  "representation": [
                    {
                      "lang": "fi",
                      "value": "Pvm"
                    },
                    {
                      "lang": "sv",
                      "value": "Datum"
                    }
                  ],
                  "repeatable": false,
                  "required": false,
                  "conditionalRequired": true,
                  "nationwideRecordedInformation": false,
                  "hiddenField": false,
                  "hiddenTitle": false,
                  "rowNumber": 8
                }
              }
            }
          }
        },
        "pyynto": {
          "type": "string",
          "enum": [
            "Tutkimuksen tekijää pyydetään toimittamaan lausunto siitä, edistääkö lähisukulaisen tutkiminen lapsen vanhemmuuden selvittämistä ja voiko tutkimuksessa tulla ilmi tutkittavan omaa tai hänen lapsensa syntyperää koskevia seikkoja.\nEnnen lausunnon pyytämistä tuomioistuimen tai lastenvalvojan tulee ottaa yhteyttä tutkimuksen tekijään (Terveyden ja hyvinvoinnin laitos THL)."
          ],
          "sosmeta": {
            "name": [
              {
                "lang": "fi",
                "value": "Pyyntö"
              },
              {
                "lang": "sv",
                "value": "Begäran"
              }
            ],
            "implementationNote": [
              {
                "lang": "fi",
                "value": "Fraasi-kentässä ”Otsikkoa ei näytetä” tarkoittaa, että kentästä näytetään fraasiteksti tietojärjestelmässä ja valmiissa asiakirjassa, mutta ei kentän nimeä tai otsikkoa. Ammattilainen ei voi täyttää kenttää."
              },
              {
                "lang": "sv",
                "value": "Fraasi-kentässä ”Otsikkoa ei näytetä” tarkoittaa, että kentästä näytetään fraasiteksti tietojärjestelmässä ja valmiissa asiakirjassa, mutta ei kentän nimeä tai otsikkoa. Ammattilainen ei voi täyttää kenttää."
              }
            ],
            "phrase": [
              {
                "lang": "fi",
                "value": "Tutkimuksen tekijää pyydetään toimittamaan lausunto siitä, edistääkö lähisukulaisen tutkiminen lapsen vanhemmuuden selvittämistä ja voiko tutkimuksessa tulla ilmi tutkittavan omaa tai hänen lapsensa syntyperää koskevia seikkoja.\nEnnen lausunnon pyytämistä tuomioistuimen tai lastenvalvojan tulee ottaa yhteyttä tutkimuksen tekijään (Terveyden ja hyvinvoinnin laitos THL)."
              },
              {
                "lang": "sv",
                "value": "Av undersökningsmyndigheten begärs ett utlåtande om en undersökning som gäller en nära släkting främjar utredningen av föräldraskapet till barnet och om det i samband med undersökningen kan komma fram omständigheter som gäller den undersöktes egen eller dennes barns härkomst.\nInnan ett utlåtande begärs ska domstolen eller barnatillsyningsmannen ta kontakt med undersökningsmyndigheten (Institutet för hälsa och välfärd THL)."
              }
            ],
            "representation": [
              {
                "lang": "fi",
                "value": "Fraasi"
              },
              {
                "lang": "sv",
                "value": "Fras"
              }
            ],
            "repeatable": false,
            "required": true,
            "conditionalRequired": false,
            "nationwideRecordedInformation": false,
            "hiddenField": false,
            "hiddenTitle": true,
            "rowNumber": 9
          }
        },
        "selvitettava_vanhemmuus": {
          "type": "object",
          "additionalProperties": false,
          "sosmeta": {
            "name": [
              {
                "lang": "fi",
                "value": "Selvitettävä vanhemmuus"
              },
              {
                "lang": "sv",
                "value": "Föräldraskap som utreds"
              }
            ],
            "implementationNote": [
              {
                "lang": "fi",
                "value": "Kentässä käytetään sisäistä luokitusta eli luokitusta, jota ei ole kansallisella koodistopalvelimella. Kentässä sallitut arvot on esitetty Luokitus-kohdassa."
              },
              {
                "lang": "sv",
                "value": "Kentässä käytetään sisäistä luokitusta eli luokitusta, jota ei ole kansallisella koodistopalvelimella. Kentässä sallitut arvot on esitetty Luokitus-kohdassa."
              }
            ],
            "classification": [
              {
                "lang": "fi",
                "value": "Sisäinen luokitus: 1 \u003d Isyys, 2 \u003d Otaksutun synnyttäneen äidin äitiys"
              },
              {
                "lang": "sv",
                "value": "Internt kodsystem: 1 \u003d Faderskapet, 2 \u003d Moderskapet för den förmodade mor som har fött barnet"
              }
            ],
            "classificationOid": [
              {
                "lang": "",
                "value": "Lausuntopyyntö lähisukulaisen oikeusgeneettisestä vanhemmuustutkimuksesta/Selvitettävä vanhemmuus"
              }
            ],
            "representation": [
              {
                "lang": "fi",
                "value": "Koodi"
              },
              {
                "lang": "sv",
                "value": "Kod"
              }
            ],
            "repeatable": false,
            "required": true,
            "conditionalRequired": false,
            "nationwideRecordedInformation": false,
            "hiddenField": false,
            "hiddenTitle": false,
            "acceptedValues": [
              {
                "lang": "",
                "value": "1"
              },
              {
                "lang": "",
                "value": "2"
              }
            ],
            "rowNumber": 10
          },
          "required": [
            "system",
            "code",
            "display"
          ],
          "properties": {
            "system": {
              "type": "string",
              "enum": [
                "lausuntopyynto_lahisukulaisen_oikeusgeneettisesta_vanhemmuustutkimuksesta/selvitettava_vanhemmuus"
              ]
            },
            "code": {
              "type": "string",
              "enum": [
                "1",
                "2"
              ]
            },
            "display": {
              "type": "string"
            }
          }
        },
        "lausuntopyynto_koskee": {
          "type": "object",
          "additionalProperties": false,
          "sosmeta": {
            "name": [
              {
                "lang": "fi",
                "value": "Lausuntopyyntö koskee"
              },
              {
                "lang": "sv",
                "value": "Begäran om utlåtande gäller"
              }
            ],
            "implementationNote": [
              {
                "lang": "fi",
                "value": "Kentässä käytetään sisäistä luokitusta eli luokitusta, jota ei ole kansallisella koodistopalvelimella. Kentässä sallitut arvot on esitetty Luokitus-kohdassa."
              },
              {
                "lang": "sv",
                "value": "Kentässä käytetään sisäistä luokitusta eli luokitusta, jota ei ole kansallisella koodistopalvelimella. Kentässä sallitut arvot on esitetty Luokitus-kohdassa."
              }
            ],
            "classification": [
              {
                "lang": "fi",
                "value": "Sisäinen luokitus: 1 \u003d mahdollisen isän sijaan tutkittavia lähisukulaisia, 2 \u003d otaksutun synnyttäneen äidin sijaan tutkittavia lähisukulaisia, 3 \u003d synnyttäneen äidin sijaan tutkittavia lähisukulaisia"
              },
              {
                "lang": "sv",
                "value": "Internt kodsystem: 1 \u003d nära släktingar som ska undersökas i stället för den eventuella fader, 2 \u003d nära släktingar som ska undersökas i stället för den förmodade mor som har fött barnet, 3 \u003d nära släktingar som ska undersökas i stället för den mor som har fött barnet"
              }
            ],
            "classificationOid": [
              {
                "lang": "",
                "value": "Lausuntopyyntö lähisukulaisen oikeusgeneettisestä vanhemmuustutkimuksesta/Lausuntopyyntö koskee"
              }
            ],
            "representation": [
              {
                "lang": "fi",
                "value": "Koodi"
              },
              {
                "lang": "sv",
                "value": "Kod"
              }
            ],
            "repeatable": false,
            "required": true,
            "conditionalRequired": false,
            "nationwideRecordedInformation": false,
            "hiddenField": false,
            "hiddenTitle": false,
            "acceptedValues": [
              {
                "lang": "",
                "value": "1"
              },
              {
                "lang": "",
                "value": "2"
              },
              {
                "lang": "",
                "value": "3"
              }
            ],
            "rowNumber": 11
          },
          "required": [
            "system",
            "code",
            "display"
          ],
          "properties": {
            "system": {
              "type": "string",
              "enum": [
                "lausuntopyynto_lahisukulaisen_oikeusgeneettisesta_vanhemmuustutkimuksesta/lausuntopyynto_koskee"
              ]
            },
            "code": {
              "type": "string",
              "enum": [
                "1",
                "2",
                "3"
              ]
            },
            "display": {
              "type": "string"
            }
          }
        },
        "lapsi": {
          "type": "object",
          "additionalProperties": false,
          "sosmeta": {
            "name": [
              {
                "lang": "fi",
                "value": "Lapsi"
              },
              {
                "lang": "sv",
                "value": "Barnet"
              }
            ],
            "description": [
              {
                "lang": "fi",
                "value": "-"
              },
              {
                "lang": "sv",
                "value": "-"
              }
            ],
            "repeatable": false,
            "required": true,
            "conditionalRequired": false,
            "nationwideRecordedInformation": false,
            "hiddenField": false,
            "hiddenTitle": false,
            "rowNumber": 12
          },
          "required": [
            "sukunimi",
            "etunimet"
          ],
          "properties": {
            "sukunimi": {
              "type": "string",
              "minLength": 1,
              "sosmeta": {
                "name": [
                  {
                    "lang": "fi",
                    "value": "Sukunimi"
                  },
                  {
                    "lang": "sv",
                    "value": "Efternamn"
                  }
                ],
                "description": [
                  {
                    "lang": "fi",
                    "value": "-"
                  },
                  {
                    "lang": "sv",
                    "value": "-"
                  }
                ],
                "example": [
                  {
                    "lang": "fi",
                    "value": "-"
                  },
                  {
                    "lang": "sv",
                    "value": "-"
                  }
                ],
                "representation": [
                  {
                    "lang": "fi",
                    "value": "Nimi"
                  },
                  {
                    "lang": "sv",
                    "value": "Namn"
                  }
                ],
                "repeatable": false,
                "required": true,
                "conditionalRequired": false,
                "nationwideRecordedInformation": false,
                "hiddenField": false,
                "hiddenTitle": false,
                "rowNumber": 13
              }
            },
            "etunimet": {
              "type": "string",
              "minLength": 1,
              "sosmeta": {
                "name": [
                  {
                    "lang": "fi",
                    "value": "Etunimet"
                  },
                  {
                    "lang": "sv",
                    "value": "Samtliga förnamn"
                  }
                ],
                "description": [
                  {
                    "lang": "fi",
                    "value": "-"
                  },
                  {
                    "lang": "sv",
                    "value": "-"
                  }
                ],
                "example": [
                  {
                    "lang": "fi",
                    "value": "-"
                  },
                  {
                    "lang": "sv",
                    "value": "-"
                  }
                ],
                "representation": [
                  {
                    "lang": "fi",
                    "value": "Nimi"
                  },
                  {
                    "lang": "sv",
                    "value": "Namn"
                  }
                ],
                "repeatable": false,
                "required": true,
                "conditionalRequired": false,
                "nationwideRecordedInformation": false,
                "hiddenField": false,
                "hiddenTitle": false,
                "rowNumber": 14
              }
            },
            "henkilotunnus": {
              "type": "object",
              "additionalProperties": false,
              "sosmeta": {
                "name": [
                  {
                    "lang": "fi",
                    "value": "Henkilötunnus"
                  },
                  {
                    "lang": "sv",
                    "value": "Personbeteckning"
                  }
                ],
                "description": [
                  {
                    "lang": "fi",
                    "value": "-"
                  },
                  {
                    "lang": "sv",
                    "value": "-"
                  }
                ],
                "example": [
                  {
                    "lang": "fi",
                    "value": "-"
                  },
                  {
                    "lang": "sv",
                    "value": "-"
                  }
                ],
                "implementationNote": [
                  {
                    "lang": "fi",
                    "value": "Ehdollisesti pakollinen: Henkilötunnus- ja Syntymäaika -kentistä toinen on pakollinen."
                  },
                  {
                    "lang": "sv",
                    "value": "Ehdollisesti pakollinen: Henkilötunnus- ja Syntymäaika -kentistä toinen on pakollinen."
                  }
                ],
                "representation": [
                  {
                    "lang": "fi",
                    "value": "Tunnus"
                  },
                  {
                    "lang": "sv",
                    "value": "Identifierare"
                  }
                ],
                "systemUri": [
                  {
                    "lang": "",
                    "value": "urn:oid:1.2.246.21"
                  }
                ],
                "repeatable": false,
                "required": false,
                "conditionalRequired": true,
                "nationwideRecordedInformation": false,
                "hiddenField": false,
                "hiddenTitle": false,
                "rowNumber": 15
              },
              "required": [
                "value"
              ],
              "properties": {
                "system": {
                  "type": "string"
                },
                "value": {
                  "type": "string"
                }
              }
            },
            "syntymaaika": {
              "type": "string",
              "pattern": "^-?[0-9]{4}(-(0[1-9]|1[0-2])(-(0[0-9]|[1-2][0-9]|3[0-1]))?)?$",
              "sosmeta": {
                "name": [
                  {
                    "lang": "fi",
                    "value": "Syntymäaika"
                  },
                  {
                    "lang": "sv",
                    "value": "Födelsetid"
                  }
                ],
                "title": [
                  {
                    "lang": "fi",
                    "value": "Syntymäaika, jos henkilöllä ei ole suomalaista henkilötunnusta"
                  },
                  {
                    "lang": "sv",
                    "value": "Födelsedatum, om personen inte har en finsk personbeteckning"
                  }
                ],
                "description": [
                  {
                    "lang": "fi",
                    "value": "-"
                  },
                  {
                    "lang": "sv",
                    "value": "-"
                  }
                ],
                "example": [
                  {
                    "lang": "fi",
                    "value": "-"
                  },
                  {
                    "lang": "sv",
                    "value": "-"
                  }
                ],
                "implementationNote": [
                  {
                    "lang": "fi",
                    "value": "Ehdollisesti pakollinen: Henkilötunnus- ja Syntymäaika -kentistä toinen on pakollinen."
                  },
                  {
                    "lang": "sv",
                    "value": "Ehdollisesti pakollinen: Henkilötunnus- ja Syntymäaika -kentistä toinen on pakollinen."
                  }
                ],
                "representation": [
                  {
                    "lang": "fi",
                    "value": "Pvm"
                  },
                  {
                    "lang": "sv",
                    "value": "Datum"
                  }
                ],
                "repeatable": false,
                "required": false,
                "conditionalRequired": true,
                "nationwideRecordedInformation": false,
                "hiddenField": false,
                "hiddenTitle": false,
                "rowNumber": 16
              }
            }
          }
        },
        "synnyttanyt_aiti_tai_otaksuttu_synnyttanyt_aiti": {
          "type": "object",
          "additionalProperties": false,
          "sosmeta": {
            "name": [
              {
                "lang": "fi",
                "value": "Synnyttänyt äiti tai otaksuttu synnyttänyt äiti"
              },
              {
                "lang": "sv",
                "value": "Den mor som har fött barnet eller den förmodade mor som har fött barnet"
              }
            ],
            "representation": [
              {
                "lang": "fi",
                "value": "Otsikko"
              },
              {
                "lang": "sv",
                "value": "Rubrik"
              }
            ],
            "repeatable": false,
            "required": false,
            "conditionalRequired": false,
            "nationwideRecordedInformation": false,
            "hiddenField": false,
            "hiddenTitle": false,
            "rowNumber": 17
          },
          "required": [
            "sukunimi",
            "etunimet"
          ],
          "properties": {
            "synnyttanyt_aiti": {
              "type": "boolean",
              "sosmeta": {
                "name": [
                  {
                    "lang": "fi",
                    "value": "Synnyttänyt äiti"
                  },
                  {
                    "lang": "sv",
                    "value": "Den mor som har fött barnet"
                  }
                ],
                "implementationNote": [
                  {
                    "lang": "fi",
                    "value": "Kytkin toteutetaan valintaruutuna kuten lomakkeessa. Ehdollisesti pakollinen: \"Synnyttänyt äiti\" tai \"Otaksuttu synnyttänyt äiti\" -kentistä toinen on pakollinen. Toiseen kentistä on vastattava \"Kyllä\"."
                  },
                  {
                    "lang": "sv",
                    "value": "Kytkin toteutetaan valintaruutuna kuten lomakkeessa. Ehdollisesti pakollinen: \"Synnyttänyt äiti\" tai \"Otaksuttu synnyttänyt äiti\" -kentistä toinen on pakollinen. Toiseen kentistä on vastattava \"Kyllä\"."
                  }
                ],
                "representation": [
                  {
                    "lang": "fi",
                    "value": "Kytkin"
                  },
                  {
                    "lang": "sv",
                    "value": "Brytare"
                  }
                ],
                "repeatable": false,
                "required": false,
                "conditionalRequired": true,
                "nationwideRecordedInformation": false,
                "hiddenField": false,
                "hiddenTitle": false,
                "rowNumber": 18
              }
            },
            "otaksuttu_synnyttanyt_aiti": {
              "type": "boolean",
              "sosmeta": {
                "name": [
                  {
                    "lang": "fi",
                    "value": "Otaksuttu synnyttänyt äiti"
                  },
                  {
                    "lang": "sv",
                    "value": "Den förmodade mor som har fött barnet"
                  }
                ],
                "implementationNote": [
                  {
                    "lang": "fi",
                    "value": "Kytkin toteutetaan valintaruutuna kuten lomakkeessa. Ehdollisesti pakollinen: \"Synnyttänyt äiti\" tai \"Otaksuttu synnyttänyt äiti\" -kentistä toinen on pakollinen. Toiseen kentistä on vastattava \"Kyllä\"."
                  },
                  {
                    "lang": "sv",
                    "value": "Kytkin toteutetaan valintaruutuna kuten lomakkeessa. Ehdollisesti pakollinen: \"Synnyttänyt äiti\" tai \"Otaksuttu synnyttänyt äiti\" -kentistä toinen on pakollinen. Toiseen kentistä on vastattava \"Kyllä\"."
                  }
                ],
                "representation": [
                  {
                    "lang": "fi",
                    "value": "Kytkin"
                  },
                  {
                    "lang": "sv",
                    "value": "Brytare"
                  }
                ],
                "repeatable": false,
                "required": false,
                "conditionalRequired": true,
                "nationwideRecordedInformation": false,
                "hiddenField": false,
                "hiddenTitle": false,
                "rowNumber": 19
              }
            },
            "sukunimi": {
              "type": "string",
              "minLength": 1,
              "sosmeta": {
                "name": [
                  {
                    "lang": "fi",
                    "value": "Sukunimi"
                  },
                  {
                    "lang": "sv",
                    "value": "Efternamn"
                  }
                ],
                "representation": [
                  {
                    "lang": "fi",
                    "value": "Nimi"
                  },
                  {
                    "lang": "sv",
                    "value": "Namn"
                  }
                ],
                "repeatable": false,
                "required": true,
                "conditionalRequired": false,
                "nationwideRecordedInformation": false,
                "hiddenField": false,
                "hiddenTitle": false,
                "rowNumber": 20
              }
            },
            "etunimet": {
              "type": "string",
              "minLength": 1,
              "sosmeta": {
                "name": [
                  {
                    "lang": "fi",
                    "value": "Etunimet"
                  },
                  {
                    "lang": "sv",
                    "value": "Samtliga förnamn"
                  }
                ],
                "representation": [
                  {
                    "lang": "fi",
                    "value": "Nimi"
                  },
                  {
                    "lang": "sv",
                    "value": "Namn"
                  }
                ],
                "repeatable": false,
                "required": true,
                "conditionalRequired": false,
                "nationwideRecordedInformation": false,
                "hiddenField": false,
                "hiddenTitle": false,
                "rowNumber": 21
              }
            },
            "henkilotunnus": {
              "type": "object",
              "additionalProperties": false,
              "sosmeta": {
                "name": [
                  {
                    "lang": "fi",
                    "value": "Henkilötunnus"
                  },
                  {
                    "lang": "sv",
                    "value": "Personbeteckning"
                  }
                ],
                "implementationNote": [
                  {
                    "lang": "fi",
                    "value": "Ehdollisesti pakollinen: Henkilötunnus- ja Syntymäaika -kentistä toinen on pakollinen."
                  },
                  {
                    "lang": "sv",
                    "value": "Ehdollisesti pakollinen: Henkilötunnus- ja Syntymäaika -kentistä toinen on pakollinen."
                  }
                ],
                "representation": [
                  {
                    "lang": "fi",
                    "value": "Tunnus"
                  },
                  {
                    "lang": "sv",
                    "value": "Identifierare"
                  }
                ],
                "systemUri": [
                  {
                    "lang": "",
                    "value": "urn:oid:1.2.246.21"
                  }
                ],
                "repeatable": false,
                "required": false,
                "conditionalRequired": true,
                "nationwideRecordedInformation": false,
                "hiddenField": false,
                "hiddenTitle": false,
                "rowNumber": 22
              },
              "required": [
                "value"
              ],
              "properties": {
                "system": {
                  "type": "string"
                },
                "value": {
                  "type": "string"
                }
              }
            },
            "syntymaaika": {
              "type": "string",
              "pattern": "^-?[0-9]{4}(-(0[1-9]|1[0-2])(-(0[0-9]|[1-2][0-9]|3[0-1]))?)?$",
              "sosmeta": {
                "name": [
                  {
                    "lang": "fi",
                    "value": "Syntymäaika"
                  },
                  {
                    "lang": "sv",
                    "value": "Födelsetid"
                  }
                ],
                "title": [
                  {
                    "lang": "fi",
                    "value": "Syntymäaika, jos henkilöllä ei ole suomalaista henkilötunnusta"
                  },
                  {
                    "lang": "sv",
                    "value": "Födelsedatum, om personen inte har en finsk personbeteckning"
                  }
                ],
                "implementationNote": [
                  {
                    "lang": "fi",
                    "value": "Ehdollisesti pakollinen: Henkilötunnus- ja Syntymäaika -kentistä toinen on pakollinen."
                  },
                  {
                    "lang": "sv",
                    "value": "Ehdollisesti pakollinen: Henkilötunnus- ja Syntymäaika -kentistä toinen on pakollinen."
                  }
                ],
                "representation": [
                  {
                    "lang": "fi",
                    "value": "Pvm"
                  },
                  {
                    "lang": "sv",
                    "value": "Datum"
                  }
                ],
                "repeatable": false,
                "required": false,
                "conditionalRequired": true,
                "nationwideRecordedInformation": false,
                "hiddenField": false,
                "hiddenTitle": false,
                "rowNumber": 23
              }
            }
          }
        },
        "mahdollinen_isa": {
          "type": "object",
          "additionalProperties": false,
          "sosmeta": {
            "name": [
              {
                "lang": "fi",
                "value": "Mahdollinen isä"
              },
              {
                "lang": "sv",
                "value": "Den eventuella fadern"
              }
            ],
            "description": [
              {
                "lang": "fi",
                "value": "-"
              },
              {
                "lang": "sv",
                "value": "-"
              }
            ],
            "repeatable": false,
            "required": false,
            "conditionalRequired": false,
            "nationwideRecordedInformation": false,
            "hiddenField": false,
            "hiddenTitle": false,
            "rowNumber": 24
          },
          "required": [
            "sukunimi",
            "etunimet"
          ],
          "properties": {
            "sukunimi": {
              "type": "string",
              "minLength": 1,
              "sosmeta": {
                "name": [
                  {
                    "lang": "fi",
                    "value": "Sukunimi"
                  },
                  {
                    "lang": "sv",
                    "value": "Efternamn"
                  }
                ],
                "description": [
                  {
                    "lang": "fi",
                    "value": "-"
                  },
                  {
                    "lang": "sv",
                    "value": "-"
                  }
                ],
                "example": [
                  {
                    "lang": "fi",
                    "value": "-"
                  },
                  {
                    "lang": "sv",
                    "value": "-"
                  }
                ],
                "representation": [
                  {
                    "lang": "fi",
                    "value": "Nimi"
                  },
                  {
                    "lang": "sv",
                    "value": "Namn"
                  }
                ],
                "repeatable": false,
                "required": true,
                "conditionalRequired": false,
                "nationwideRecordedInformation": false,
                "hiddenField": false,
                "hiddenTitle": false,
                "rowNumber": 25
              }
            },
            "etunimet": {
              "type": "string",
              "minLength": 1,
              "sosmeta": {
                "name": [
                  {
                    "lang": "fi",
                    "value": "Etunimet"
                  },
                  {
                    "lang": "sv",
                    "value": "Samtliga förnamn"
                  }
                ],
                "description": [
                  {
                    "lang": "fi",
                    "value": "-"
                  },
                  {
                    "lang": "sv",
                    "value": "-"
                  }
                ],
                "example": [
                  {
                    "lang": "fi",
                    "value": "-"
                  },
                  {
                    "lang": "sv",
                    "value": "-"
                  }
                ],
                "representation": [
                  {
                    "lang": "fi",
                    "value": "Nimi"
                  },
                  {
                    "lang": "sv",
                    "value": "Namn"
                  }
                ],
                "repeatable": false,
                "required": true,
                "conditionalRequired": false,
                "nationwideRecordedInformation": false,
                "hiddenField": false,
                "hiddenTitle": false,
                "rowNumber": 26
              }
            },
            "henkilotunnus": {
              "type": "object",
              "additionalProperties": false,
              "sosmeta": {
                "name": [
                  {
                    "lang": "fi",
                    "value": "Henkilötunnus"
                  },
                  {
                    "lang": "sv",
                    "value": "Personbeteckning"
                  }
                ],
                "description": [
                  {
                    "lang": "fi",
                    "value": "-"
                  },
                  {
                    "lang": "sv",
                    "value": "-"
                  }
                ],
                "example": [
                  {
                    "lang": "fi",
                    "value": "-"
                  },
                  {
                    "lang": "sv",
                    "value": "-"
                  }
                ],
                "implementationNote": [
                  {
                    "lang": "fi",
                    "value": "Ehdollisesti pakollinen: Henkilötunnus- ja Syntymäaika -kentistä toinen on pakollinen."
                  },
                  {
                    "lang": "sv",
                    "value": "Ehdollisesti pakollinen: Henkilötunnus- ja Syntymäaika -kentistä toinen on pakollinen."
                  }
                ],
                "representation": [
                  {
                    "lang": "fi",
                    "value": "Tunnus"
                  },
                  {
                    "lang": "sv",
                    "value": "Identifierare"
                  }
                ],
                "systemUri": [
                  {
                    "lang": "",
                    "value": "urn:oid:1.2.246.21"
                  }
                ],
                "repeatable": false,
                "required": false,
                "conditionalRequired": true,
                "nationwideRecordedInformation": false,
                "hiddenField": false,
                "hiddenTitle": false,
                "rowNumber": 27
              },
              "required": [
                "value"
              ],
              "properties": {
                "system": {
                  "type": "string"
                },
                "value": {
                  "type": "string"
                }
              }
            },
            "syntymaaika": {
              "type": "string",
              "pattern": "^-?[0-9]{4}(-(0[1-9]|1[0-2])(-(0[0-9]|[1-2][0-9]|3[0-1]))?)?$",
              "sosmeta": {
                "name": [
                  {
                    "lang": "fi",
                    "value": "Syntymäaika"
                  },
                  {
                    "lang": "sv",
                    "value": "Födelsetid"
                  }
                ],
                "title": [
                  {
                    "lang": "fi",
                    "value": "Syntymäaika, jos henkilöllä ei ole suomalaista henkilötunnusta"
                  },
                  {
                    "lang": "sv",
                    "value": "Födelsedatum, om personen inte har en finsk personbeteckning"
                  }
                ],
                "description": [
                  {
                    "lang": "fi",
                    "value": "-"
                  },
                  {
                    "lang": "sv",
                    "value": "-"
                  }
                ],
                "example": [
                  {
                    "lang": "fi",
                    "value": "-"
                  },
                  {
                    "lang": "sv",
                    "value": "-"
                  }
                ],
                "implementationNote": [
                  {
                    "lang": "fi",
                    "value": "Ehdollisesti pakollinen: Henkilötunnus- ja Syntymäaika -kentistä toinen on pakollinen."
                  },
                  {
                    "lang": "sv",
                    "value": "Ehdollisesti pakollinen: Henkilötunnus- ja Syntymäaika -kentistä toinen on pakollinen."
                  }
                ],
                "representation": [
                  {
                    "lang": "fi",
                    "value": "Pvm"
                  },
                  {
                    "lang": "sv",
                    "value": "Datum"
                  }
                ],
                "repeatable": false,
                "required": false,
                "conditionalRequired": true,
                "nationwideRecordedInformation": false,
                "hiddenField": false,
                "hiddenTitle": false,
                "rowNumber": 28
              }
            }
          }
        },
        "mahdollisesti_tutkittavien_lahisukulaisten_tiedot": {
          "type": "array",
          "minItems": 1,
          "items": {
            "type": "object",
            "additionalProperties": false,
            "sosmeta": {
              "name": [
                {
                  "lang": "fi",
                  "value": "Mahdollisesti tutkittavien lähisukulaisten tiedot"
                },
                {
                  "lang": "sv",
                  "value": "Uppgifter om de nära släktingar som eventuellt undersöks"
                }
              ],
              "description": [
                {
                  "lang": "fi",
                  "value": "-"
                },
                {
                  "lang": "sv",
                  "value": "-"
                }
              ],
              "repeatable": true,
              "required": true,
              "conditionalRequired": false,
              "nationwideRecordedInformation": false,
              "hiddenField": false,
              "hiddenTitle": false,
              "rowNumber": 29
            },
            "required": [
              "sukunimi",
              "etunimet"
            ],
            "properties": {
              "sukunimi": {
                "type": "string",
                "minLength": 1,
                "sosmeta": {
                  "name": [
                    {
                      "lang": "fi",
                      "value": "Sukunimi"
                    },
                    {
                      "lang": "sv",
                      "value": "Efternamn"
                    }
                  ],
                  "description": [
                    {
                      "lang": "fi",
                      "value": "-"
                    },
                    {
                      "lang": "sv",
                      "value": "-"
                    }
                  ],
                  "example": [
                    {
                      "lang": "fi",
                      "value": "-"
                    },
                    {
                      "lang": "sv",
                      "value": "-"
                    }
                  ],
                  "representation": [
                    {
                      "lang": "fi",
                      "value": "Nimi"
                    },
                    {
                      "lang": "sv",
                      "value": "Namn"
                    }
                  ],
                  "repeatable": false,
                  "required": true,
                  "conditionalRequired": false,
                  "nationwideRecordedInformation": false,
                  "hiddenField": false,
                  "hiddenTitle": false,
                  "rowNumber": 30
                }
              },
              "etunimet": {
                "type": "string",
                "minLength": 1,
                "sosmeta": {
                  "name": [
                    {
                      "lang": "fi",
                      "value": "Etunimet"
                    },
                    {
                      "lang": "sv",
                      "value": "Samtliga förnamn"
                    }
                  ],
                  "description": [
                    {
                      "lang": "fi",
                      "value": "-"
                    },
                    {
                      "lang": "sv",
                      "value": "-"
                    }
                  ],
                  "example": [
                    {
                      "lang": "fi",
                      "value": "-"
                    },
                    {
                      "lang": "sv",
                      "value": "-"
                    }
                  ],
                  "representation": [
                    {
                      "lang": "fi",
                      "value": "Nimi"
                    },
                    {
                      "lang": "sv",
                      "value": "Namn"
                    }
                  ],
                  "repeatable": false,
                  "required": true,
                  "conditionalRequired": false,
                  "nationwideRecordedInformation": false,
                  "hiddenField": false,
                  "hiddenTitle": false,
                  "rowNumber": 31
                }
              },
              "henkilotunnus": {
                "type": "object",
                "additionalProperties": false,
                "sosmeta": {
                  "name": [
                    {
                      "lang": "fi",
                      "value": "Henkilötunnus"
                    },
                    {
                      "lang": "sv",
                      "value": "Personbeteckning"
                    }
                  ],
                  "description": [
                    {
                      "lang": "fi",
                      "value": "-"
                    },
                    {
                      "lang": "sv",
                      "value": "-"
                    }
                  ],
                  "example": [
                    {
                      "lang": "fi",
                      "value": "-"
                    },
                    {
                      "lang": "sv",
                      "value": "-"
                    }
                  ],
                  "implementationNote": [
                    {
                      "lang": "fi",
                      "value": "Ehdollisesti pakollinen: Henkilötunnus- ja Syntymäaika -kentistä toinen on pakollinen."
                    },
                    {
                      "lang": "sv",
                      "value": "Ehdollisesti pakollinen: Henkilötunnus- ja Syntymäaika -kentistä toinen on pakollinen."
                    }
                  ],
                  "representation": [
                    {
                      "lang": "fi",
                      "value": "Tunnus"
                    },
                    {
                      "lang": "sv",
                      "value": "Identifierare"
                    }
                  ],
                  "systemUri": [
                    {
                      "lang": "",
                      "value": "urn:oid:1.2.246.21"
                    }
                  ],
                  "repeatable": false,
                  "required": false,
                  "conditionalRequired": true,
                  "nationwideRecordedInformation": false,
                  "hiddenField": false,
                  "hiddenTitle": false,
                  "rowNumber": 32
                },
                "required": [
                  "value"
                ],
                "properties": {
                  "system": {
                    "type": "string"
                  },
                  "value": {
                    "type": "string"
                  }
                }
              },
              "syntymaaika": {
                "type": "string",
                "pattern": "^-?[0-9]{4}(-(0[1-9]|1[0-2])(-(0[0-9]|[1-2][0-9]|3[0-1]))?)?$",
                "sosmeta": {
                  "name": [
                    {
                      "lang": "fi",
                      "value": "Syntymäaika"
                    },
                    {
                      "lang": "sv",
                      "value": "Födelsetid"
                    }
                  ],
                  "title": [
                    {
                      "lang": "fi",
                      "value": "Syntymäaika, jos henkilöllä ei ole suomalaista henkilötunnusta"
                    },
                    {
                      "lang": "sv",
                      "value": "Födelsedatum, om personen inte har en finsk personbeteckning"
                    }
                  ],
                  "description": [
                    {
                      "lang": "fi",
                      "value": "-"
                    },
                    {
                      "lang": "sv",
                      "value": "-"
                    }
                  ],
                  "example": [
                    {
                      "lang": "fi",
                      "value": "-"
                    },
                    {
                      "lang": "sv",
                      "value": "-"
                    }
                  ],
                  "implementationNote": [
                    {
                      "lang": "fi",
                      "value": "Ehdollisesti pakollinen: Henkilötunnus- ja Syntymäaika -kentistä toinen on pakollinen."
                    },
                    {
                      "lang": "sv",
                      "value": "Ehdollisesti pakollinen: Henkilötunnus- ja Syntymäaika -kentistä toinen on pakollinen."
                    }
                  ],
                  "representation": [
                    {
                      "lang": "fi",
                      "value": "Pvm"
                    },
                    {
                      "lang": "sv",
                      "value": "Datum"
                    }
                  ],
                  "repeatable": false,
                  "required": false,
                  "conditionalRequired": true,
                  "nationwideRecordedInformation": false,
                  "hiddenField": false,
                  "hiddenTitle": false,
                  "rowNumber": 33
                }
              },
              "kuvaus": {
                "type": "string",
                "sosmeta": {
                  "name": [
                    {
                      "lang": "fi",
                      "value": "Kuvaus"
                    },
                    {
                      "lang": "sv",
                      "value": "Beskrivning"
                    }
                  ],
                  "title": [
                    {
                      "lang": "fi",
                      "value": "Mikä sukulaisuussuhde ja keneen?"
                    },
                    {
                      "lang": "sv",
                      "value": "Vilket släktskapsförhållande och till vem?"
                    }
                  ],
                  "description": [
                    {
                      "lang": "fi",
                      "value": "-"
                    },
                    {
                      "lang": "sv",
                      "value": "-"
                    }
                  ],
                  "representation": [
                    {
                      "lang": "fi",
                      "value": "Teksti"
                    },
                    {
                      "lang": "sv",
                      "value": "Text"
                    }
                  ],
                  "repeatable": false,
                  "required": false,
                  "conditionalRequired": false,
                  "nationwideRecordedInformation": false,
                  "hiddenField": false,
                  "hiddenTitle": false,
                  "rowNumber": 34
                }
              }
            }
          }
        },
        "lisatiedot": {
          "type": "string",
          "sosmeta": {
            "name": [
              {
                "lang": "fi",
                "value": "Lisätiedot"
              },
              {
                "lang": "sv",
                "value": "Mer information"
              }
            ],
            "description": [
              {
                "lang": "fi",
                "value": "Tässä kohdassa voidaan tarpeen mukaan tarkemmin kuvata tutkittavien lähisukulaisten suhdetta siihen henkilöön, jonka sijasta lähisukulainen olisi tarkoitus tutkia sekä tutkittavien lähisukulaisten suhteita toisiinsa."
              },
              {
                "lang": "sv",
                "value": "Här kan vid behov beskrivas de undersökta nära släktingarnas förhållande till den person i vars ställe nära släktingarna ska undersökas och förhållandena mellan de nära släktingar som undersöks."
              }
            ],
            "representation": [
              {
                "lang": "fi",
                "value": "Teksti"
              },
              {
                "lang": "sv",
                "value": "Text"
              }
            ],
            "repeatable": false,
            "required": false,
            "conditionalRequired": false,
            "nationwideRecordedInformation": false,
            "hiddenField": false,
            "hiddenTitle": false,
            "rowNumber": 35
          }
        },
        "paivamaara": {
          "type": "string",
          "pattern": "^-?[0-9]{4}(-(0[1-9]|1[0-2])(-(0[0-9]|[1-2][0-9]|3[0-1]))?)?$",
          "sosmeta": {
            "name": [
              {
                "lang": "fi",
                "value": "Päivämäärä"
              },
              {
                "lang": "sv",
                "value": "Datum"
              }
            ],
            "description": [
              {
                "lang": "fi",
                "value": "Kenttään kirjataan asiakirjan laatimisen päivämäärä."
              },
              {
                "lang": "sv",
                "value": "I fältet antecknas datum för upprättandet av handlingen."
              }
            ],
            "representation": [
              {
                "lang": "fi",
                "value": "Pvm"
              },
              {
                "lang": "sv",
                "value": "Datum"
              }
            ],
            "repeatable": false,
            "required": false,
            "conditionalRequired": false,
            "nationwideRecordedInformation": false,
            "hiddenField": false,
            "hiddenTitle": false,
            "rowNumber": 36
          }
        },
        "lausuntoa_pyytava_lastenvalvoja": {
          "type": "object",
          "additionalProperties": false,
          "sosmeta": {
            "name": [
              {
                "lang": "fi",
                "value": "Lausuntoa pyytävä lastenvalvoja"
              },
              {
                "lang": "sv",
                "value": "Barnatillsyningsman som begär utlåtandet"
              }
            ],
            "description": [
              {
                "lang": "fi",
                "value": "-"
              },
              {
                "lang": "sv",
                "value": "-"
              }
            ],
            "repeatable": false,
            "required": true,
            "conditionalRequired": false,
            "nationwideRecordedInformation": false,
            "hiddenField": false,
            "hiddenTitle": false,
            "rowNumber": 37
          },
          "required": [
            "sukunimi",
            "etunimet",
            "palveluyksikko",
            "yhteystiedot"
          ],
          "properties": {
            "sukunimi": {
              "type": "string",
              "minLength": 1,
              "sosmeta": {
                "name": [
                  {
                    "lang": "fi",
                    "value": "Sukunimi"
                  },
                  {
                    "lang": "sv",
                    "value": "Efternamn"
                  }
                ],
                "description": [
                  {
                    "lang": "fi",
                    "value": "-"
                  },
                  {
                    "lang": "sv",
                    "value": "-"
                  }
                ],
                "representation": [
                  {
                    "lang": "fi",
                    "value": "Nimi"
                  },
                  {
                    "lang": "sv",
                    "value": "Namn"
                  }
                ],
                "repeatable": false,
                "required": true,
                "conditionalRequired": false,
                "nationwideRecordedInformation": false,
                "hiddenField": false,
                "hiddenTitle": false,
                "rowNumber": 38
              }
            },
            "etunimet": {
              "type": "string",
              "minLength": 1,
              "sosmeta": {
                "name": [
                  {
                    "lang": "fi",
                    "value": "Etunimet"
                  },
                  {
                    "lang": "sv",
                    "value": "Samtliga förnamn"
                  }
                ],
                "description": [
                  {
                    "lang": "fi",
                    "value": "Kenttään kirjataan ammattihenkilön etunimi."
                  },
                  {
                    "lang": "sv",
                    "value": "I fältet antecknas den yrkesutbildade personens förnamn."
                  }
                ],
                "representation": [
                  {
                    "lang": "fi",
                    "value": "Nimi"
                  },
                  {
                    "lang": "sv",
                    "value": "Namn"
                  }
                ],
                "repeatable": false,
                "required": true,
                "conditionalRequired": false,
                "nationwideRecordedInformation": false,
                "hiddenField": false,
                "hiddenTitle": false,
                "rowNumber": 39
              }
            },
            "palveluyksikko": {
              "type": "object",
              "additionalProperties": false,
              "sosmeta": {
                "name": [
                  {
                    "lang": "fi",
                    "value": "Palveluyksikkö"
                  },
                  {
                    "lang": "sv",
                    "value": "Serviceenhet"
                  }
                ],
                "description": [
                  {
                    "lang": "fi",
                    "value": "Kenttään kirjataan palveluyksikön nimi SOTE-organisaatiorekisterin avulla."
                  },
                  {
                    "lang": "sv",
                    "value": "I fältet antecknas namnet på serviceenheten enligt Organisationsregistret för social- och hälsovården."
                  }
                ],
                "example": [
                  {
                    "lang": "fi",
                    "value": "1.2.246.10.1012636.10.1.1.100768 \u003d Espoon keskuksen lastensuojelu, Espoon kaupunki, sosiaali- ja terveystoimi"
                  },
                  {
                    "lang": "sv",
                    "value": "1.2.246.10.1012636.10.1.1.100768 \u003d Esbo centrums barnskydd, Esbo stad, social- och hälsovårdssektorn"
                  }
                ],
                "implementationNote": [
                  {
                    "lang": "fi",
                    "value": "Kenttä on pakollinen tietokomponentin määrityksestä poiketen."
                  },
                  {
                    "lang": "sv",
                    "value": "Kenttä on pakollinen tietokomponentin määrityksestä poiketen."
                  }
                ],
                "classification": [
                  {
                    "lang": "fi",
                    "value": "Koodistopalvelin: THL - SOTE-organisaatiorekisteri 1.2.246.537.6.202"
                  },
                  {
                    "lang": "sv",
                    "value": "Kodtjänsten: THL - SOTE-organisationsregister 1.2.246.537.6.202"
                  }
                ],
                "classificationLink": [
                  {
                    "lang": "",
                    "value": "https://koodistopalvelu.kanta.fi/codeserver/pages/classification-view-page.xhtml?classificationKey\u003d421\u0026versionKey\u003d501"
                  }
                ],
                "classificationOid": [
                  {
                    "lang": "",
                    "value": "1.2.246.537.6.202"
                  }
                ],
                "representation": [
                  {
                    "lang": "fi",
                    "value": "Koodi"
                  },
                  {
                    "lang": "sv",
                    "value": "Kod"
                  }
                ],
                "repeatable": false,
                "required": true,
                "conditionalRequired": false,
                "nationwideRecordedInformation": false,
                "hiddenField": false,
                "hiddenTitle": false,
                "rowNumber": 40
              },
              "required": [
                "system",
                "code",
                "display"
              ],
              "properties": {
                "system": {
                  "type": "string",
                  "pattern": "^urn:oid:1\\.2\\.246\\.537\\.6\\.202(\\.\\d+)*$"
                },
                "code": {
                  "type": "string"
                },
                "display": {
                  "type": "string"
                }
              }
            },
            "yhteystiedot": {
              "type": "object",
              "additionalProperties": false,
              "sosmeta": {
                "name": [
                  {
                    "lang": "fi",
                    "value": "Yhteystiedot"
                  },
                  {
                    "lang": "sv",
                    "value": "Kontaktuppgifter"
                  }
                ],
                "description": [
                  {
                    "lang": "fi",
                    "value": "-"
                  },
                  {
                    "lang": "sv",
                    "value": "-"
                  }
                ],
                "implementationNote": [
                  {
                    "lang": "fi",
                    "value": "Tietokokonaisuus on pakollinen tietokomponentin määrityksestä poiketen."
                  },
                  {
                    "lang": "sv",
                    "value": "Tietokokonaisuus on pakollinen tietokomponentin määrityksestä poiketen."
                  }
                ],
                "repeatable": false,
                "required": true,
                "conditionalRequired": false,
                "nationwideRecordedInformation": false,
                "hiddenField": true,
                "hiddenTitle": false,
                "rowNumber": 41
              },
              "required": [
                "osoite",
                "puhelinnumero",
                "sahkopostiosoite"
              ],
              "properties": {
                "osoite": {
                  "type": "object",
                  "additionalProperties": false,
                  "sosmeta": {
                    "name": [
                      {
                        "lang": "fi",
                        "value": "Osoite"
                      },
                      {
                        "lang": "sv",
                        "value": "Adress"
                      }
                    ],
                    "title": [
                      {
                        "lang": "fi",
                        "value": "Toimipaikan postiosoite"
                      },
                      {
                        "lang": "sv",
                        "value": "Verksamhetsställets postadress"
                      }
                    ],
                    "description": [
                      {
                        "lang": "fi",
                        "value": "-"
                      },
                      {
                        "lang": "sv",
                        "value": "-"
                      }
                    ],
                    "implementationNote": [
                      {
                        "lang": "fi",
                        "value": "Tietokokonaisuus on pakollinen tietokomponentin määrityksestä poiketen. Tietokokonaisuus ei ole toistuva tietokomponentin määrityksestä poiketen."
                      },
                      {
                        "lang": "sv",
                        "value": "Tietokokonaisuus on pakollinen tietokomponentin määrityksestä poiketen. Tietokokonaisuus ei ole toistuva tietokomponentin määrityksestä poiketen."
                      }
                    ],
                    "repeatable": false,
                    "required": true,
                    "conditionalRequired": false,
                    "nationwideRecordedInformation": false,
                    "hiddenField": false,
                    "hiddenTitle": false,
                    "rowNumber": 42
                  },
                  "required": [
                    "lahiosoite",
                    "postinumero",
                    "postitoimipaikka"
                  ],
                  "properties": {
                    "lahiosoite": {
                      "type": "string",
                      "minLength": 1,
                      "sosmeta": {
                        "name": [
                          {
                            "lang": "fi",
                            "value": "Lähiosoite"
                          },
                          {
                            "lang": "sv",
                            "value": "Näradress"
                          }
                        ],
                        "title": [
                          {
                            "lang": "fi",
                            "value": "Postiosoite"
                          },
                          {
                            "lang": "sv",
                            "value": "Postadress"
                          }
                        ],
                        "description": [
                          {
                            "lang": "fi",
                            "value": "-"
                          },
                          {
                            "lang": "sv",
                            "value": "-"
                          }
                        ],
                        "example": [
                          {
                            "lang": "fi",
                            "value": "-"
                          },
                          {
                            "lang": "sv",
                            "value": "-"
                          }
                        ],
                        "implementationNote": [
                          {
                            "lang": "fi",
                            "value": "Kenttä on pakollinen tietokomponentin määrityksestä poiketen."
                          },
                          {
                            "lang": "sv",
                            "value": "Kenttä on pakollinen tietokomponentin määrityksestä poiketen."
                          }
                        ],
                        "representation": [
                          {
                            "lang": "fi",
                            "value": "Teksti"
                          },
                          {
                            "lang": "sv",
                            "value": "Text"
                          }
                        ],
                        "repeatable": false,
                        "required": true,
                        "conditionalRequired": false,
                        "nationwideRecordedInformation": false,
                        "hiddenField": false,
                        "hiddenTitle": false,
                        "rowNumber": 43
                      }
                    },
                    "postinumero": {
                      "type": "string",
                      "minLength": 1,
                      "sosmeta": {
                        "name": [
                          {
                            "lang": "fi",
                            "value": "Postinumero"
                          },
                          {
                            "lang": "sv",
                            "value": "Postnummer"
                          }
                        ],
                        "description": [
                          {
                            "lang": "fi",
                            "value": "-"
                          },
                          {
                            "lang": "sv",
                            "value": "-"
                          }
                        ],
                        "example": [
                          {
                            "lang": "fi",
                            "value": "-"
                          },
                          {
                            "lang": "sv",
                            "value": "-"
                          }
                        ],
                        "implementationNote": [
                          {
                            "lang": "fi",
                            "value": "Kenttä on pakollinen tietokomponentin määrityksestä poiketen."
                          },
                          {
                            "lang": "sv",
                            "value": "Kenttä on pakollinen tietokomponentin määrityksestä poiketen."
                          }
                        ],
                        "representation": [
                          {
                            "lang": "fi",
                            "value": "Teksti"
                          },
                          {
                            "lang": "sv",
                            "value": "Text"
                          }
                        ],
                        "repeatable": false,
                        "required": true,
                        "conditionalRequired": false,
                        "nationwideRecordedInformation": false,
                        "hiddenField": false,
                        "hiddenTitle": false,
                        "rowNumber": 44
                      }
                    },
                    "postitoimipaikka": {
                      "type": "string",
                      "minLength": 1,
                      "sosmeta": {
                        "name": [
                          {
                            "lang": "fi",
                            "value": "Postitoimipaikka"
                          },
                          {
                            "lang": "sv",
                            "value": "Postkontor"
                          }
                        ],
                        "description": [
                          {
                            "lang": "fi",
                            "value": "-"
                          },
                          {
                            "lang": "sv",
                            "value": "-"
                          }
                        ],
                        "example": [
                          {
                            "lang": "fi",
                            "value": "-"
                          },
                          {
                            "lang": "sv",
                            "value": "-"
                          }
                        ],
                        "implementationNote": [
                          {
                            "lang": "fi",
                            "value": "Kenttä on pakollinen tietokomponentin määrityksestä poiketen."
                          },
                          {
                            "lang": "sv",
                            "value": "Kenttä on pakollinen tietokomponentin määrityksestä poiketen."
                          }
                        ],
                        "representation": [
                          {
                            "lang": "fi",
                            "value": "Nimi"
                          },
                          {
                            "lang": "sv",
                            "value": "Namn"
                          }
                        ],
                        "repeatable": false,
                        "required": true,
                        "conditionalRequired": false,
                        "nationwideRecordedInformation": false,
                        "hiddenField": false,
                        "hiddenTitle": false,
                        "rowNumber": 45
                      }
                    }
                  }
                },
                "puhelinnumero": {
                  "type": "string",
                  "minLength": 1,
                  "sosmeta": {
                    "name": [
                      {
                        "lang": "fi",
                        "value": "Puhelinnumero"
                      },
                      {
                        "lang": "sv",
                        "value": "Telefonnummer"
                      }
                    ],
                    "description": [
                      {
                        "lang": "fi",
                        "value": "-"
                      },
                      {
                        "lang": "sv",
                        "value": "-"
                      }
                    ],
                    "implementationNote": [
                      {
                        "lang": "fi",
                        "value": "Kenttä on pakollinen tietokomponentin määrityksestä poiketen."
                      },
                      {
                        "lang": "sv",
                        "value": "Kenttä on pakollinen tietokomponentin määrityksestä poiketen."
                      }
                    ],
                    "representation": [
                      {
                        "lang": "fi",
                        "value": "Teksti"
                      },
                      {
                        "lang": "sv",
                        "value": "Text"
                      }
                    ],
                    "repeatable": false,
                    "required": true,
                    "conditionalRequired": false,
                    "nationwideRecordedInformation": false,
                    "hiddenField": false,
                    "hiddenTitle": false,
                    "rowNumber": 46
                  }
                },
                "sahkopostiosoite": {
                  "type": "string",
                  "minLength": 1,
                  "sosmeta": {
                    "name": [
                      {
                        "lang": "fi",
                        "value": "Sähköpostiosoite"
                      },
                      {
                        "lang": "sv",
                        "value": "E-postadress"
                      }
                    ],
                    "description": [
                      {
                        "lang": "fi",
                        "value": "-"
                      },
                      {
                        "lang": "sv",
                        "value": "-"
                      }
                    ],
                    "implementationNote": [
                      {
                        "lang": "fi",
                        "value": "Kenttä on pakollinen tietokomponentin määrityksestä poiketen."
                      },
                      {
                        "lang": "sv",
                        "value": "Kenttä on pakollinen tietokomponentin määrityksestä poiketen."
                      }
                    ],
                    "representation": [
                      {
                        "lang": "fi",
                        "value": "Teksti"
                      },
                      {
                        "lang": "sv",
                        "value": "Text"
                      }
                    ],
                    "repeatable": false,
                    "required": true,
                    "conditionalRequired": false,
                    "nationwideRecordedInformation": false,
                    "hiddenField": false,
                    "hiddenTitle": false,
                    "rowNumber": 47
                  }
                }
              }
            }
          }
        },
        "allekirjoitus": {
          "type": "object",
          "additionalProperties": false,
          "sosmeta": {
            "name": [
              {
                "lang": "fi",
                "value": "Allekirjoitus"
              },
              {
                "lang": "sv",
                "value": "Underskrift"
              }
            ],
            "description": [
              {
                "lang": "fi",
                "value": "Asiakirjan allekirjoittaa lausuntoa pyytävä lastenvalvoja."
              },
              {
                "lang": "sv",
                "value": "Handlingen underskrivs av barnatillsyningsman som begär utlåtandet."
              }
            ],
            "repeatable": false,
            "required": true,
            "conditionalRequired": false,
            "nationwideRecordedInformation": false,
            "hiddenField": false,
            "hiddenTitle": false,
            "rowNumber": 48
          },
          "required": [
            "allekirjoituksen_tyyppi"
          ],
          "properties": {
            "allekirjoituksen_tyyppi": {
              "type": "object",
              "additionalProperties": false,
              "sosmeta": {
                "name": [
                  {
                    "lang": "fi",
                    "value": "Allekirjoituksen tyyppi"
                  },
                  {
                    "lang": "sv",
                    "value": "Typ av underskrift"
                  }
                ],
                "description": [
                  {
                    "lang": "fi",
                    "value": "Kenttään kirjataan luokituksen avulla allekirjoituksen tyyppi."
                  },
                  {
                    "lang": "sv",
                    "value": "I fältet antecknas underskriftens typ med hjälp av klassificeringen."
                  }
                ],
                "example": [
                  {
                    "lang": "fi",
                    "value": "1 \u003d Asiakirja on allekirjoitettu sähköisesti"
                  },
                  {
                    "lang": "sv",
                    "value": "1 \u003d Handlingen har undertecknats elektroniskt"
                  }
                ],
                "classification": [
                  {
                    "lang": "fi",
                    "value": "Koodistopalvelin: eArkisto - Allekirjoitus 1.2.246.537.5.40161"
                  },
                  {
                    "lang": "sv",
                    "value": "Kodtjänsten: eArkiv - Underskrift 1.2.246.537.5.40161"
                  }
                ],
                "classificationLink": [
                  {
                    "lang": "",
                    "value": "https://koodistopalvelu.kanta.fi/codeserver/pages/classification-view-page.xhtml?classificationKey\u003d252\u0026versionKey\u003d329"
                  }
                ],
                "classificationOid": [
                  {
                    "lang": "",
                    "value": "1.2.246.537.5.40161"
                  }
                ],
                "representation": [
                  {
                    "lang": "fi",
                    "value": "Koodi"
                  },
                  {
                    "lang": "sv",
                    "value": "Kod"
                  }
                ],
                "repeatable": false,
                "required": true,
                "conditionalRequired": false,
                "nationwideRecordedInformation": false,
                "hiddenField": false,
                "hiddenTitle": false,
                "rowNumber": 49
              },
              "required": [
                "system",
                "code",
                "display"
              ],
              "properties": {
                "system": {
                  "type": "string",
                  "pattern": "^urn:oid:1\\.2\\.246\\.537\\.5\\.40161(\\.\\d+)*$"
                },
                "code": {
                  "type": "string"
                },
                "display": {
                  "type": "string"
                }
              }
            }
          }
        },
        "ohje_yksi": {
          "type": "string",
          "enum": [
            "Terveyden ja hyvinvoinnin laitos (THL)\nOikeusgenetiikka\nPL 30\n00271 Helsinki"
          ],
          "sosmeta": {
            "name": [
              {
                "lang": "fi",
                "value": "Ohje yksi"
              },
              {
                "lang": "sv",
                "value": "Anvisning ett"
              }
            ],
            "title": [
              {
                "lang": "fi",
                "value": "Lausuntopyynnön lähetysosoite"
              },
              {
                "lang": "sv",
                "value": "Begäran om utlåtande sänds till adressen"
              }
            ],
            "implementationNote": [
              {
                "lang": "fi",
                "value": "Kentässä näytetään fraasi-kohdassa oleva teksti."
              },
              {
                "lang": "sv",
                "value": "Kentässä näytetään fraasi-kohdassa oleva teksti."
              }
            ],
            "phrase": [
              {
                "lang": "fi",
                "value": "Terveyden ja hyvinvoinnin laitos (THL)\nOikeusgenetiikka\nPL 30\n00271 Helsinki"
              },
              {
                "lang": "sv",
                "value": "Institutet för hälsa och välfärd (THL)\nRättsgenetik\nPB 30\n00271 Helsingfors"
              }
            ],
            "representation": [
              {
                "lang": "fi",
                "value": "Fraasi"
              },
              {
                "lang": "sv",
                "value": "Fras"
              }
            ],
            "repeatable": false,
            "required": true,
            "conditionalRequired": false,
            "nationwideRecordedInformation": false,
            "hiddenField": false,
            "hiddenTitle": false,
            "rowNumber": 50
          }
        },
        "lue_lisaa": {
          "type": "string",
          "enum": [
            "thl.fi/vanhemmuus, thl.fi/oikeusgenetiikka"
          ],
          "sosmeta": {
            "name": [
              {
                "lang": "fi",
                "value": "Lue lisää"
              },
              {
                "lang": "sv",
                "value": "Läs mer"
              }
            ],
            "implementationNote": [
              {
                "lang": "fi",
                "value": "Kentässä näytetään fraasi-kohdassa oleva teksti."
              },
              {
                "lang": "sv",
                "value": "Kentässä näytetään fraasi-kohdassa oleva teksti."
              }
            ],
            "phrase": [
              {
                "lang": "fi",
                "value": "thl.fi/vanhemmuus, thl.fi/oikeusgenetiikka"
              },
              {
                "lang": "sv",
                "value": "thl.fi/foraldraskap, thl.fi/rattsgenetik"
              }
            ],
            "representation": [
              {
                "lang": "fi",
                "value": "Fraasi"
              },
              {
                "lang": "sv",
                "value": "Fras"
              }
            ],
            "repeatable": false,
            "required": true,
            "conditionalRequired": false,
            "nationwideRecordedInformation": false,
            "hiddenField": false,
            "hiddenTitle": false,
            "rowNumber": 51
          }
        }
      }
    }
  }
}