{
  "$schema": "http://json-schema.org/draft-07/schema#",
  "title": "\u0027Ilmoitus hyvinvointialueen alueelle sijoitetusta lapsesta\u0027 JSON schema",
  "type": "object",
  "additionalProperties": false,
  "sosmeta": {
    "title": "\u0027Ilmoitus hyvinvointialueen alueelle sijoitetusta lapsesta\u0027 JSON schema",
    "status": "Valmis",
    "documentDefinitionVersion": "2023-05-31",
    "dataComponentLibraryVersion": "2023-05-26",
    "oid": "1.2.246.537.6.1506.4020.2023.5.31",
    "documentType": "Ilmoitus",
    "documentAuthor": "Ammattihenkilö",
    "documentSubject": "Lastensuojelun sijaishuollon asiakasasiakirjat"
  },
  "required": [
    "ilmoitus_hyvinvointialueen_alueelle_sijoitetusta_lapsesta"
  ],
  "properties": {
    "ilmoitus_hyvinvointialueen_alueelle_sijoitetusta_lapsesta": {
      "type": "object",
      "additionalProperties": false,
      "sosmeta": {
        "name": [
          {
            "lang": "fi",
            "value": "Ilmoitus hyvinvointialueen alueelle sijoitetusta lapsesta"
          },
          {
            "lang": "sv",
            "value": "Anmälan om ett barn som har placerats på välfärdsområdets område"
          }
        ]
      },
      "required": [
        "vastaanottaja",
        "asiakas",
        "ilmoitus_koskee_lapsen_sijoituksen_alkamista_hyvinvointialueen_alueella",
        "ilmoitus_koskee_hyvinvointialueen_alueelle_sijoitetun_lapsen_sijoituksen_paattymista",
        "ilmoitus_koskee_hyvinvointialueen_alueelle_sijoitetun_lapsen_sijoituspaikan_vaihtumista",
        "sijoituksen_laji",
        "ilmoittaja"
      ],
      "properties": {
        "vastaanottaja": {
          "type": "object",
          "additionalProperties": false,
          "sosmeta": {
            "name": [
              {
                "lang": "fi",
                "value": "Vastaanottaja"
              },
              {
                "lang": "sv",
                "value": "Mottagare"
              }
            ],
            "description": [
              {
                "lang": "fi",
                "value": "Vastaanottaja on sen hyvinvointialueen sosiaalihuollosta vastaava toimielin, jonka alueelle lapsi on sijoitettu."
              },
              {
                "lang": "sv",
                "value": "Mottagaren är det organ som ansvarar för socialvården i det välfärdsområde, på vars område barnet är placerat."
              }
            ],
            "repeatable": false,
            "required": true,
            "conditionalRequired": false,
            "nationwideRecordedInformation": false,
            "hiddenField": false,
            "hiddenTitle": false,
            "rowNumber": 1
          },
          "required": [
            "palveluyksikon_nimi"
          ],
          "properties": {
            "palveluyksikon_nimi": {
              "type": "object",
              "additionalProperties": false,
              "sosmeta": {
                "name": [
                  {
                    "lang": "fi",
                    "value": "Palveluyksikön nimi"
                  },
                  {
                    "lang": "sv",
                    "value": "Serviceenhetens namn"
                  }
                ],
                "description": [
                  {
                    "lang": "fi",
                    "value": "Kenttään kirjataan palveluyksikön nimi SOTE-organisaatiorekisterin avulla."
                  },
                  {
                    "lang": "sv",
                    "value": "I fältet antecknas namnet på serviceenheten enligt Organisationsregistret för social- och hälsovården."
                  }
                ],
                "example": [
                  {
                    "lang": "fi",
                    "value": "1.2.246.10.1012636.10.1.1.100768 \u003d Espoon keskuksen lastensuojelu, Espoon kaupunki, sosiaali- ja terveystoimi"
                  },
                  {
                    "lang": "sv",
                    "value": "1.2.246.10.1012636.10.1.1.100768 \u003d Esbo centrums barnskydd, Esbo stad, social- och hälsovårdssektorn"
                  }
                ],
                "implementationNote": [
                  {
                    "lang": "fi",
                    "value": "Kenttä on pakollinen TK Organisaation määrityksestä poiketen."
                  },
                  {
                    "lang": "sv",
                    "value": "Kenttä on pakollinen TK Organisaation määrityksestä poiketen."
                  }
                ],
                "classification": [
                  {
                    "lang": "fi",
                    "value": "Koodistopalvelin: THL - SOTE-organisaatiorekisteri 1.2.246.537.6.202"
                  },
                  {
                    "lang": "sv",
                    "value": "Kodtjänsten: THL - SOTE-organisationsregister 1.2.246.537.6.202"
                  }
                ],
                "classificationLink": [
                  {
                    "lang": "",
                    "value": "https://koodistopalvelu.kanta.fi/codeserver/pages/classification-view-page.xhtml?classificationKey\u003d421\u0026versionKey\u003d501"
                  }
                ],
                "classificationOid": [
                  {
                    "lang": "",
                    "value": "1.2.246.537.6.202"
                  }
                ],
                "representation": [
                  {
                    "lang": "fi",
                    "value": "Koodi"
                  },
                  {
                    "lang": "sv",
                    "value": "Kod"
                  }
                ],
                "repeatable": false,
                "required": true,
                "conditionalRequired": false,
                "nationwideRecordedInformation": false,
                "hiddenField": false,
                "hiddenTitle": false,
                "rowNumber": 2
              },
              "required": [
                "system",
                "code",
                "display"
              ],
              "properties": {
                "system": {
                  "type": "string",
                  "pattern": "^urn:oid:1\\.2\\.246\\.537\\.6\\.202(\\.\\d+)*$"
                },
                "code": {
                  "type": "string"
                },
                "display": {
                  "type": "string"
                }
              }
            },
            "yhteystiedot": {
              "type": "object",
              "additionalProperties": false,
              "sosmeta": {
                "name": [
                  {
                    "lang": "fi",
                    "value": "Yhteystiedot"
                  },
                  {
                    "lang": "sv",
                    "value": "Kontaktuppgifter"
                  }
                ],
                "description": [
                  {
                    "lang": "fi",
                    "value": "-"
                  },
                  {
                    "lang": "sv",
                    "value": "-"
                  }
                ],
                "repeatable": false,
                "required": false,
                "conditionalRequired": false,
                "nationwideRecordedInformation": false,
                "hiddenField": false,
                "hiddenTitle": false,
                "rowNumber": 3
              },
              "required": [],
              "properties": {
                "osoite": {
                  "type": "object",
                  "additionalProperties": false,
                  "sosmeta": {
                    "name": [
                      {
                        "lang": "fi",
                        "value": "Osoite"
                      },
                      {
                        "lang": "sv",
                        "value": "Adress"
                      }
                    ],
                    "description": [
                      {
                        "lang": "fi",
                        "value": "-"
                      },
                      {
                        "lang": "sv",
                        "value": "-"
                      }
                    ],
                    "repeatable": false,
                    "required": false,
                    "conditionalRequired": false,
                    "nationwideRecordedInformation": false,
                    "hiddenField": false,
                    "hiddenTitle": false,
                    "rowNumber": 4
                  },
                  "required": [],
                  "properties": {
                    "lahiosoite": {
                      "type": "string",
                      "sosmeta": {
                        "name": [
                          {
                            "lang": "fi",
                            "value": "Lähiosoite"
                          },
                          {
                            "lang": "sv",
                            "value": "Näradress"
                          }
                        ],
                        "description": [
                          {
                            "lang": "fi",
                            "value": "-"
                          },
                          {
                            "lang": "sv",
                            "value": "-"
                          }
                        ],
                        "example": [
                          {
                            "lang": "fi",
                            "value": "-"
                          },
                          {
                            "lang": "sv",
                            "value": "-"
                          }
                        ],
                        "representation": [
                          {
                            "lang": "fi",
                            "value": "Teksti"
                          },
                          {
                            "lang": "sv",
                            "value": "Text"
                          }
                        ],
                        "repeatable": false,
                        "required": false,
                        "conditionalRequired": false,
                        "nationwideRecordedInformation": false,
                        "hiddenField": false,
                        "hiddenTitle": false,
                        "rowNumber": 5
                      }
                    },
                    "postinumero": {
                      "type": "string",
                      "sosmeta": {
                        "name": [
                          {
                            "lang": "fi",
                            "value": "Postinumero"
                          },
                          {
                            "lang": "sv",
                            "value": "Postnummer"
                          }
                        ],
                        "description": [
                          {
                            "lang": "fi",
                            "value": "-"
                          },
                          {
                            "lang": "sv",
                            "value": "-"
                          }
                        ],
                        "example": [
                          {
                            "lang": "fi",
                            "value": "-"
                          },
                          {
                            "lang": "sv",
                            "value": "-"
                          }
                        ],
                        "representation": [
                          {
                            "lang": "fi",
                            "value": "Teksti"
                          },
                          {
                            "lang": "sv",
                            "value": "Text"
                          }
                        ],
                        "repeatable": false,
                        "required": false,
                        "conditionalRequired": false,
                        "nationwideRecordedInformation": false,
                        "hiddenField": false,
                        "hiddenTitle": false,
                        "rowNumber": 6
                      }
                    },
                    "postitoimipaikka": {
                      "type": "string",
                      "sosmeta": {
                        "name": [
                          {
                            "lang": "fi",
                            "value": "Postitoimipaikka"
                          },
                          {
                            "lang": "sv",
                            "value": "Postkontor"
                          }
                        ],
                        "description": [
                          {
                            "lang": "fi",
                            "value": "-"
                          },
                          {
                            "lang": "sv",
                            "value": "-"
                          }
                        ],
                        "example": [
                          {
                            "lang": "fi",
                            "value": "-"
                          },
                          {
                            "lang": "sv",
                            "value": "-"
                          }
                        ],
                        "representation": [
                          {
                            "lang": "fi",
                            "value": "Nimi"
                          },
                          {
                            "lang": "sv",
                            "value": "Namn"
                          }
                        ],
                        "repeatable": false,
                        "required": false,
                        "conditionalRequired": false,
                        "nationwideRecordedInformation": false,
                        "hiddenField": false,
                        "hiddenTitle": false,
                        "rowNumber": 7
                      }
                    }
                  }
                }
              }
            }
          }
        },
        "asiakas": {
          "type": "array",
          "minItems": 1,
          "items": {
            "type": "object",
            "additionalProperties": false,
            "sosmeta": {
              "name": [
                {
                  "lang": "fi",
                  "value": "Asiakas"
                },
                {
                  "lang": "sv",
                  "value": "Klient"
                }
              ],
              "description": [
                {
                  "lang": "fi",
                  "value": "-"
                },
                {
                  "lang": "sv",
                  "value": "-"
                }
              ],
              "repeatable": true,
              "required": true,
              "conditionalRequired": false,
              "nationwideRecordedInformation": false,
              "hiddenField": false,
              "hiddenTitle": false,
              "rowNumber": 8
            },
            "required": [
              "sukunimi",
              "etunimet"
            ],
            "properties": {
              "sukunimi": {
                "type": "string",
                "minLength": 1,
                "sosmeta": {
                  "name": [
                    {
                      "lang": "fi",
                      "value": "Sukunimi"
                    },
                    {
                      "lang": "sv",
                      "value": "Efternamn"
                    }
                  ],
                  "description": [
                    {
                      "lang": "fi",
                      "value": "-"
                    },
                    {
                      "lang": "sv",
                      "value": "-"
                    }
                  ],
                  "example": [
                    {
                      "lang": "fi",
                      "value": "-"
                    },
                    {
                      "lang": "sv",
                      "value": "-"
                    }
                  ],
                  "representation": [
                    {
                      "lang": "fi",
                      "value": "Nimi"
                    },
                    {
                      "lang": "sv",
                      "value": "Namn"
                    }
                  ],
                  "repeatable": false,
                  "required": true,
                  "conditionalRequired": false,
                  "nationwideRecordedInformation": false,
                  "hiddenField": false,
                  "hiddenTitle": false,
                  "rowNumber": 9
                }
              },
              "etunimet": {
                "type": "string",
                "minLength": 1,
                "sosmeta": {
                  "name": [
                    {
                      "lang": "fi",
                      "value": "Etunimet"
                    },
                    {
                      "lang": "sv",
                      "value": "Samtliga förnamn"
                    }
                  ],
                  "description": [
                    {
                      "lang": "fi",
                      "value": "-"
                    },
                    {
                      "lang": "sv",
                      "value": "-"
                    }
                  ],
                  "example": [
                    {
                      "lang": "fi",
                      "value": "-"
                    },
                    {
                      "lang": "sv",
                      "value": "-"
                    }
                  ],
                  "representation": [
                    {
                      "lang": "fi",
                      "value": "Nimi"
                    },
                    {
                      "lang": "sv",
                      "value": "Namn"
                    }
                  ],
                  "repeatable": false,
                  "required": true,
                  "conditionalRequired": false,
                  "nationwideRecordedInformation": false,
                  "hiddenField": false,
                  "hiddenTitle": false,
                  "rowNumber": 10
                }
              },
              "henkilotunnus": {
                "type": "object",
                "additionalProperties": false,
                "sosmeta": {
                  "name": [
                    {
                      "lang": "fi",
                      "value": "Henkilötunnus"
                    },
                    {
                      "lang": "sv",
                      "value": "Personbeteckning"
                    }
                  ],
                  "description": [
                    {
                      "lang": "fi",
                      "value": "-"
                    },
                    {
                      "lang": "sv",
                      "value": "-"
                    }
                  ],
                  "example": [
                    {
                      "lang": "fi",
                      "value": "-"
                    },
                    {
                      "lang": "sv",
                      "value": "-"
                    }
                  ],
                  "implementationNote": [
                    {
                      "lang": "fi",
                      "value": "Ehdollisesti pakollinen: Henkilötunnus- ja Tilapäinen yksilöintitunnus -kentistä toinen on pakollinen."
                    },
                    {
                      "lang": "sv",
                      "value": "Ehdollisesti pakollinen: Henkilötunnus- ja Tilapäinen yksilöintitunnus -kentistä toinen on pakollinen."
                    }
                  ],
                  "representation": [
                    {
                      "lang": "fi",
                      "value": "Tunnus"
                    },
                    {
                      "lang": "sv",
                      "value": "Identifierare"
                    }
                  ],
                  "systemUri": [
                    {
                      "lang": "",
                      "value": "urn:oid:1.2.246.21"
                    }
                  ],
                  "repeatable": false,
                  "required": false,
                  "conditionalRequired": true,
                  "nationwideRecordedInformation": false,
                  "hiddenField": false,
                  "hiddenTitle": false,
                  "rowNumber": 11
                },
                "required": [
                  "value"
                ],
                "properties": {
                  "system": {
                    "type": "string"
                  },
                  "value": {
                    "type": "string"
                  }
                }
              },
              "tilapainen_yksilointitunnus": {
                "type": "object",
                "additionalProperties": false,
                "sosmeta": {
                  "name": [
                    {
                      "lang": "fi",
                      "value": "Tilapäinen yksilöintitunnus"
                    },
                    {
                      "lang": "sv",
                      "value": "Temporär identifikationskod"
                    }
                  ],
                  "description": [
                    {
                      "lang": "fi",
                      "value": "Kenttään kirjataan henkilön tilapäiseen yksilöintiin annettu tunnus."
                    },
                    {
                      "lang": "sv",
                      "value": "I fältet antecknas identifikationskoden som getts personen för tillfällig identifiering."
                    }
                  ],
                  "example": [
                    {
                      "lang": "fi",
                      "value": "112233-445a"
                    },
                    {
                      "lang": "sv",
                      "value": "112233-445a"
                    }
                  ],
                  "implementationNote": [
                    {
                      "lang": "fi",
                      "value": "Ehdollisesti pakollinen: Henkilötunnus- ja Tilapäinen yksilöintitunnus -kentistä toinen on pakollinen."
                    },
                    {
                      "lang": "sv",
                      "value": "Ehdollisesti pakollinen: Henkilötunnus- ja Tilapäinen yksilöintitunnus -kentistä toinen on pakollinen."
                    }
                  ],
                  "representation": [
                    {
                      "lang": "fi",
                      "value": "Tunnus"
                    },
                    {
                      "lang": "sv",
                      "value": "Identifierare"
                    }
                  ],
                  "repeatable": false,
                  "required": false,
                  "conditionalRequired": true,
                  "nationwideRecordedInformation": false,
                  "hiddenField": false,
                  "hiddenTitle": false,
                  "rowNumber": 12
                },
                "required": [
                  "value"
                ],
                "properties": {
                  "system": {
                    "type": "string"
                  },
                  "value": {
                    "type": "string"
                  }
                }
              }
            }
          }
        },
        "ilmoitus_koskee_lapsen_sijoituksen_alkamista_hyvinvointialueen_alueella": {
          "type": "boolean",
          "sosmeta": {
            "name": [
              {
                "lang": "fi",
                "value": "Ilmoitus koskee lapsen sijoituksen alkamista hyvinvointialueen alueella"
              },
              {
                "lang": "sv",
                "value": "Anmälan gäller inledning av barnets placering på välfärdsområdets område"
              }
            ],
            "representation": [
              {
                "lang": "fi",
                "value": "Kytkin"
              },
              {
                "lang": "sv",
                "value": "Brytare"
              }
            ],
            "repeatable": false,
            "required": true,
            "conditionalRequired": false,
            "nationwideRecordedInformation": true,
            "hiddenField": false,
            "hiddenTitle": false,
            "rowNumber": 13
          }
        },
        "sijoituksen_alkamisen_paivamaara": {
          "type": "string",
          "pattern": "^-?[0-9]{4}(-(0[1-9]|1[0-2])(-(0[0-9]|[1-2][0-9]|3[0-1]))?)?$",
          "sosmeta": {
            "name": [
              {
                "lang": "fi",
                "value": "Sijoituksen alkamisen päivämäärä"
              },
              {
                "lang": "sv",
                "value": "Datum för inledning av placeringen"
              }
            ],
            "implementationNote": [
              {
                "lang": "fi",
                "value": "Kenttää ei näytetä, jos kytkin on asennossa \"ei\" edellisessä kentässä, eli kentässä \"Ilmoitus koskee lapsen sijoituksen alkamista hyvinvointialueen alueella\"."
              },
              {
                "lang": "sv",
                "value": "Kenttää ei näytetä, jos kytkin on asennossa \"ei\" edellisessä kentässä, eli kentässä \"Ilmoitus koskee lapsen sijoituksen alkamista hyvinvointialueen alueella\"."
              }
            ],
            "representation": [
              {
                "lang": "fi",
                "value": "Pvm"
              },
              {
                "lang": "sv",
                "value": "Datum"
              }
            ],
            "repeatable": false,
            "required": false,
            "conditionalRequired": false,
            "nationwideRecordedInformation": true,
            "hiddenField": false,
            "hiddenTitle": false,
            "rowNumber": 14
          }
        },
        "ilmoitus_koskee_hyvinvointialueen_alueelle_sijoitetun_lapsen_sijoituksen_paattymista": {
          "type": "boolean",
          "sosmeta": {
            "name": [
              {
                "lang": "fi",
                "value": "Ilmoitus koskee hyvinvointialueen alueelle sijoitetun lapsen sijoituksen päättymistä"
              },
              {
                "lang": "sv",
                "value": "Anmälan gäller avslutning av barnets placering på välfärdsområdets område"
              }
            ],
            "representation": [
              {
                "lang": "fi",
                "value": "Kytkin"
              },
              {
                "lang": "sv",
                "value": "Brytare"
              }
            ],
            "repeatable": false,
            "required": true,
            "conditionalRequired": false,
            "nationwideRecordedInformation": true,
            "hiddenField": false,
            "hiddenTitle": false,
            "rowNumber": 15
          }
        },
        "sijoituksen_paattymisen_paivamaara": {
          "type": "string",
          "pattern": "^-?[0-9]{4}(-(0[1-9]|1[0-2])(-(0[0-9]|[1-2][0-9]|3[0-1]))?)?$",
          "sosmeta": {
            "name": [
              {
                "lang": "fi",
                "value": "Sijoituksen päättymisen päivämäärä"
              },
              {
                "lang": "sv",
                "value": "Datum för avslutning av placeringen"
              }
            ],
            "implementationNote": [
              {
                "lang": "fi",
                "value": "Kenttää ei näytetä, jos kytkin on asennossa \"ei\" edellisessä kentässä eli kentässä \"Ilmoitus koskee hyvinvointialueen alueelle sijoitetun lapsen sijoituksen päättymistä\"."
              },
              {
                "lang": "sv",
                "value": "Kenttää ei näytetä, jos kytkin on asennossa \"ei\" edellisessä kentässä eli kentässä \"Ilmoitus koskee hyvinvointialueen alueelle sijoitetun lapsen sijoituksen päättymistä\"."
              }
            ],
            "representation": [
              {
                "lang": "fi",
                "value": "Pvm"
              },
              {
                "lang": "sv",
                "value": "Datum"
              }
            ],
            "repeatable": false,
            "required": false,
            "conditionalRequired": false,
            "nationwideRecordedInformation": true,
            "hiddenField": false,
            "hiddenTitle": false,
            "rowNumber": 16
          }
        },
        "ilmoitus_koskee_hyvinvointialueen_alueelle_sijoitetun_lapsen_sijoituspaikan_vaihtumista": {
          "type": "boolean",
          "sosmeta": {
            "name": [
              {
                "lang": "fi",
                "value": "Ilmoitus koskee hyvinvointialueen alueelle sijoitetun lapsen sijoituspaikan vaihtumista"
              },
              {
                "lang": "sv",
                "value": "Anmälan gäller byte av placeringsplats för ett barn som är placerat på välfärdsområdets område"
              }
            ],
            "description": [
              {
                "lang": "fi",
                "value": "Kenttään vastataan \"kyllä\" niissä tilanteissa, joissa lapsen sijoituspaikka vaihtuu hyvinvointialueen sisällä."
              },
              {
                "lang": "sv",
                "value": "Svara ”ja” i fältet i sådana situationer, där barnets placeringsplats byts ut inom välfärdsområdet."
              }
            ],
            "representation": [
              {
                "lang": "fi",
                "value": "Kytkin"
              },
              {
                "lang": "sv",
                "value": "Brytare"
              }
            ],
            "repeatable": false,
            "required": true,
            "conditionalRequired": false,
            "nationwideRecordedInformation": true,
            "hiddenField": false,
            "hiddenTitle": false,
            "rowNumber": 17
          }
        },
        "sijoituspaikan_vaihtumisen_paivamaara": {
          "type": "string",
          "pattern": "^-?[0-9]{4}(-(0[1-9]|1[0-2])(-(0[0-9]|[1-2][0-9]|3[0-1]))?)?$",
          "sosmeta": {
            "name": [
              {
                "lang": "fi",
                "value": "Sijoituspaikan vaihtumisen päivämäärä"
              },
              {
                "lang": "sv",
                "value": "Datum för byte av placeringsplats"
              }
            ],
            "implementationNote": [
              {
                "lang": "fi",
                "value": "Kenttää ei näytetä, jos kytkin on asennossa \"ei\" edellisessä kentässä eli kentässä \"Ilmoitus koskee hyvinvointialueen alueelle sijoitetun lapsen sijoituspaikan vaihtumista\"."
              },
              {
                "lang": "sv",
                "value": "Kenttää ei näytetä, jos kytkin on asennossa \"ei\" edellisessä kentässä eli kentässä \"Ilmoitus koskee hyvinvointialueen alueelle sijoitetun lapsen sijoituspaikan vaihtumista\"."
              }
            ],
            "representation": [
              {
                "lang": "fi",
                "value": "Pvm"
              },
              {
                "lang": "sv",
                "value": "Datum"
              }
            ],
            "repeatable": false,
            "required": false,
            "conditionalRequired": false,
            "nationwideRecordedInformation": true,
            "hiddenField": false,
            "hiddenTitle": false,
            "rowNumber": 18
          }
        },
        "sijoituspaikka": {
          "type": "object",
          "additionalProperties": false,
          "sosmeta": {
            "name": [
              {
                "lang": "fi",
                "value": "Sijoituspaikka"
              },
              {
                "lang": "sv",
                "value": "Placeringsplats"
              }
            ],
            "description": [
              {
                "lang": "fi",
                "value": "Jos kyseessä on sijoituspaikan vaihto, tähän kirjataan uuden paikan tiedot."
              },
              {
                "lang": "sv",
                "value": "Om det är frågan om byte av placeringsplats, antecknas uppgifter om den nya platsen här."
              }
            ],
            "classification": [
              {
                "lang": "fi",
                "value": "Koodistopalvelin: Sosiaalihuolto - Lastensuojelun sijoituspaikka 1.2.246.537.6.1216"
              },
              {
                "lang": "sv",
                "value": "Kodtjänsten: Socialvård - Placeringsplats i barnskyddssyfte 1.2.246.537.6.1216"
              }
            ],
            "classificationLink": [
              {
                "lang": "",
                "value": "https://koodistopalvelu.kanta.fi/codeserver/pages/classification-view-page.xhtml?classificationKey\u003d604\u0026versionKey\u003d704"
              }
            ],
            "classificationOid": [
              {
                "lang": "",
                "value": "1.2.246.537.6.1216"
              }
            ],
            "representation": [
              {
                "lang": "fi",
                "value": "Koodi"
              },
              {
                "lang": "sv",
                "value": "Kod"
              }
            ],
            "repeatable": false,
            "required": false,
            "conditionalRequired": false,
            "nationwideRecordedInformation": true,
            "hiddenField": false,
            "hiddenTitle": false,
            "rowNumber": 19
          },
          "required": [
            "system",
            "code",
            "display"
          ],
          "properties": {
            "system": {
              "type": "string",
              "pattern": "^urn:oid:1\\.2\\.246\\.537\\.6\\.1216(\\.\\d+)*$"
            },
            "code": {
              "type": "string"
            },
            "display": {
              "type": "string"
            }
          }
        },
        "sijoituspaikan_nimi": {
          "type": "string",
          "sosmeta": {
            "name": [
              {
                "lang": "fi",
                "value": "Sijoituspaikan nimi"
              },
              {
                "lang": "sv",
                "value": "Placeringsplatsens namn"
              }
            ],
            "title": [
              {
                "lang": "fi",
                "value": "Sijoituspaikan tai sijaisperheen nimi"
              },
              {
                "lang": "sv",
                "value": "Placeringsplatsens eller fosterfamiljens namn"
              }
            ],
            "representation": [
              {
                "lang": "fi",
                "value": "Nimi"
              },
              {
                "lang": "sv",
                "value": "Namn"
              }
            ],
            "repeatable": false,
            "required": false,
            "conditionalRequired": false,
            "nationwideRecordedInformation": false,
            "hiddenField": false,
            "hiddenTitle": false,
            "rowNumber": 20
          }
        },
        "sijoituspaikan_yhteystiedot": {
          "type": "object",
          "additionalProperties": false,
          "sosmeta": {
            "name": [
              {
                "lang": "fi",
                "value": "Sijoituspaikan yhteystiedot"
              },
              {
                "lang": "sv",
                "value": "Placeringsplatsens kontaktuppgifter"
              }
            ],
            "title": [
              {
                "lang": "fi",
                "value": "Sijoituspaikan tai sijaisperheen yhteystiedot"
              },
              {
                "lang": "sv",
                "value": "Placeringsplatsens eller fosterfamiljens kontaktuppgifter"
              }
            ],
            "description": [
              {
                "lang": "fi",
                "value": "-"
              },
              {
                "lang": "sv",
                "value": "-"
              }
            ],
            "repeatable": false,
            "required": false,
            "conditionalRequired": false,
            "nationwideRecordedInformation": false,
            "hiddenField": false,
            "hiddenTitle": false,
            "rowNumber": 21
          },
          "required": [],
          "properties": {
            "osoite": {
              "type": "array",
              "minItems": 0,
              "items": {
                "type": "object",
                "additionalProperties": false,
                "sosmeta": {
                  "name": [
                    {
                      "lang": "fi",
                      "value": "Osoite"
                    },
                    {
                      "lang": "sv",
                      "value": "Adress"
                    }
                  ],
                  "description": [
                    {
                      "lang": "fi",
                      "value": "-"
                    },
                    {
                      "lang": "sv",
                      "value": "-"
                    }
                  ],
                  "repeatable": true,
                  "required": false,
                  "conditionalRequired": false,
                  "nationwideRecordedInformation": false,
                  "hiddenField": false,
                  "hiddenTitle": false,
                  "rowNumber": 22
                },
                "required": [],
                "properties": {
                  "lahiosoite": {
                    "type": "string",
                    "sosmeta": {
                      "name": [
                        {
                          "lang": "fi",
                          "value": "Lähiosoite"
                        },
                        {
                          "lang": "sv",
                          "value": "Näradress"
                        }
                      ],
                      "description": [
                        {
                          "lang": "fi",
                          "value": "-"
                        },
                        {
                          "lang": "sv",
                          "value": "-"
                        }
                      ],
                      "example": [
                        {
                          "lang": "fi",
                          "value": "-"
                        },
                        {
                          "lang": "sv",
                          "value": "-"
                        }
                      ],
                      "representation": [
                        {
                          "lang": "fi",
                          "value": "Teksti"
                        },
                        {
                          "lang": "sv",
                          "value": "Text"
                        }
                      ],
                      "repeatable": false,
                      "required": false,
                      "conditionalRequired": false,
                      "nationwideRecordedInformation": false,
                      "hiddenField": false,
                      "hiddenTitle": false,
                      "rowNumber": 23
                    }
                  },
                  "postinumero": {
                    "type": "string",
                    "sosmeta": {
                      "name": [
                        {
                          "lang": "fi",
                          "value": "Postinumero"
                        },
                        {
                          "lang": "sv",
                          "value": "Postnummer"
                        }
                      ],
                      "description": [
                        {
                          "lang": "fi",
                          "value": "-"
                        },
                        {
                          "lang": "sv",
                          "value": "-"
                        }
                      ],
                      "example": [
                        {
                          "lang": "fi",
                          "value": "-"
                        },
                        {
                          "lang": "sv",
                          "value": "-"
                        }
                      ],
                      "representation": [
                        {
                          "lang": "fi",
                          "value": "Teksti"
                        },
                        {
                          "lang": "sv",
                          "value": "Text"
                        }
                      ],
                      "repeatable": false,
                      "required": false,
                      "conditionalRequired": false,
                      "nationwideRecordedInformation": false,
                      "hiddenField": false,
                      "hiddenTitle": false,
                      "rowNumber": 24
                    }
                  },
                  "postitoimipaikka": {
                    "type": "string",
                    "sosmeta": {
                      "name": [
                        {
                          "lang": "fi",
                          "value": "Postitoimipaikka"
                        },
                        {
                          "lang": "sv",
                          "value": "Postkontor"
                        }
                      ],
                      "description": [
                        {
                          "lang": "fi",
                          "value": "-"
                        },
                        {
                          "lang": "sv",
                          "value": "-"
                        }
                      ],
                      "example": [
                        {
                          "lang": "fi",
                          "value": "-"
                        },
                        {
                          "lang": "sv",
                          "value": "-"
                        }
                      ],
                      "representation": [
                        {
                          "lang": "fi",
                          "value": "Nimi"
                        },
                        {
                          "lang": "sv",
                          "value": "Namn"
                        }
                      ],
                      "repeatable": false,
                      "required": false,
                      "conditionalRequired": false,
                      "nationwideRecordedInformation": false,
                      "hiddenField": false,
                      "hiddenTitle": false,
                      "rowNumber": 25
                    }
                  }
                }
              }
            },
            "puhelinnumero": {
              "type": "string",
              "sosmeta": {
                "name": [
                  {
                    "lang": "fi",
                    "value": "Puhelinnumero"
                  },
                  {
                    "lang": "sv",
                    "value": "Telefonnummer"
                  }
                ],
                "description": [
                  {
                    "lang": "fi",
                    "value": "-"
                  },
                  {
                    "lang": "sv",
                    "value": "-"
                  }
                ],
                "example": [
                  {
                    "lang": "fi",
                    "value": "-"
                  },
                  {
                    "lang": "sv",
                    "value": "-"
                  }
                ],
                "representation": [
                  {
                    "lang": "fi",
                    "value": "Teksti"
                  },
                  {
                    "lang": "sv",
                    "value": "Text"
                  }
                ],
                "repeatable": false,
                "required": false,
                "conditionalRequired": false,
                "nationwideRecordedInformation": false,
                "hiddenField": false,
                "hiddenTitle": false,
                "rowNumber": 26
              }
            }
          }
        },
        "sijoituksen_laji": {
          "type": "object",
          "additionalProperties": false,
          "sosmeta": {
            "name": [
              {
                "lang": "fi",
                "value": "Sijoituksen laji"
              },
              {
                "lang": "sv",
                "value": "Placeringens typ"
              }
            ],
            "classification": [
              {
                "lang": "fi",
                "value": "Koodistopalvelin: Sosiaalihuolto - Lastensuojelun sijoituksen laji 1.2.246.537.6.1215"
              },
              {
                "lang": "sv",
                "value": "Kodtjänsten: Socialvård - Typ av placering i barnskyddssyfte 1.2.246.537.6.1215"
              }
            ],
            "classificationLink": [
              {
                "lang": "",
                "value": "https://koodistopalvelu.kanta.fi/codeserver/pages/classification-view-page.xhtml?classificationKey\u003d603\u0026versionKey\u003d703"
              }
            ],
            "classificationOid": [
              {
                "lang": "",
                "value": "1.2.246.537.6.1215"
              }
            ],
            "representation": [
              {
                "lang": "fi",
                "value": "Koodi"
              },
              {
                "lang": "sv",
                "value": "Kod"
              }
            ],
            "repeatable": false,
            "required": true,
            "conditionalRequired": false,
            "nationwideRecordedInformation": true,
            "hiddenField": false,
            "hiddenTitle": false,
            "rowNumber": 27
          },
          "required": [
            "system",
            "code",
            "display"
          ],
          "properties": {
            "system": {
              "type": "string",
              "pattern": "^urn:oid:1\\.2\\.246\\.537\\.6\\.1215(\\.\\d+)*$"
            },
            "code": {
              "type": "string"
            },
            "display": {
              "type": "string"
            }
          }
        },
        "lapsen_tarvitsemat_palvelut_ja_tukitoimet": {
          "type": "string",
          "sosmeta": {
            "name": [
              {
                "lang": "fi",
                "value": "Lapsen tarvitsemat palvelut ja tukitoimet"
              },
              {
                "lang": "sv",
                "value": "Service och stödåtgärder som barnet behöver"
              }
            ],
            "description": [
              {
                "lang": "fi",
                "value": "Kenttään kirjataan ne lapsen tarvitsemat palvelut ja tukitoimet, jotka sijoitushyvinvointialueen on järjestettävä."
              },
              {
                "lang": "sv",
                "value": "I fältet antecknas behövlig service och stödåtgärder för barnet som placeringsvälfärdsområdet ska ordna."
              }
            ],
            "representation": [
              {
                "lang": "fi",
                "value": "Teksti"
              },
              {
                "lang": "sv",
                "value": "Text"
              }
            ],
            "repeatable": false,
            "required": false,
            "conditionalRequired": false,
            "nationwideRecordedInformation": false,
            "hiddenField": false,
            "hiddenTitle": false,
            "rowNumber": 28
          }
        },
        "lisatiedot": {
          "type": "string",
          "sosmeta": {
            "name": [
              {
                "lang": "fi",
                "value": "Lisätiedot"
              },
              {
                "lang": "sv",
                "value": "Mer information"
              }
            ],
            "representation": [
              {
                "lang": "fi",
                "value": "Teksti"
              },
              {
                "lang": "sv",
                "value": "Text"
              }
            ],
            "repeatable": false,
            "required": false,
            "conditionalRequired": false,
            "nationwideRecordedInformation": false,
            "hiddenField": false,
            "hiddenTitle": false,
            "rowNumber": 29
          }
        },
        "lakiselostus": {
          "type": "string",
          "sosmeta": {
            "name": [
              {
                "lang": "fi",
                "value": "Lakiselostus"
              },
              {
                "lang": "sv",
                "value": "Lagförklaring"
              }
            ],
            "implementationNote": [
              {
                "lang": "fi",
                "value": "Kentässä voidaan käyttää automaattitekstiä, jonka organisaatio yhdessä tietojärjestelmätoimittajan kanssa laatii. THL ei laadi kentässä näytettäviä tekstejä."
              },
              {
                "lang": "sv",
                "value": "Kentässä voidaan käyttää automaattitekstiä, jonka organisaatio yhdessä tietojärjestelmätoimittajan kanssa laatii. THL ei laadi kentässä näytettäviä tekstejä."
              }
            ],
            "representation": [
              {
                "lang": "fi",
                "value": "Teksti"
              },
              {
                "lang": "sv",
                "value": "Text"
              }
            ],
            "repeatable": false,
            "required": false,
            "conditionalRequired": false,
            "nationwideRecordedInformation": false,
            "hiddenField": false,
            "hiddenTitle": false,
            "rowNumber": 30
          }
        },
        "paivamaara": {
          "type": "string",
          "pattern": "^-?[0-9]{4}(-(0[1-9]|1[0-2])(-(0[0-9]|[1-2][0-9]|3[0-1]))?)?$",
          "sosmeta": {
            "name": [
              {
                "lang": "fi",
                "value": "Päivämäärä"
              },
              {
                "lang": "sv",
                "value": "Datum"
              }
            ],
            "description": [
              {
                "lang": "fi",
                "value": "Kenttään kirjataan ilmoittamispäivämäärä."
              },
              {
                "lang": "sv",
                "value": "I fältet antecknas datum för anmälan."
              }
            ],
            "representation": [
              {
                "lang": "fi",
                "value": "Pvm"
              },
              {
                "lang": "sv",
                "value": "Datum"
              }
            ],
            "repeatable": false,
            "required": false,
            "conditionalRequired": false,
            "nationwideRecordedInformation": true,
            "hiddenField": false,
            "hiddenTitle": false,
            "rowNumber": 31
          }
        },
        "ilmoittaja": {
          "type": "object",
          "additionalProperties": false,
          "sosmeta": {
            "name": [
              {
                "lang": "fi",
                "value": "Ilmoittaja"
              },
              {
                "lang": "sv",
                "value": "Anmälare"
              }
            ],
            "description": [
              {
                "lang": "fi",
                "value": "Ilmoittaja on lapsen asioista vastaava sosiaalityöntekijä."
              },
              {
                "lang": "sv",
                "value": "Anmälaren är den socialarbetare som ansvarar för barnets angelägenheter."
              }
            ],
            "repeatable": false,
            "required": true,
            "conditionalRequired": false,
            "nationwideRecordedInformation": false,
            "hiddenField": false,
            "hiddenTitle": false,
            "rowNumber": 32
          },
          "required": [
            "sukunimi",
            "etunimet"
          ],
          "properties": {
            "sukunimi": {
              "type": "string",
              "minLength": 1,
              "sosmeta": {
                "name": [
                  {
                    "lang": "fi",
                    "value": "Sukunimi"
                  },
                  {
                    "lang": "sv",
                    "value": "Efternamn"
                  }
                ],
                "description": [
                  {
                    "lang": "fi",
                    "value": "-"
                  },
                  {
                    "lang": "sv",
                    "value": "-"
                  }
                ],
                "representation": [
                  {
                    "lang": "fi",
                    "value": "Nimi"
                  },
                  {
                    "lang": "sv",
                    "value": "Namn"
                  }
                ],
                "repeatable": false,
                "required": true,
                "conditionalRequired": false,
                "nationwideRecordedInformation": false,
                "hiddenField": false,
                "hiddenTitle": false,
                "rowNumber": 33
              }
            },
            "etunimet": {
              "type": "string",
              "minLength": 1,
              "sosmeta": {
                "name": [
                  {
                    "lang": "fi",
                    "value": "Etunimet"
                  },
                  {
                    "lang": "sv",
                    "value": "Samtliga förnamn"
                  }
                ],
                "description": [
                  {
                    "lang": "fi",
                    "value": "-"
                  },
                  {
                    "lang": "sv",
                    "value": "-"
                  }
                ],
                "representation": [
                  {
                    "lang": "fi",
                    "value": "Nimi"
                  },
                  {
                    "lang": "sv",
                    "value": "Namn"
                  }
                ],
                "repeatable": false,
                "required": true,
                "conditionalRequired": false,
                "nationwideRecordedInformation": false,
                "hiddenField": false,
                "hiddenTitle": false,
                "rowNumber": 34
              }
            },
            "tehtavanimike": {
              "type": "string",
              "sosmeta": {
                "name": [
                  {
                    "lang": "fi",
                    "value": "Tehtävänimike"
                  },
                  {
                    "lang": "sv",
                    "value": "Uppgiftsbeteckning"
                  }
                ],
                "description": [
                  {
                    "lang": "fi",
                    "value": "-"
                  },
                  {
                    "lang": "sv",
                    "value": "-"
                  }
                ],
                "example": [
                  {
                    "lang": "fi",
                    "value": "Sosiaalityöntekijä"
                  },
                  {
                    "lang": "sv",
                    "value": "Socialarbetare"
                  }
                ],
                "representation": [
                  {
                    "lang": "fi",
                    "value": "Teksti"
                  },
                  {
                    "lang": "sv",
                    "value": "Text"
                  }
                ],
                "repeatable": false,
                "required": false,
                "conditionalRequired": false,
                "nationwideRecordedInformation": false,
                "hiddenField": false,
                "hiddenTitle": false,
                "rowNumber": 35
              }
            },
            "palveluyksikko": {
              "type": "object",
              "additionalProperties": false,
              "sosmeta": {
                "name": [
                  {
                    "lang": "fi",
                    "value": "Palveluyksikkö"
                  },
                  {
                    "lang": "sv",
                    "value": "Serviceenhet"
                  }
                ],
                "description": [
                  {
                    "lang": "fi",
                    "value": "Kenttään kirjataan palveluyksikön nimi SOTE-organisaatiorekisterin avulla."
                  },
                  {
                    "lang": "sv",
                    "value": "I fältet antecknas namnet på serviceenheten enligt Organisationsregistret för social- och hälsovården."
                  }
                ],
                "example": [
                  {
                    "lang": "fi",
                    "value": "1.2.246.10.1012636.10.1.1.100768 \u003d Espoon keskuksen lastensuojelu, Espoon kaupunki, sosiaali- ja terveystoimi"
                  },
                  {
                    "lang": "sv",
                    "value": "1.2.246.10.1012636.10.1.1.100768 \u003d Esbo centrums barnskydd, Esbo stad, social- och hälsovårdssektorn"
                  }
                ],
                "classification": [
                  {
                    "lang": "fi",
                    "value": "Koodistopalvelin: THL - SOTE-organisaatiorekisteri 1.2.246.537.6.202"
                  },
                  {
                    "lang": "sv",
                    "value": "Kodtjänsten: THL - SOTE-organisationsregister 1.2.246.537.6.202"
                  }
                ],
                "classificationLink": [
                  {
                    "lang": "",
                    "value": "https://koodistopalvelu.kanta.fi/codeserver/pages/classification-view-page.xhtml?classificationKey\u003d421\u0026versionKey\u003d501"
                  }
                ],
                "classificationOid": [
                  {
                    "lang": "",
                    "value": "1.2.246.537.6.202"
                  }
                ],
                "representation": [
                  {
                    "lang": "fi",
                    "value": "Koodi"
                  },
                  {
                    "lang": "sv",
                    "value": "Kod"
                  }
                ],
                "repeatable": false,
                "required": false,
                "conditionalRequired": false,
                "nationwideRecordedInformation": true,
                "hiddenField": false,
                "hiddenTitle": false,
                "rowNumber": 36
              },
              "required": [
                "system",
                "code",
                "display"
              ],
              "properties": {
                "system": {
                  "type": "string",
                  "pattern": "^urn:oid:1\\.2\\.246\\.537\\.6\\.202(\\.\\d+)*$"
                },
                "code": {
                  "type": "string"
                },
                "display": {
                  "type": "string"
                }
              }
            },
            "yhteystiedot": {
              "type": "object",
              "additionalProperties": false,
              "sosmeta": {
                "name": [
                  {
                    "lang": "fi",
                    "value": "Yhteystiedot"
                  },
                  {
                    "lang": "sv",
                    "value": "Kontaktuppgifter"
                  }
                ],
                "description": [
                  {
                    "lang": "fi",
                    "value": "-"
                  },
                  {
                    "lang": "sv",
                    "value": "-"
                  }
                ],
                "repeatable": false,
                "required": false,
                "conditionalRequired": false,
                "nationwideRecordedInformation": false,
                "hiddenField": false,
                "hiddenTitle": false,
                "rowNumber": 37
              },
              "required": [],
              "properties": {
                "osoite": {
                  "type": "array",
                  "minItems": 0,
                  "items": {
                    "type": "object",
                    "additionalProperties": false,
                    "sosmeta": {
                      "name": [
                        {
                          "lang": "fi",
                          "value": "Osoite"
                        },
                        {
                          "lang": "sv",
                          "value": "Adress"
                        }
                      ],
                      "description": [
                        {
                          "lang": "fi",
                          "value": "-"
                        },
                        {
                          "lang": "sv",
                          "value": "-"
                        }
                      ],
                      "repeatable": true,
                      "required": false,
                      "conditionalRequired": false,
                      "nationwideRecordedInformation": false,
                      "hiddenField": false,
                      "hiddenTitle": false,
                      "rowNumber": 38
                    },
                    "required": [],
                    "properties": {
                      "lahiosoite": {
                        "type": "string",
                        "sosmeta": {
                          "name": [
                            {
                              "lang": "fi",
                              "value": "Lähiosoite"
                            },
                            {
                              "lang": "sv",
                              "value": "Näradress"
                            }
                          ],
                          "description": [
                            {
                              "lang": "fi",
                              "value": "-"
                            },
                            {
                              "lang": "sv",
                              "value": "-"
                            }
                          ],
                          "example": [
                            {
                              "lang": "fi",
                              "value": "-"
                            },
                            {
                              "lang": "sv",
                              "value": "-"
                            }
                          ],
                          "representation": [
                            {
                              "lang": "fi",
                              "value": "Teksti"
                            },
                            {
                              "lang": "sv",
                              "value": "Text"
                            }
                          ],
                          "repeatable": false,
                          "required": false,
                          "conditionalRequired": false,
                          "nationwideRecordedInformation": false,
                          "hiddenField": false,
                          "hiddenTitle": false,
                          "rowNumber": 39
                        }
                      },
                      "postinumero": {
                        "type": "string",
                        "sosmeta": {
                          "name": [
                            {
                              "lang": "fi",
                              "value": "Postinumero"
                            },
                            {
                              "lang": "sv",
                              "value": "Postnummer"
                            }
                          ],
                          "description": [
                            {
                              "lang": "fi",
                              "value": "-"
                            },
                            {
                              "lang": "sv",
                              "value": "-"
                            }
                          ],
                          "example": [
                            {
                              "lang": "fi",
                              "value": "-"
                            },
                            {
                              "lang": "sv",
                              "value": "-"
                            }
                          ],
                          "representation": [
                            {
                              "lang": "fi",
                              "value": "Teksti"
                            },
                            {
                              "lang": "sv",
                              "value": "Text"
                            }
                          ],
                          "repeatable": false,
                          "required": false,
                          "conditionalRequired": false,
                          "nationwideRecordedInformation": false,
                          "hiddenField": false,
                          "hiddenTitle": false,
                          "rowNumber": 40
                        }
                      },
                      "postitoimipaikka": {
                        "type": "string",
                        "sosmeta": {
                          "name": [
                            {
                              "lang": "fi",
                              "value": "Postitoimipaikka"
                            },
                            {
                              "lang": "sv",
                              "value": "Postkontor"
                            }
                          ],
                          "description": [
                            {
                              "lang": "fi",
                              "value": "-"
                            },
                            {
                              "lang": "sv",
                              "value": "-"
                            }
                          ],
                          "example": [
                            {
                              "lang": "fi",
                              "value": "-"
                            },
                            {
                              "lang": "sv",
                              "value": "-"
                            }
                          ],
                          "representation": [
                            {
                              "lang": "fi",
                              "value": "Nimi"
                            },
                            {
                              "lang": "sv",
                              "value": "Namn"
                            }
                          ],
                          "repeatable": false,
                          "required": false,
                          "conditionalRequired": false,
                          "nationwideRecordedInformation": false,
                          "hiddenField": false,
                          "hiddenTitle": false,
                          "rowNumber": 41
                        }
                      }
                    }
                  }
                },
                "puhelinnumero": {
                  "type": "string",
                  "sosmeta": {
                    "name": [
                      {
                        "lang": "fi",
                        "value": "Puhelinnumero"
                      },
                      {
                        "lang": "sv",
                        "value": "Telefonnummer"
                      }
                    ],
                    "description": [
                      {
                        "lang": "fi",
                        "value": "-"
                      },
                      {
                        "lang": "sv",
                        "value": "-"
                      }
                    ],
                    "example": [
                      {
                        "lang": "fi",
                        "value": "-"
                      },
                      {
                        "lang": "sv",
                        "value": "-"
                      }
                    ],
                    "representation": [
                      {
                        "lang": "fi",
                        "value": "Teksti"
                      },
                      {
                        "lang": "sv",
                        "value": "Text"
                      }
                    ],
                    "repeatable": false,
                    "required": false,
                    "conditionalRequired": false,
                    "nationwideRecordedInformation": false,
                    "hiddenField": false,
                    "hiddenTitle": false,
                    "rowNumber": 42
                  }
                },
                "sahkopostiosoite": {
                  "type": "string",
                  "sosmeta": {
                    "name": [
                      {
                        "lang": "fi",
                        "value": "Sähköpostiosoite"
                      },
                      {
                        "lang": "sv",
                        "value": "E-postadress"
                      }
                    ],
                    "description": [
                      {
                        "lang": "fi",
                        "value": "-"
                      },
                      {
                        "lang": "sv",
                        "value": "-"
                      }
                    ],
                    "example": [
                      {
                        "lang": "fi",
                        "value": "-"
                      },
                      {
                        "lang": "sv",
                        "value": "-"
                      }
                    ],
                    "representation": [
                      {
                        "lang": "fi",
                        "value": "Teksti"
                      },
                      {
                        "lang": "sv",
                        "value": "Text"
                      }
                    ],
                    "repeatable": false,
                    "required": false,
                    "conditionalRequired": false,
                    "nationwideRecordedInformation": false,
                    "hiddenField": false,
                    "hiddenTitle": false,
                    "rowNumber": 43
                  }
                }
              }
            }
          }
        }
      }
    }
  }
}