{
  "$schema": "http://json-schema.org/draft-07/schema#",
  "title": "\u0027Sosiaalihuollon palvelutarpeen arvio\u0027 JSON schema",
  "type": "object",
  "additionalProperties": false,
  "sosmeta": {
    "title": "\u0027Sosiaalihuollon palvelutarpeen arvio\u0027 JSON schema",
    "status": "Valmis",
    "documentDefinitionVersion": "2023-09-28",
    "dataComponentLibraryVersion": "2023-09-27",
    "oid": "1.2.246.537.6.1506.1019.2023.9.28",
    "documentType": "Arvio",
    "documentAuthor": "Ammattihenkilö",
    "documentSubject": "Sosiaalihuollon  palvelutehtäville yhteiset asiakasasiakirjat"
  },
  "required": [
    "sosiaalihuollon_palvelutarpeen_arvio"
  ],
  "properties": {
    "sosiaalihuollon_palvelutarpeen_arvio": {
      "type": "object",
      "additionalProperties": false,
      "sosmeta": {
        "name": [
          {
            "lang": "fi",
            "value": "Sosiaalihuollon palvelutarpeen arvio"
          },
          {
            "lang": "sv",
            "value": "Bedömning av servicebehov inom socialvården"
          }
        ]
      },
      "required": [
        "asiakas",
        "laatija"
      ],
      "properties": {
        "asiakas": {
          "type": "array",
          "minItems": 1,
          "items": {
            "type": "object",
            "additionalProperties": false,
            "sosmeta": {
              "name": [
                {
                  "lang": "fi",
                  "value": "Asiakas"
                },
                {
                  "lang": "sv",
                  "value": "Klient"
                }
              ],
              "description": [
                {
                  "lang": "fi",
                  "value": "-"
                },
                {
                  "lang": "sv",
                  "value": "-"
                }
              ],
              "repeatable": true,
              "required": true,
              "conditionalRequired": false,
              "nationwideRecordedInformation": false,
              "hiddenField": false,
              "hiddenTitle": false,
              "rowNumber": 1
            },
            "required": [
              "sukunimi",
              "etunimet",
              "henkilotunnus"
            ],
            "properties": {
              "sukunimi": {
                "type": "string",
                "minLength": 1,
                "sosmeta": {
                  "name": [
                    {
                      "lang": "fi",
                      "value": "Sukunimi"
                    },
                    {
                      "lang": "sv",
                      "value": "Efternamn"
                    }
                  ],
                  "description": [
                    {
                      "lang": "fi",
                      "value": "-"
                    },
                    {
                      "lang": "sv",
                      "value": "-"
                    }
                  ],
                  "example": [
                    {
                      "lang": "fi",
                      "value": "-"
                    },
                    {
                      "lang": "sv",
                      "value": "-"
                    }
                  ],
                  "representation": [
                    {
                      "lang": "fi",
                      "value": "Nimi"
                    },
                    {
                      "lang": "sv",
                      "value": "Namn"
                    }
                  ],
                  "repeatable": false,
                  "required": true,
                  "conditionalRequired": false,
                  "nationwideRecordedInformation": false,
                  "hiddenField": false,
                  "hiddenTitle": false,
                  "rowNumber": 2
                }
              },
              "etunimet": {
                "type": "string",
                "minLength": 1,
                "sosmeta": {
                  "name": [
                    {
                      "lang": "fi",
                      "value": "Etunimet"
                    },
                    {
                      "lang": "sv",
                      "value": "Samtliga förnamn"
                    }
                  ],
                  "description": [
                    {
                      "lang": "fi",
                      "value": "-"
                    },
                    {
                      "lang": "sv",
                      "value": "-"
                    }
                  ],
                  "example": [
                    {
                      "lang": "fi",
                      "value": "-"
                    },
                    {
                      "lang": "sv",
                      "value": "-"
                    }
                  ],
                  "representation": [
                    {
                      "lang": "fi",
                      "value": "Nimi"
                    },
                    {
                      "lang": "sv",
                      "value": "Namn"
                    }
                  ],
                  "repeatable": false,
                  "required": true,
                  "conditionalRequired": false,
                  "nationwideRecordedInformation": false,
                  "hiddenField": false,
                  "hiddenTitle": false,
                  "rowNumber": 3
                }
              },
              "henkilotunnus": {
                "type": "object",
                "additionalProperties": false,
                "sosmeta": {
                  "name": [
                    {
                      "lang": "fi",
                      "value": "Henkilötunnus"
                    },
                    {
                      "lang": "sv",
                      "value": "Personbeteckning"
                    }
                  ],
                  "description": [
                    {
                      "lang": "fi",
                      "value": "-"
                    },
                    {
                      "lang": "sv",
                      "value": "-"
                    }
                  ],
                  "example": [
                    {
                      "lang": "fi",
                      "value": "-"
                    },
                    {
                      "lang": "sv",
                      "value": "-"
                    }
                  ],
                  "implementationNote": [
                    {
                      "lang": "fi",
                      "value": "Kenttä on pakollinen TK Yksityishenkilön määrityksestä poiketen."
                    },
                    {
                      "lang": "sv",
                      "value": "Kenttä on pakollinen TK Yksityishenkilön määrityksestä poiketen."
                    }
                  ],
                  "representation": [
                    {
                      "lang": "fi",
                      "value": "Tunnus"
                    },
                    {
                      "lang": "sv",
                      "value": "Identifierare"
                    }
                  ],
                  "systemUri": [
                    {
                      "lang": "",
                      "value": "urn:oid:1.2.246.21"
                    }
                  ],
                  "repeatable": false,
                  "required": true,
                  "conditionalRequired": false,
                  "nationwideRecordedInformation": false,
                  "hiddenField": false,
                  "hiddenTitle": false,
                  "rowNumber": 4
                },
                "required": [
                  "value"
                ],
                "properties": {
                  "system": {
                    "type": "string"
                  },
                  "value": {
                    "type": "string"
                  }
                }
              }
            }
          }
        },
        "palvelutehtava": {
          "type": "object",
          "additionalProperties": false,
          "sosmeta": {
            "name": [
              {
                "lang": "fi",
                "value": "Palvelutehtävä"
              },
              {
                "lang": "sv",
                "value": "Serviceuppgift"
              }
            ],
            "description": [
              {
                "lang": "fi",
                "value": "Kenttään kirjataan luokituksen avulla palvelutehtävä, johon asiakirja kuuluu."
              },
              {
                "lang": "sv",
                "value": "I fältet antecknas med hjälp av klassificeringen den serviceuppgift till vilken handlingen hör."
              }
            ],
            "classification": [
              {
                "lang": "fi",
                "value": "Koodistopalvelin: Sosiaalihuolto - Palvelutehtävä 1.2.246.537.6.1221"
              },
              {
                "lang": "sv",
                "value": "Kodtjänsten: Socialvård - Serviceuppgift 1.2.246.537.6.1221"
              }
            ],
            "classificationLink": [
              {
                "lang": "",
                "value": "https://koodistopalvelu.kanta.fi/codeserver/pages/classification-view-page.xhtml?classificationKey\u003d704\u0026versionKey\u003d2563"
              }
            ],
            "classificationOid": [
              {
                "lang": "",
                "value": "1.2.246.537.6.1221"
              }
            ],
            "representation": [
              {
                "lang": "fi",
                "value": "Koodi"
              },
              {
                "lang": "sv",
                "value": "Kod"
              }
            ],
            "repeatable": false,
            "required": false,
            "conditionalRequired": false,
            "nationwideRecordedInformation": true,
            "hiddenField": false,
            "hiddenTitle": false,
            "rowNumber": 5
          },
          "required": [
            "system",
            "code",
            "display"
          ],
          "properties": {
            "system": {
              "type": "string",
              "pattern": "^urn:oid:1\\.2\\.246\\.537\\.6\\.1221(\\.\\d+)*$"
            },
            "code": {
              "type": "string"
            },
            "display": {
              "type": "string"
            }
          }
        },
        "asian_vireilletuloa_koskevat_tiedot": {
          "type": "object",
          "additionalProperties": false,
          "sosmeta": {
            "name": [
              {
                "lang": "fi",
                "value": "Asian vireilletuloa koskevat tiedot"
              },
              {
                "lang": "sv",
                "value": "Information om inledning av ett ärende"
              }
            ],
            "representation": [
              {
                "lang": "fi",
                "value": "Otsikko"
              },
              {
                "lang": "sv",
                "value": "Rubrik"
              }
            ],
            "repeatable": false,
            "required": false,
            "conditionalRequired": false,
            "nationwideRecordedInformation": false,
            "hiddenField": false,
            "hiddenTitle": false,
            "rowNumber": 6
          },
          "required": [
            "vireilletulopaiva"
          ],
          "properties": {
            "vireilletulon_tapa": {
              "type": "object",
              "additionalProperties": false,
              "sosmeta": {
                "name": [
                  {
                    "lang": "fi",
                    "value": "Vireilletulon tapa"
                  },
                  {
                    "lang": "sv",
                    "value": "Metod för inledande"
                  }
                ],
                "description": [
                  {
                    "lang": "fi",
                    "value": "Kenttään kirjataan luokituksen avulla millä tavalla asiakkaan asia on tullut sosiaalihuollossa vireille. Asia on voinut tulla vireille esimerkiksi asiakkaan läheisen tekemästä ilmoituksesta."
                  },
                  {
                    "lang": "sv",
                    "value": "I fältet antecknas med hjälp av klassificeringen på vilket sätt klientens ärende har inletts inom socialvården. Ärendet kan ha inletts till exempel utifrån en anmälan som gjorts av en närstående."
                  }
                ],
                "classification": [
                  {
                    "lang": "fi",
                    "value": "Koodistopalvelin: Sosiaalihuolto - Sosiaalihuollon asian vireilletulon tapa 1.2.246.537.6.1242"
                  },
                  {
                    "lang": "sv",
                    "value": "Kodtjänsten: Socialvård - Sätt för inledande av socialvårdsärende 1.2.246.537.6.1242"
                  }
                ],
                "classificationLink": [
                  {
                    "lang": "",
                    "value": "https://koodistopalvelu.kanta.fi/codeserver/pages/classification-view-page.xhtml?classificationKey\u003d1144\u0026versionKey\u003d1284"
                  }
                ],
                "classificationOid": [
                  {
                    "lang": "",
                    "value": "1.2.246.537.6.1242"
                  }
                ],
                "representation": [
                  {
                    "lang": "fi",
                    "value": "Koodi"
                  },
                  {
                    "lang": "sv",
                    "value": "Kod"
                  }
                ],
                "repeatable": false,
                "required": false,
                "conditionalRequired": false,
                "nationwideRecordedInformation": true,
                "hiddenField": false,
                "hiddenTitle": false,
                "rowNumber": 7
              },
              "required": [
                "system",
                "code",
                "display"
              ],
              "properties": {
                "system": {
                  "type": "string",
                  "pattern": "^urn:oid:1\\.2\\.246\\.537\\.6\\.1242(\\.\\d+)*$"
                },
                "code": {
                  "type": "string"
                },
                "display": {
                  "type": "string"
                }
              }
            },
            "vireilletulon_syyt": {
              "type": "string",
              "sosmeta": {
                "name": [
                  {
                    "lang": "fi",
                    "value": "Vireilletulon syyt"
                  },
                  {
                    "lang": "sv",
                    "value": "Orsaker till inledning"
                  }
                ],
                "description": [
                  {
                    "lang": "fi",
                    "value": "Kenttään kirjataan syyt, joiden vuoksi asia on tullut sosiaalihuollossa vireille. Vireilletulon syynä on voinut olla esimerkiksi läheisen huoli asiakkaan asumisesta tai toimintakyvystä."
                  },
                  {
                    "lang": "sv",
                    "value": "I fältet antecknas de orsaker, som medfört att ärendet har inletts inom socialvården. Orsaken till att ärendet har inletts kan vara till exempel en närståendes oro över klientens boende eller funktionsförmåga."
                  }
                ],
                "representation": [
                  {
                    "lang": "fi",
                    "value": "Teksti"
                  },
                  {
                    "lang": "sv",
                    "value": "Text"
                  }
                ],
                "repeatable": false,
                "required": false,
                "conditionalRequired": false,
                "nationwideRecordedInformation": false,
                "hiddenField": false,
                "hiddenTitle": false,
                "rowNumber": 8
              }
            },
            "vireilletulopaiva": {
              "type": "string",
              "pattern": "^-?[0-9]{4}(-(0[1-9]|1[0-2])(-(0[0-9]|[1-2][0-9]|3[0-1]))?)?$",
              "sosmeta": {
                "name": [
                  {
                    "lang": "fi",
                    "value": "Vireilletulopäivä"
                  },
                  {
                    "lang": "sv",
                    "value": "Datum för inledande"
                  }
                ],
                "description": [
                  {
                    "lang": "fi",
                    "value": "Kenttään kirjataan päivämäärä, jolloin se asiakkaan asia, jonka johdosta palvelutarvetta arvioidaan, on tullut vireille sosiaalihuollossa. Vireilletulopäivä on esimerkiksi se päivä, kun sosiaalihuollossa on vastaanotettu asiakkaan tilanteesta tehty ilmoitus."
                  },
                  {
                    "lang": "sv",
                    "value": "I fältet antecknas det datum, då klientens ärende som förde till bedömning av servicebehovet inleddes inom socialvården. Datum för inledande är till exempel dagen då anmälan om klientens situation togs emot inom socialvården."
                  }
                ],
                "representation": [
                  {
                    "lang": "fi",
                    "value": "Pvm"
                  },
                  {
                    "lang": "sv",
                    "value": "Datum"
                  }
                ],
                "repeatable": false,
                "required": true,
                "conditionalRequired": false,
                "nationwideRecordedInformation": true,
                "hiddenField": false,
                "hiddenTitle": false,
                "rowNumber": 9
              }
            }
          }
        },
        "palvelutarpeen_arviointia_koskevat_tiedot": {
          "type": "object",
          "additionalProperties": false,
          "sosmeta": {
            "name": [
              {
                "lang": "fi",
                "value": "Palvelutarpeen arviointia koskevat tiedot"
              },
              {
                "lang": "sv",
                "value": "Uppgifter om bedömningen av servicebehovet"
              }
            ],
            "representation": [
              {
                "lang": "fi",
                "value": "Otsikko"
              },
              {
                "lang": "sv",
                "value": "Rubrik"
              }
            ],
            "repeatable": false,
            "required": false,
            "conditionalRequired": false,
            "nationwideRecordedInformation": false,
            "hiddenField": false,
            "hiddenTitle": false,
            "rowNumber": 10
          },
          "required": [
            "palvelutarpeen_arvioinnin_aloittamispaiva",
            "asiakkaalla_on_oikeus_erityiseen_tukeen"
          ],
          "properties": {
            "palvelutarpeen_arvioinnin_aloittamispaiva": {
              "type": "string",
              "pattern": "^-?[0-9]{4}(-(0[1-9]|1[0-2])(-(0[0-9]|[1-2][0-9]|3[0-1]))?)?$",
              "sosmeta": {
                "name": [
                  {
                    "lang": "fi",
                    "value": "Palvelutarpeen arvioinnin aloittamispäivä"
                  },
                  {
                    "lang": "sv",
                    "value": "Inledningsdatum för bedömning av servicebehovet"
                  }
                ],
                "description": [
                  {
                    "lang": "fi",
                    "value": "Kenttään kirjataan päivämäärä, jolloin palvelutarpeen arvointi on aloitettu. Sosiaalihuoltolain 36 §:n mukaan palvelutarpeen arviointi on aloitettava viipymättä ja saatettava loppuun ilman aiheetonta viivytystä. Arvioinnin tekeminen on aloitettava viimeistään seitsemäntenä arkipäivänä vireilletulosta, jos asiakas on yli 75-vuotias tai jos hän saa ylintä hoitotukea. Erityistä tukea tarvitsevan lapsen palvelutarpeen arviointi on aloitettava viimeistään seitsemäntenä arkipäivänä asian vireille tulosta ja arvioinnin on valmistuttava viimeistään kolmen kuukauden kuluessa vireille tulosta."
                  },
                  {
                    "lang": "sv",
                    "value": "I fältet antecknas datumet då bedömningen av servicebehovet inleddes. Enligt 36 § i socialvårdslagen ska bedömningen av servicebehovet påbörjas utan dröjsmål och slutföras utan ogrundat dröjsmål. Bedömningen ska påbörjas senast den sjunde vardagen efter att ärendet har inletts om klienten är över 75 år eller om klienten får vårdbidrag med högsta belopp. Bedömningen av hurdant servicebehov ett barn som behöver särskilt stöd har ska inledas senast den sjunde vardagen efter det att ärendet har inletts, och bedömningen ska bli klar senast tre månader från inledningen."
                  }
                ],
                "representation": [
                  {
                    "lang": "fi",
                    "value": "Pvm"
                  },
                  {
                    "lang": "sv",
                    "value": "Datum"
                  }
                ],
                "repeatable": false,
                "required": true,
                "conditionalRequired": false,
                "nationwideRecordedInformation": true,
                "hiddenField": false,
                "hiddenTitle": false,
                "rowNumber": 11
              }
            },
            "kuvaus_arvioinnin_toteuttamisesta": {
              "type": "string",
              "sosmeta": {
                "name": [
                  {
                    "lang": "fi",
                    "value": "Kuvaus arvioinnin toteuttamisesta"
                  },
                  {
                    "lang": "sv",
                    "value": "Beskrivning av genomförandet av bedömningen"
                  }
                ],
                "description": [
                  {
                    "lang": "fi",
                    "value": "Kenttään kuvataan miten palvelutarvetta on arvioitu (esimerkiksi pyydettyjä lausuntoja, tehtyjä selvityksiä, asiakkaan kanssa käytyjä keskusteluja, asiakkaan luo tehtyjä kotikäyntejä, käytettyjä menetelmiä ja mittareita), keitä arviointiin on osallistunut (nimet ja tarvittaessa muut tiedot, kuten tehtävänimikkeet) ja ketkä ovat jääneet arvioinnista pois osallistumispyynnöstä huolimatta. Viimeksi mainittu koskee erityisesti viranomaistahoja, koska sosiaalihuoltolain 41 §:n mukaan sosiaalihuollon viranomaisen on huolehdittava siitä, että käytettävissä on henkilön yksilöllisiin tarpeisiin nähden riittävästi asiantuntemusta ja osaamista, ja tilanteissa, joissa henkilön tarpeiden arviointi ja niihin vastaaminen edellyttävät sosiaalitoimen tai muiden viranomaisten palveluja tai tukitoimia, on näiden tahojen osallistuttava toimenpiteestä vastaavan työntekijän pyynnöstä henkilön palvelutarpeen arvioinnin tekemiseen. Kenttään kuitenkin voidaan kirjata tarvittaessa myös ne yksityishenkilöt, jotka eivät osallistuneet palvelutarpeen arviointiin pyynnöstä huolimatta.\nKenttään voidaan tarvittaessa myös kirjata, onko arvioinnissa hyödynnetty aikaisemmin tehtyjä arviointeja."
                  },
                  {
                    "lang": "sv",
                    "value": "I fältet beskriver man hur servicebehovet har bedömts (till exempel utlåtanden som har begärts, utredningar som har gjorts, diskussioner som har förts med klienten, hembesök hos klienten, metoder och mätare som använts), vem som har deltagit i bedömningen (namnen och vid behov andra uppgifter, såsom befattningsbenämning) och vem som inte har deltagit i bedömningen trots förfrågan om deltagande. Det sist nämnda gäller i synnerhet myndighetsaktörer, eftersom myndigheten inom socialvården i enlighet med 41 § i socialvårdslagen ska se till att tillräcklig sakkunskap och kompetens med hänsyn till en persons individuella behov finns att tillgå. Om bedömningen av personens behov och uppfyllandet av dem kräver service eller stödåtgärder av socialväsendet eller övriga myndigheter, ska dessa på begäran av den arbetstagare som ansvarar för åtgärden delta i bedömningen av personens servicebehov. I fältet kan man dock vid behov också anteckna de privatpersoner som trots begäran inte har deltagit i bedömningen av servicebehovet. I fältet kan man vid behov också anteckna om tidigare bedömningar har utnyttjats för bedömningen."
                  }
                ],
                "representation": [
                  {
                    "lang": "fi",
                    "value": "Teksti"
                  },
                  {
                    "lang": "sv",
                    "value": "Text"
                  }
                ],
                "repeatable": false,
                "required": false,
                "conditionalRequired": false,
                "nationwideRecordedInformation": false,
                "hiddenField": false,
                "hiddenTitle": false,
                "rowNumber": 12
              }
            },
            "asiakkaalla_on_oikeus_erityiseen_tukeen": {
              "type": "boolean",
              "sosmeta": {
                "name": [
                  {
                    "lang": "fi",
                    "value": "Asiakkaalla on oikeus erityiseen tukeen"
                  },
                  {
                    "lang": "sv",
                    "value": "Klienten har rätt till särskilt stöd"
                  }
                ],
                "description": [
                  {
                    "lang": "fi",
                    "value": "Kenttään kirjataan, onko asiakkaalla oikeus erityiseen tukeen sosiaalihuoltolain 3 §:n perusteella. Jos asiakirja laaditaan esim. pariskunnalle yhteiseksi, tähän vastataan \"kyllä\", jos ainakin toisella asiakaista on oikeus erityiseen tukeen.\n\nErityistä tukea tarvitseva henkilö on henkilö, jolla on erityisiä vaikeuksia hakea ja saada tarvitsemiaan sosiaali- ja terveyspalveluja kognitiivisen tai psyykkisen vamman tai sairauden, päihteiden ongelmakäytön, usean yhtäaikaisen tuen tarpeen tai muun vastaavan syyn vuoksi ja jonka tuen tarve ei liity korkeaan ikään (SHL 3 §). \n\nErityistä tukea tarvitseva lapsi on lapsi, jonka kasvuolosuhteet vaarantavat tai eivät turvaa lapsen terveyttä tai kehitystä tai joka itse käyttäytymisellään vaarantaa terveyttään tai kehitystään tai joka on erityisen tuen tarpeessa samoista syistä kuin edellä mainittu erityistä tukea tarvitseva henkilö. \n\nJos tähän vastataan \"kyllä\",  eli asiakkaalla on erityisen tuen tarve, palvelutarpeen arvioinnista vastaa virkasuhteessa oleva sosiaalityöntekijä (SHL 36 §)."
                  },
                  {
                    "lang": "sv",
                    "value": "I fältet antecknas, om klienten har rätt till särskilt stöd enligt 3 § i socialvårdslagen. Om man till exempel upprättar en gemensam handling för ett par, är svaret här ”ja”, om åtminstone den ena av klienterna har rätt till särskilt stöd.\n\nEn person som behöver särskilt stöd är en person som har särskilda svårigheter att söka och få behövliga socialtjänster och hälso- och sjukvårdstjänster på grund av kognitiv eller psykisk funktionsnedsättning eller sjukdom, missbruk av berusningsmedel, samtidigt behov av flera stöd eller på grund av någon annan motsvarande orsak och vars stödbehov inte är förknippat med hög ålder (3 § i socialvårdslagen). \n\nEtt barn som behöver särskilt stöd är ett barn vars uppväxtförhållanden äventyrar eller inte tryggar barnets hälsa eller utveckling eller som genom sitt beteende äventyrar sin hälsa eller utveckling eller som på grund av samma orsaker behöver särskilt stöd som de som nämns ovan för personer som behöver särskilt stöd. \n\nOm svaret är ”ja” här, dvs. klienten har behov av särskilt stöd, svarar en socialarbetare i tjänsteförhållande för bedömningen av servicebehovet (36 § i socialvårdslagen)."
                  }
                ],
                "representation": [
                  {
                    "lang": "fi",
                    "value": "Kytkin"
                  },
                  {
                    "lang": "sv",
                    "value": "Brytare"
                  }
                ],
                "repeatable": false,
                "required": true,
                "conditionalRequired": false,
                "nationwideRecordedInformation": true,
                "hiddenField": false,
                "hiddenTitle": false,
                "rowNumber": 13
              }
            },
            "erityisen_tuen_perustelut": {
              "type": "string",
              "sosmeta": {
                "name": [
                  {
                    "lang": "fi",
                    "value": "Erityisen tuen perustelut"
                  },
                  {
                    "lang": "sv",
                    "value": "Motiveringar till särskilt stöd"
                  }
                ],
                "description": [
                  {
                    "lang": "fi",
                    "value": "Kenttään kirjataan, minkä asioiden perusteella asiakkaalla on katsottu olevan oikeus erityiseen tukeen. Jos asiakirja laaditaan esim. pariskunnan yhteiseksi, tähän kenttään voidaan selventää sitä, kummalla asiakkaista on oikeus erityiseen tukeen."
                  },
                  {
                    "lang": "sv",
                    "value": "I fältet antecknas, med anledning av vilka omständigheter klienten har ansetts ha rätt till särskilt stöd. Om man till exempel upprättar en gemensam handling för ett par, kan man i detta fält förklara vilken av klienterna som har rätt till särskilt stöd."
                  }
                ],
                "representation": [
                  {
                    "lang": "fi",
                    "value": "Teksti"
                  },
                  {
                    "lang": "sv",
                    "value": "Text"
                  }
                ],
                "repeatable": false,
                "required": false,
                "conditionalRequired": false,
                "nationwideRecordedInformation": false,
                "hiddenField": false,
                "hiddenTitle": false,
                "rowNumber": 14
              }
            }
          }
        },
        "kuvaus_asiakkaan_tilanteesta": {
          "type": "string",
          "sosmeta": {
            "name": [
              {
                "lang": "fi",
                "value": "Kuvaus asiakkaan tilanteesta"
              },
              {
                "lang": "sv",
                "value": "Beskrivning av klientens situation"
              }
            ],
            "representation": [
              {
                "lang": "fi",
                "value": "Teksti"
              },
              {
                "lang": "sv",
                "value": "Text"
              }
            ],
            "repeatable": false,
            "required": false,
            "conditionalRequired": false,
            "nationwideRecordedInformation": false,
            "hiddenField": false,
            "hiddenTitle": false,
            "rowNumber": 15
          }
        },
        "asiakkaan_elamantilanne": {
          "type": "array",
          "minItems": 0,
          "items": {
            "type": "object",
            "additionalProperties": false,
            "sosmeta": {
              "name": [
                {
                  "lang": "fi",
                  "value": "Asiakkaan elämäntilanne"
                },
                {
                  "lang": "sv",
                  "value": "Klientens livssituation"
                }
              ],
              "description": [
                {
                  "lang": "fi",
                  "value": "Tätä tietokokonaisuutta käytetään niin, että luokituksesta valitaan yksitellen ne luokat, jotka ovat oleellisia asiakkaan tilanteessa, ja tekstikenttään kuvataan valittuun luokkaan liittyviä asioita tarkemmin. Esimerkiksi luokituksesta valitaan luokka \"Asumiseen liittyvä tuen tarve\", ja tekstikenttään kirjataan asumiseen liittyviä oleellisia asioita, kuten tietoja asumistilanteesta, asunnosta, asuinympäristöstä, ja arvioidaan sitä, onko asiakkaalla asumiseen liittyvää tuen tarvetta, millaista, mistä se on lähtöisin ja mihin se tarkemmin liittyy. Jokaisen valitun luokan jälkeen täytetään tekstikenttä kaikista erikseen."
                },
                {
                  "lang": "sv",
                  "value": "Denna informationshelhet används så, att man separat väljer de klasser i klassificeringen, som är väsentliga med tanke på klientens situation, och i textfältet beskriver man noggrannare de omständigheter som anknyter till den valda klassen. Till exempel man väljer klassen ”Stödbehov för boende” i klassificeringen, och i textfältet antecknar man väsentliga omständigheter relaterade till boendet, såsom uppgifter om boendesituationen, bostaden, boendemiljön, och bedömer om klienten är i behov av stöd gällande boendet, vad det beror på och vad det mer exakt är relaterat till. Efter varje vald klass fyller man i textfältet separat för varje klass."
                }
              ],
              "repeatable": true,
              "required": false,
              "conditionalRequired": false,
              "nationwideRecordedInformation": false,
              "hiddenField": false,
              "hiddenTitle": false,
              "rowNumber": 16
            },
            "required": [],
            "properties": {
              "kuvattava_osa_alue": {
                "type": "object",
                "additionalProperties": false,
                "sosmeta": {
                  "name": [
                    {
                      "lang": "fi",
                      "value": "Kuvattava osa-alue"
                    },
                    {
                      "lang": "sv",
                      "value": "Delområde som beskrivs"
                    }
                  ],
                  "description": [
                    {
                      "lang": "fi",
                      "value": "Luokituksesta valitaan erityisesti ne osa-alueet, joihin asiakkaalla voi liittyä tuen tarpeita."
                    },
                    {
                      "lang": "sv",
                      "value": "I klassificeringen väljs särskilt de delområden, där klienten kan ha behov av stöd."
                    }
                  ],
                  "classification": [
                    {
                      "lang": "fi",
                      "value": "Koodistopalvelin: Sosiaalihuolto - Tuen tarve 1.2.246.537.6.1282"
                    },
                    {
                      "lang": "sv",
                      "value": "Kodtjänsten: Socialvård - Stödbehov 1.2.246.537.6.1282"
                    }
                  ],
                  "classificationLink": [
                    {
                      "lang": "",
                      "value": "https://koodistopalvelu.kanta.fi/codeserver/pages/classification-view-page.xhtml?classificationKey\u003d3043\u0026versionKey\u003d3403"
                    }
                  ],
                  "classificationOid": [
                    {
                      "lang": "",
                      "value": "1.2.246.537.6.1282"
                    }
                  ],
                  "valueSet": [
                    {
                      "lang": "fi",
                      "value": "1 \u003d Jokapäiväisestä elämästä selviytymiseen liittyvä tuen tarve, 2 \u003d Asumiseen liittyvä tuen tarve, 3 \u003d Taloudellisen tuen tarve, 4 \u003d Osallisuuteen ja syrjäytymiseen liittyvä tuen tarve, 5 \u003d Lähisuhde- ja perheväkivallasta tai kaltoinkohtelusta aiheutuva tuen tarve, 6 \u003d Äkilliseen kriisitilanteeseen liittyvä tuen tarve, 7 \u003d Lapsen tasapainoiseen kehitykseen ja hyvinvointiin liittyvä tuen tarve, 8 \u003d Päihteiden ongelmakäytöstä aiheutuva tuen tarve, 9 \u003d Mielenterveyden ongelmista aiheutuva tuen tarve, 10 \u003d Toimintakyvyn heikentymisestä aiheutuva tuen tarve, 11 \u003d Omaisen tai läheisen tuen tarve, 99 \u003d Muu tuen tarve"
                    },
                    {
                      "lang": "sv",
                      "value": "1 \u003d Stödbehov för att klara sitt vardagsliv, 2 \u003d Stödbehov för boende, 3 \u003d Behov av ekonomiskt stöd, 4 \u003d Stödbehov relaterat till delaktighet eller marginalisering, 5 \u003d Stödbehov till följd av våld i nära relationer och inom familjen eller illabehandling, 6 \u003d Stödbehov relaterat till en akut krissituation, 7 \u003d Stödbehov relaterat till en harmonisk utveckling och välbefinnande hos barn, 8 \u003d Stödbehov på grund av drogmissbruk, 9 \u003d Stödbehov på grund av problem med den psykiska hälsan, 10 \u003d Stödbehov på grund av nedsatt funktionsförmåga, 11 \u003d Stödbehov hos en anhörig eller närstående, 99 \u003d Annat stödbehov"
                    }
                  ],
                  "representation": [
                    {
                      "lang": "fi",
                      "value": "Koodi"
                    },
                    {
                      "lang": "sv",
                      "value": "Kod"
                    }
                  ],
                  "repeatable": false,
                  "required": false,
                  "conditionalRequired": false,
                  "nationwideRecordedInformation": true,
                  "hiddenField": false,
                  "hiddenTitle": false,
                  "acceptedValues": [
                    {
                      "lang": "",
                      "value": "1"
                    },
                    {
                      "lang": "",
                      "value": "2"
                    },
                    {
                      "lang": "",
                      "value": "3"
                    },
                    {
                      "lang": "",
                      "value": "4"
                    },
                    {
                      "lang": "",
                      "value": "5"
                    },
                    {
                      "lang": "",
                      "value": "6"
                    },
                    {
                      "lang": "",
                      "value": "7"
                    },
                    {
                      "lang": "",
                      "value": "8"
                    },
                    {
                      "lang": "",
                      "value": "9"
                    },
                    {
                      "lang": "",
                      "value": "10"
                    },
                    {
                      "lang": "",
                      "value": "11"
                    },
                    {
                      "lang": "",
                      "value": "99"
                    }
                  ],
                  "rowNumber": 17
                },
                "required": [
                  "system",
                  "code",
                  "display"
                ],
                "properties": {
                  "system": {
                    "type": "string",
                    "pattern": "^urn:oid:1\\.2\\.246\\.537\\.6\\.1282(\\.\\d+)*$"
                  },
                  "code": {
                    "type": "string",
                    "enum": [
                      "1",
                      "2",
                      "3",
                      "4",
                      "5",
                      "6",
                      "7",
                      "8",
                      "9",
                      "10",
                      "11",
                      "99"
                    ]
                  },
                  "display": {
                    "type": "string"
                  }
                }
              },
              "kuvaus": {
                "type": "string",
                "sosmeta": {
                  "name": [
                    {
                      "lang": "fi",
                      "value": "Kuvaus"
                    },
                    {
                      "lang": "sv",
                      "value": "Beskrivning"
                    }
                  ],
                  "description": [
                    {
                      "lang": "fi",
                      "value": "Kenttään kuvataan asiakkaan elämäntilannetta edelliseen kenttään valitun osa-alueen kautta."
                    },
                    {
                      "lang": "sv",
                      "value": "I fältet beskriver man klientens livssituation via det delområde som har valts i föregående fält."
                    }
                  ],
                  "representation": [
                    {
                      "lang": "fi",
                      "value": "Teksti"
                    },
                    {
                      "lang": "sv",
                      "value": "Text"
                    }
                  ],
                  "repeatable": false,
                  "required": false,
                  "conditionalRequired": false,
                  "nationwideRecordedInformation": false,
                  "hiddenField": false,
                  "hiddenTitle": false,
                  "rowNumber": 18
                }
              }
            }
          }
        },
        "vahvuudet_ja_voimavarat": {
          "type": "string",
          "sosmeta": {
            "name": [
              {
                "lang": "fi",
                "value": "Vahvuudet ja voimavarat"
              },
              {
                "lang": "sv",
                "value": "Styrkor och resurser"
              }
            ],
            "description": [
              {
                "lang": "fi",
                "value": "Kenttään kuvataan asiakkaan vahvuuksia ja voimavaroja."
              },
              {
                "lang": "sv",
                "value": "I fältet beskrivs klientens eller klienternas styrkor och resurser."
              }
            ],
            "representation": [
              {
                "lang": "fi",
                "value": "Teksti"
              },
              {
                "lang": "sv",
                "value": "Text"
              }
            ],
            "repeatable": false,
            "required": false,
            "conditionalRequired": false,
            "nationwideRecordedInformation": false,
            "hiddenField": false,
            "hiddenTitle": false,
            "rowNumber": 19
          }
        },
        "laheisverkoston_kartoittaminen": {
          "type": "object",
          "additionalProperties": false,
          "sosmeta": {
            "name": [
              {
                "lang": "fi",
                "value": "Läheisverkoston kartoittaminen"
              },
              {
                "lang": "sv",
                "value": "Kartläggning av närståendenätverk"
              }
            ],
            "description": [
              {
                "lang": "fi",
                "value": "Tähän kirjataan tiedot läheisverkoston kartoittamisesta. Läheisverkoston kartoittamisella tarkoitetaan sen selvittämistä, miten omaiset tai muut asiakkaalle läheiset henkilöt osallistuvat asiakkaan tukemiseen. Läheisverkoston kartoittaminen toteutetaan sosiaalihuoltolain 43 §:n mukaisesti palvelutarpeen arvioinnin yhteydessä. Nimi- ja yhteystiedot asiakkaan omaisista ja läheisistä (esim. yhteystiedot) kirjataan asiakkaan asiakkuusasiakirjaan."
              },
              {
                "lang": "sv",
                "value": "Här antecknas uppgifter om kartläggningen av närståendenätverket. Med en kartläggning av närståendenätverket avses en utredning av på vilket sätt anhöriga eller andra personer som står klienten nära deltar i att stöda klienten. Kartläggningen av närståendenätverket görs i enlighet med 43 § i socialvårdslagen i samband med att servicebehovet bedöms. Namn och kontaktuppgifter för klientens anhöriga och närstående (t.ex. kontaktuppgifter) antecknas i klientens klientrelationshandling."
              }
            ],
            "repeatable": false,
            "required": false,
            "conditionalRequired": false,
            "nationwideRecordedInformation": false,
            "hiddenField": false,
            "hiddenTitle": false,
            "rowNumber": 20
          },
          "required": [],
          "properties": {
            "laheisverkoston_antama_tuki": {
              "type": "string",
              "sosmeta": {
                "name": [
                  {
                    "lang": "fi",
                    "value": "Läheisverkoston antama tuki"
                  },
                  {
                    "lang": "sv",
                    "value": "Stöd som ges av närståendenätverket"
                  }
                ],
                "description": [
                  {
                    "lang": "fi",
                    "value": "Kenttään kirjataan läheisverkostoon kuuluvat omaiset ja muut asiakkaalle läheiset henkilöt ja se, kuinka he osallistuvat asiakkaan tukemiseen."
                  },
                  {
                    "lang": "sv",
                    "value": "I fältet antecknas de anhöriga och andra personer som står klienten nära och som hör till närståendenätverket samt på vilket sätt de stöder klienten."
                  }
                ],
                "example": [
                  {
                    "lang": "fi",
                    "value": "-"
                  },
                  {
                    "lang": "sv",
                    "value": "-"
                  }
                ],
                "representation": [
                  {
                    "lang": "fi",
                    "value": "Teksti"
                  },
                  {
                    "lang": "sv",
                    "value": "Text"
                  }
                ],
                "repeatable": false,
                "required": false,
                "conditionalRequired": false,
                "nationwideRecordedInformation": false,
                "hiddenField": false,
                "hiddenTitle": false,
                "rowNumber": 21
              }
            },
            "laheisen_tuen_tarve_on_selvitetty": {
              "type": "boolean",
              "sosmeta": {
                "name": [
                  {
                    "lang": "fi",
                    "value": "Läheisen tuen tarve on selvitetty"
                  },
                  {
                    "lang": "sv",
                    "value": "De närståendes stödbehov har utretts"
                  }
                ],
                "description": [
                  {
                    "lang": "fi",
                    "value": "Kenttään kirjataan, onko asiakkaan omaisen tai läheisen mahdollinen oma tuen tarve selvitetty läheisverkoston kartoittamisen yhteydessä. Myös muiden läheisten, erityisesti asiakkaan lasten, tuen tarve on tarvittaessa selvitettävä (sosiaalihuoltolaki 43 §). Kenttään kirjataan vain tieto siitä, onko asia huomioitu, ja mahdolliset tarkemmat tiedot kirjataan läheisen omiin asiakastietoihin."
                  },
                  {
                    "lang": "sv",
                    "value": "I fältet antecknas om det i samband med kartläggningen av närståendenätverket har utretts ifall någon anhörig eller närstående till klienten själv behöver stöd. Vid behov ska även stödbehovet hos andra närstående, särskilt klientens barn, utredas (43 § i socialvårdslagen). I fältet antecknas endast information om huruvida frågan har beaktats, och eventuella noggrannare uppgifter antecknas i den närståendes egna klientuppgifter."
                  }
                ],
                "example": [
                  {
                    "lang": "fi",
                    "value": "kyllä"
                  },
                  {
                    "lang": "sv",
                    "value": "Ja"
                  }
                ],
                "representation": [
                  {
                    "lang": "fi",
                    "value": "Kytkin"
                  },
                  {
                    "lang": "sv",
                    "value": "Brytare"
                  }
                ],
                "repeatable": false,
                "required": false,
                "conditionalRequired": false,
                "nationwideRecordedInformation": true,
                "hiddenField": false,
                "hiddenTitle": false,
                "rowNumber": 22
              }
            }
          }
        },
        "aikaisemmat_ja_nykyiset_palvelut": {
          "type": "string",
          "sosmeta": {
            "name": [
              {
                "lang": "fi",
                "value": "Aikaisemmat ja nykyiset palvelut"
              },
              {
                "lang": "sv",
                "value": "Tidigare och nuvarande tjänster"
              }
            ],
            "description": [
              {
                "lang": "fi",
                "value": "Kenttään kirjataan tiedot palvelutarpeen arvioinnin kannalta merkittävistä asiakkaan aikaisemmista ja nykyisistä sosiaalihuollon palveluista ja muista mahdollisista palveluista. Tiedot aikaisemmista palveluista kirjataan vain siinä tapauksessa, että ne ovat merkityksellisiä ja tarpeellisia tietoja palvelutarpeen arvioinnin ja asiakkaan asian näkökulmasta."
              },
              {
                "lang": "sv",
                "value": "I fältet antecknas uppgifter om klientens tidigare och nuvarande tjänster inom socialvården och eventuella andra tjänster som är betydelsefulla med avseende på bedömningen av servicebehovet. Uppgifter om tidigare tjänster antecknas endast ifall de är väsentliga och nödvändiga uppgifter med tanke på bedömningen av servicebehovet och klientens ärende."
              }
            ],
            "representation": [
              {
                "lang": "fi",
                "value": "Teksti"
              },
              {
                "lang": "sv",
                "value": "Text"
              }
            ],
            "repeatable": false,
            "required": false,
            "conditionalRequired": false,
            "nationwideRecordedInformation": false,
            "hiddenField": false,
            "hiddenTitle": false,
            "rowNumber": 23
          }
        },
        "johtopaatokset_ja_jatkotoimet": {
          "type": "object",
          "additionalProperties": false,
          "sosmeta": {
            "name": [
              {
                "lang": "fi",
                "value": "Johtopäätökset ja jatkotoimet"
              },
              {
                "lang": "sv",
                "value": "Slutsatser och fortsatta åtgärder"
              }
            ],
            "representation": [
              {
                "lang": "fi",
                "value": "Otsikko"
              },
              {
                "lang": "sv",
                "value": "Rubrik"
              }
            ],
            "repeatable": false,
            "required": false,
            "conditionalRequired": false,
            "nationwideRecordedInformation": false,
            "hiddenField": false,
            "hiddenTitle": false,
            "rowNumber": 24
          },
          "required": [
            "asiakkuus_jatkuu_palvelutarpeen_arvioinnin_jalkeen",
            "ammattihenkilon_johtopaatokset",
            "asiakas_tarvitsee_omatyontekijan"
          ],
          "properties": {
            "asiakkaan_arvio_tuen_ja_palvelujen_tarpeestaan": {
              "type": "string",
              "sosmeta": {
                "name": [
                  {
                    "lang": "fi",
                    "value": "Asiakkaan arvio tuen ja palvelujen tarpeestaan"
                  },
                  {
                    "lang": "sv",
                    "value": "Klientens bedömning av behovet av stöd och service"
                  }
                ],
                "description": [
                  {
                    "lang": "fi",
                    "value": "Kenttään kirjataan asiakkaan mielipide ja näkemys tuen ja palvelujen tarpeesta sosiaalihuoltolain 37 §:n mukaisesti."
                  },
                  {
                    "lang": "sv",
                    "value": "I fältet antecknas klientens åsikt om och syn på behovet av stöd och service i enlighet med 37 § i socialvårdslagen."
                  }
                ],
                "representation": [
                  {
                    "lang": "fi",
                    "value": "Teksti"
                  },
                  {
                    "lang": "sv",
                    "value": "Text"
                  }
                ],
                "repeatable": false,
                "required": false,
                "conditionalRequired": false,
                "nationwideRecordedInformation": false,
                "hiddenField": false,
                "hiddenTitle": false,
                "rowNumber": 25
              }
            },
            "muiden_henkiloiden_arvio_tuen_ja_palvelujen_tarpeesta": {
              "type": "string",
              "sosmeta": {
                "name": [
                  {
                    "lang": "fi",
                    "value": "Muiden henkilöiden arvio tuen ja palvelujen tarpeesta"
                  },
                  {
                    "lang": "sv",
                    "value": "Andra personers bedömning av behovet av stöd och service"
                  }
                ],
                "description": [
                  {
                    "lang": "fi",
                    "value": "Kenttään kirjataan asiakkaan laillisen edustajan, omaisen, läheisen tai muun henkilön käsitys asiakkaan tai asiakkaiden tuen ja palvelujen tarpeesta sosiaalihuollon asiakasasiakirjoista annetun lain 16 §:n mukaisesti. Kenttään voidaan kirjata myös palvelutarpeen arvioinnissa mukana olleiden ammattihenkilöiden näkemykset asiakkaan tai asiakkaiden tuen ja palvelujen tarpeesta."
                  },
                  {
                    "lang": "sv",
                    "value": "I fältet antecknas i enlighet med 16 § i lagen om klienthandlingar inom socialvården vilken uppfattning klientens lagliga företrädare, en anhörig, närstående eller någon annan person har om klientens behov av stöd och service. I fältet kan man också anteckna åsikter hos de yrkesutbildade personer som har deltagit i bedömningen av servicebehovet om klientens behov av stöd och tjänster."
                  }
                ],
                "representation": [
                  {
                    "lang": "fi",
                    "value": "Teksti"
                  },
                  {
                    "lang": "sv",
                    "value": "Text"
                  }
                ],
                "repeatable": false,
                "required": false,
                "conditionalRequired": false,
                "nationwideRecordedInformation": false,
                "hiddenField": false,
                "hiddenTitle": false,
                "rowNumber": 26
              }
            },
            "ammattihenkilon_arvio_tuen_tarpeesta": {
              "type": "array",
              "minItems": 0,
              "items": {
                "type": "object",
                "additionalProperties": false,
                "sosmeta": {
                  "name": [
                    {
                      "lang": "fi",
                      "value": "Ammattihenkilön arvio tuen tarpeesta"
                    },
                    {
                      "lang": "sv",
                      "value": "En yrkesutbildad persons bedömning av stödbehovet"
                    }
                  ],
                  "description": [
                    {
                      "lang": "fi",
                      "value": "Kenttään kirjataan luokituksen avulla ammattihenkilön arvio asiakkaan tuen tarpeesta."
                    },
                    {
                      "lang": "sv",
                      "value": "I fältet antecknas en yrkesutbildad persons bedömning av klientens stödbehov med hjälp av klassificeringen."
                    }
                  ],
                  "classification": [
                    {
                      "lang": "fi",
                      "value": "Koodistopalvelin: Sosiaalihuolto - Tuen tarve 1.2.246.537.6.1282"
                    },
                    {
                      "lang": "sv",
                      "value": "Kodtjänsten: Socialvård - Stödbehov 1.2.246.537.6.1282"
                    }
                  ],
                  "classificationLink": [
                    {
                      "lang": "",
                      "value": "https://koodistopalvelu.kanta.fi/codeserver/pages/classification-view-page.xhtml?classificationKey\u003d3043\u0026versionKey\u003d3403"
                    }
                  ],
                  "classificationOid": [
                    {
                      "lang": "",
                      "value": "1.2.246.537.6.1282"
                    }
                  ],
                  "representation": [
                    {
                      "lang": "fi",
                      "value": "Koodi"
                    },
                    {
                      "lang": "sv",
                      "value": "Kod"
                    }
                  ],
                  "repeatable": true,
                  "required": false,
                  "conditionalRequired": false,
                  "nationwideRecordedInformation": true,
                  "hiddenField": false,
                  "hiddenTitle": false,
                  "rowNumber": 27
                },
                "required": [
                  "system",
                  "code",
                  "display"
                ],
                "properties": {
                  "system": {
                    "type": "string",
                    "pattern": "^urn:oid:1\\.2\\.246\\.537\\.6\\.1282(\\.\\d+)*$"
                  },
                  "code": {
                    "type": "string"
                  },
                  "display": {
                    "type": "string"
                  }
                }
              }
            },
            "asiakkuus_jatkuu_palvelutarpeen_arvioinnin_jalkeen": {
              "type": "boolean",
              "sosmeta": {
                "name": [
                  {
                    "lang": "fi",
                    "value": "Asiakkuus jatkuu palvelutarpeen arvioinnin jälkeen"
                  },
                  {
                    "lang": "sv",
                    "value": "Klientrelationen fortsätter efter bedömningen av servicebehovet"
                  }
                ],
                "description": [
                  {
                    "lang": "fi",
                    "value": "Kenttään kirjataan \"kyllä\", jos asiakkuus jatkuu palvelutarpeen arvioinnin jälkeen. Kenttään kirjataan \"ei\", jos asiakkuus ei jatku palvelutarpeen arvioinnin jälkeen."
                  },
                  {
                    "lang": "sv",
                    "value": "I fältet antecknas ”ja”, om klientrelationen fortsätter efter bedömningen av servicebehovet. I fältet antecknas ”nej”, om klientrelationen inte fortsätter efter bedömningen av servicebehovet."
                  }
                ],
                "representation": [
                  {
                    "lang": "fi",
                    "value": "Kytkin"
                  },
                  {
                    "lang": "sv",
                    "value": "Brytare"
                  }
                ],
                "repeatable": false,
                "required": true,
                "conditionalRequired": false,
                "nationwideRecordedInformation": true,
                "hiddenField": false,
                "hiddenTitle": false,
                "rowNumber": 28
              }
            },
            "ammattihenkilon_johtopaatokset": {
              "type": "string",
              "minLength": 1,
              "sosmeta": {
                "name": [
                  {
                    "lang": "fi",
                    "value": "Ammattihenkilön johtopäätökset"
                  },
                  {
                    "lang": "sv",
                    "value": "Den yrkesutbildade personens slutsatser"
                  }
                ],
                "title": [
                  {
                    "lang": "fi",
                    "value": "Ammattihenkilön johtopäätökset asiakkaan tilanteesta sekä sosiaalipalvelujen, tuen ja erityisen tuen tarpeesta"
                  },
                  {
                    "lang": "sv",
                    "value": "Den yrkesutbildade personens slutsatser om klientens situation samt om behovet av socialservice, stöd och särskilt stöd"
                  }
                ],
                "description": [
                  {
                    "lang": "fi",
                    "value": "Kenttään kirjataan yhteenveto asiakkaan tilanteesta, sosiaalipalvelujen, tuen ja erityisen tuen tarpeesta ja sosiaalihuollon ammattihenkilön johtopäätökset asiakkuuden edellytyksistä sosiaalihuoltolain 37 §:n mukaisesti. Kenttään voidaan myös perustella omatyöntekijän tarvetta."
                  },
                  {
                    "lang": "sv",
                    "value": "I fältet antecknas en sammanfattning av klientens situation, behovet av socialservice, stöd och särskilt stöd och de slutsatser som en yrkesutbildad person inom socialvården har dragit om förutsättningarna för klientrelationen enligt 37 § i socialvårdslagen. I fältet kan också motiveringar till behovet av en egen kontaktperson antecknas."
                  }
                ],
                "representation": [
                  {
                    "lang": "fi",
                    "value": "Teksti"
                  },
                  {
                    "lang": "sv",
                    "value": "Text"
                  }
                ],
                "repeatable": false,
                "required": true,
                "conditionalRequired": false,
                "nationwideRecordedInformation": false,
                "hiddenField": false,
                "hiddenTitle": false,
                "rowNumber": 29
              }
            },
            "arvio_tuen_tarpeen_luonteesta": {
              "type": "object",
              "additionalProperties": false,
              "sosmeta": {
                "name": [
                  {
                    "lang": "fi",
                    "value": "Arvio tuen tarpeen luonteesta"
                  },
                  {
                    "lang": "sv",
                    "value": "Bedömning av typen av stödbehov"
                  }
                ],
                "description": [
                  {
                    "lang": "fi",
                    "value": "Sosiaalihuoltolain 37 §:n mukaan on arvioitava onko asiakkaan tuen tarve luonteeltaan tilapäistä, toistuvaa vai pitkäaikaista silloin, kun asiakas tarvitsee tukea. \nTilapäinen tuen tarve tarkoittaa hetkellistä ja lyhytkestoista tuen tarvetta. Tällöin asiakkaalle ei tarvitse nimetä omatyöntekijää eikä hänelle ole välttämätöntä laatia asiakassuunnitelmaa. Tilapäiseen tuen tarpeeseen liittyvät palvelut tulee järjestää niin, että niillä ehkäistään pidempiaikaisen tuen tarpeen syntyminen. \nToistuva tuen tarve on jatkuvaa, ja tällöin asiakkaalle nimetään omatyöntekijä ja hänelle laaditaan tarvittaessa asiakassuunnitelma. Asiakkuuden alkuvaiheessa myös huolellisesti laadittu palvelutarpeen arvio voi olla riittävä. Toistuvaan tuen tarpeseen liittyvät palvelut tulee järjestää niin, että tavoitteena on asiakkaan itsenäinen selviytyminen ja tuen tarpeen päättyminen asiakkaan kanssa yhdessä asetetun tavoiteajan jälkeen. \nJos asiakkaalla on pitkäaikainen (tai pysyvä) tuen tarve, asiakkaalle on nimettävä omatyöntekijä ja hänelle on laadittava asiakassuunnitelma. Pitkäaikaiseen tuen tarpeeseen liittyvät palvelut on pyrittävä järjestämään siten, että turvataan palvelujen jatkuvuus, ellei palvelujen muuttaminen ole asiakkaan edun mukaista. Asiakkaalla voi olla useita erilaisia tuen tarpeita, ja jos yksikin niistä on pitkäaikainen, niin valitaan luokka 3) Pitkäaikainen tuen tarve."
                  },
                  {
                    "lang": "sv",
                    "value": "Enligt 37 § i socialvårdslagen ska man när klienten behöver stöd bedöma om stödbehovet är av tillfällig, återkommande eller långvarig karaktär. Med tillfälligt stöd avses behov av tillfälligt eller kortvarigt stöd. Då behöver man inte utse en egen kontaktperson för klienten och det är inte nödvändigt att upprätta en klientplan för klienten. Tjänster förknippade med behov av tillfälligt stöd ska ordnas så, att man med dem förebygger uppkomsten av långvarigt stödbehov. Återkommande stödbehov är fortlöpande, och då utses en egen kontaktperson för klienten och vid behov upprättas en klientplan för klienten. I början av klientrelationen kan också en noggrant upprättad bedömning av servicebehovet vara tillräcklig. Tjänster förknippade med återkommande stödbehov ska ordnas så, att målet är att klienten klarar sig själv och att stödbehovet upphör efter den tid som tillsammans med klienten uppställts som mål. Om klienten har eller långvarigt (eller permanent) stödbehov, ska en egen kontaktperson utses för klienten och en klientplan upprättas för klienten. Man ska sträva efter att ordna tjänster som är förknippade med långvarigt stödbehov så, att man tryggar servicens kontinuitet, dvs. om det inte ligger i klientens intresse att ändra servicen. Klienten kan ha många olika stödbehov, och även om endast ett av dem är långvarigt, ska man välja 3) Långvarigt stödbehov."
                  }
                ],
                "classification": [
                  {
                    "lang": "fi",
                    "value": "Koodistopalvelin: Sosiaalihuolto - Asiakkaan tuen tarpeen kesto 1.2.246.537.6.1294"
                  },
                  {
                    "lang": "sv",
                    "value": "Kodtjänsten: Sosiaalihuolto - Asiakkaan tuen tarpeen kesto 1.2.246.537.6.1294"
                  }
                ],
                "classificationLink": [
                  {
                    "lang": "",
                    "value": "https://koodistopalvelu.kanta.fi/codeserver/pages/classification-view-page.xhtml?classificationKey\u003d3604\u0026versionKey\u003d4085"
                  }
                ],
                "classificationOid": [
                  {
                    "lang": "",
                    "value": "1.2.246.537.6.1294"
                  }
                ],
                "representation": [
                  {
                    "lang": "fi",
                    "value": "Koodi"
                  },
                  {
                    "lang": "sv",
                    "value": "Kod"
                  }
                ],
                "repeatable": false,
                "required": false,
                "conditionalRequired": false,
                "nationwideRecordedInformation": true,
                "hiddenField": false,
                "hiddenTitle": false,
                "rowNumber": 30
              },
              "required": [
                "system",
                "code",
                "display"
              ],
              "properties": {
                "system": {
                  "type": "string",
                  "pattern": "^urn:oid:1\\.2\\.246\\.537\\.6\\.1294(\\.\\d+)*$"
                },
                "code": {
                  "type": "string"
                },
                "display": {
                  "type": "string"
                }
              }
            },
            "asiakkaalle_laaditaan_asiakassuunnitelma": {
              "type": "boolean",
              "sosmeta": {
                "name": [
                  {
                    "lang": "fi",
                    "value": "Asiakkaalle laaditaan asiakassuunnitelma"
                  },
                  {
                    "lang": "sv",
                    "value": "En klientplan upprättas för klienten"
                  }
                ],
                "description": [
                  {
                    "lang": "fi",
                    "value": "Kenttään kirjataan tieto siitä, laaditaanko asiakkaalle asiakassuunnitelma. Joissain tilanteissa palvelutarpeen arvioinnin yhteydessä asiakassuunnitelman laatiminen voidaan katsoa tarpeettomaksi."
                  },
                  {
                    "lang": "sv",
                    "value": "I fältet antecknas om en klientplan ska upprättas för klienten. I samband med bedömningen av servicebehovet kan det i vissa situationer ses som onödigt att upprätta en klientplan."
                  }
                ],
                "representation": [
                  {
                    "lang": "fi",
                    "value": "Kytkin"
                  },
                  {
                    "lang": "sv",
                    "value": "Brytare"
                  }
                ],
                "repeatable": false,
                "required": false,
                "conditionalRequired": false,
                "nationwideRecordedInformation": true,
                "hiddenField": false,
                "hiddenTitle": false,
                "rowNumber": 31
              }
            },
            "perustelut_miksi_asiakassuunnitelmaa_ei_laadita": {
              "type": "string",
              "sosmeta": {
                "name": [
                  {
                    "lang": "fi",
                    "value": "Perustelut miksi asiakassuunnitelmaa ei laadita"
                  },
                  {
                    "lang": "sv",
                    "value": "Motiveringar till att ingen klientplan upprättas"
                  }
                ],
                "implementationNote": [
                  {
                    "lang": "fi",
                    "value": "Kenttää ei näytetä, jos \"Asiakkaalle laaditaan asiakassuunnitelma\" -kenttään on vastattu \"kyllä\"."
                  },
                  {
                    "lang": "sv",
                    "value": "Fältet visas inte, om man har svarat ”ja” i fältet ”En klientplan upprättas för klienten”."
                  }
                ],
                "representation": [
                  {
                    "lang": "fi",
                    "value": "Teksti"
                  },
                  {
                    "lang": "sv",
                    "value": "Text"
                  }
                ],
                "repeatable": false,
                "required": false,
                "conditionalRequired": false,
                "nationwideRecordedInformation": false,
                "hiddenField": false,
                "hiddenTitle": false,
                "rowNumber": 32
              }
            },
            "asiakas_tarvitsee_omatyontekijan": {
              "type": "boolean",
              "sosmeta": {
                "name": [
                  {
                    "lang": "fi",
                    "value": "Asiakas tarvitsee omatyöntekijän"
                  },
                  {
                    "lang": "sv",
                    "value": "Klienten behöver en egen kontaktperson"
                  }
                ],
                "description": [
                  {
                    "lang": "fi",
                    "value": "Kenttään kirjataan \"kyllä\", jos asiakas tarvitsee sosiaalihuoltolain 42 §:n mukaisen omatyöntekijän. Sosiaalihuoltolain 37 §:n mukaan palvelutarpeen arvioon kirjataan asiakkaan ja sosiaalihuollon ammattihenkilön arvion omatyöntekijän tarpeesta. Tarvittaessa arviota ja perusteluja voi kirjata kenttiin Asiakkaan arvio tuen ja palvelujen tarpeestaan ja Johtopäätökset asiakkaan tilanteesta sekä sosiaalipalvelujen, tuen ja erityisen tuen tarpeesta."
                  },
                  {
                    "lang": "sv",
                    "value": "I fältet antecknas ”ja”, om klienten behöver en egen kontaktperson i enlighet med 42 § i socialvårdslagen. Enligt 37 § antecknas i bedömningen av servicebehovet en bedömning som klienten och en yrkesutbildad person inom socialvården har gjort om behovet av en egen kontaktperson. Vid behov kan bedömningar och motiveringar antecknas i fälten Klientens bedömning av behovet av stöd och service och Slutsatser om klientens situation samt om behovet av socialservice, stöd och särskilt stöd."
                  }
                ],
                "representation": [
                  {
                    "lang": "fi",
                    "value": "Kytkin"
                  },
                  {
                    "lang": "sv",
                    "value": "Brytare"
                  }
                ],
                "repeatable": false,
                "required": true,
                "conditionalRequired": false,
                "nationwideRecordedInformation": true,
                "hiddenField": false,
                "hiddenTitle": false,
                "rowNumber": 33
              }
            },
            "omatyontekija": {
              "type": "object",
              "additionalProperties": false,
              "sosmeta": {
                "name": [
                  {
                    "lang": "fi",
                    "value": "Omatyöntekijä"
                  },
                  {
                    "lang": "sv",
                    "value": "Egen kontaktperson"
                  }
                ],
                "description": [
                  {
                    "lang": "fi",
                    "value": "Jos asiakkaalle nimetään omatyöntekijä, hänen nimensä kirjataan tähän. Omatyöntekijän yhteystiedot kirjataan asiakkuusasiakirjaan, josta ne näytetään asiakkaalle Omakannassa. Jos asiakkaalle ei nimetä omatyöntekijää, tämä tietokokonaisuus jätetään tyhjäksi."
                  },
                  {
                    "lang": "sv",
                    "value": "Om en egen kontaktperson utses för klienten, antecknas kontaktpersonens namn här. Kontaktpersonens kontaktuppgifter antecknas i klientrelationshandlingen, varifrån de visas för klienten på Mina Kanta-sidorna. Om en egen kontaktperson inte utses för klienten, lämnas denna informationshelhet tom."
                  }
                ],
                "implementationNote": [
                  {
                    "lang": "fi",
                    "value": "Nämä kentät näytetään vain, jos Asiakas tarvitsee omatyöntekijän -kenttään on vastattu \"kyllä\"."
                  },
                  {
                    "lang": "sv",
                    "value": "Nämä kentät näytetään vain, jos Asiakas tarvitsee omatyöntekijän -kenttään on vastattu \"kyllä\"."
                  }
                ],
                "repeatable": false,
                "required": false,
                "conditionalRequired": false,
                "nationwideRecordedInformation": false,
                "hiddenField": false,
                "hiddenTitle": false,
                "rowNumber": 34
              },
              "required": [
                "sukunimi",
                "etunimet"
              ],
              "properties": {
                "sukunimi": {
                  "type": "string",
                  "minLength": 1,
                  "sosmeta": {
                    "name": [
                      {
                        "lang": "fi",
                        "value": "Sukunimi"
                      },
                      {
                        "lang": "sv",
                        "value": "Efternamn"
                      }
                    ],
                    "description": [
                      {
                        "lang": "fi",
                        "value": "-"
                      },
                      {
                        "lang": "sv",
                        "value": "-"
                      }
                    ],
                    "representation": [
                      {
                        "lang": "fi",
                        "value": "Nimi"
                      },
                      {
                        "lang": "sv",
                        "value": "Namn"
                      }
                    ],
                    "repeatable": false,
                    "required": true,
                    "conditionalRequired": false,
                    "nationwideRecordedInformation": false,
                    "hiddenField": false,
                    "hiddenTitle": false,
                    "rowNumber": 35
                  }
                },
                "etunimet": {
                  "type": "string",
                  "minLength": 1,
                  "sosmeta": {
                    "name": [
                      {
                        "lang": "fi",
                        "value": "Etunimet"
                      },
                      {
                        "lang": "sv",
                        "value": "Samtliga förnamn"
                      }
                    ],
                    "description": [
                      {
                        "lang": "fi",
                        "value": "-"
                      },
                      {
                        "lang": "sv",
                        "value": "-"
                      }
                    ],
                    "representation": [
                      {
                        "lang": "fi",
                        "value": "Nimi"
                      },
                      {
                        "lang": "sv",
                        "value": "Namn"
                      }
                    ],
                    "repeatable": false,
                    "required": true,
                    "conditionalRequired": false,
                    "nationwideRecordedInformation": false,
                    "hiddenField": false,
                    "hiddenTitle": false,
                    "rowNumber": 36
                  }
                },
                "tehtavanimike": {
                  "type": "string",
                  "sosmeta": {
                    "name": [
                      {
                        "lang": "fi",
                        "value": "Tehtävänimike"
                      },
                      {
                        "lang": "sv",
                        "value": "Uppgiftsbeteckning"
                      }
                    ],
                    "description": [
                      {
                        "lang": "fi",
                        "value": "-"
                      },
                      {
                        "lang": "sv",
                        "value": "-"
                      }
                    ],
                    "example": [
                      {
                        "lang": "fi",
                        "value": "Sosiaalityöntekijä"
                      },
                      {
                        "lang": "sv",
                        "value": "Socialarbetare"
                      }
                    ],
                    "representation": [
                      {
                        "lang": "fi",
                        "value": "Teksti"
                      },
                      {
                        "lang": "sv",
                        "value": "Text"
                      }
                    ],
                    "repeatable": false,
                    "required": false,
                    "conditionalRequired": false,
                    "nationwideRecordedInformation": false,
                    "hiddenField": false,
                    "hiddenTitle": false,
                    "rowNumber": 37
                  }
                }
              }
            },
            "jatkosuunnitelma": {
              "type": "string",
              "sosmeta": {
                "name": [
                  {
                    "lang": "fi",
                    "value": "Jatkosuunnitelma"
                  },
                  {
                    "lang": "sv",
                    "value": "Fortsatt plan"
                  }
                ],
                "description": [
                  {
                    "lang": "fi",
                    "value": "Jos asiakkuus jatkuu, kenttään voidaan kirjata suunnitelma asiakkuuden jatkumisesta. \nKenttää voidaan käyttää silloin, kun asiakkaalle ei laadita asiakassuunnitelmaa lainkaan (kun kyseessä on tilapäinen tuen tarve) tai silloin, kun asiakassuunnitelmaa ei laadita heti palvelutarpeen arvioinnin jälkeen. \nKenttään voi tarpeen mukaan kirjata esim. tavoitteita, tietoja haettavista palveluista, tiedot seuraavasta neuvotteluajankohdasta sekä tiedot asiakkaan kanssa sovituista konkreettisista toimenpiteistä."
                  },
                  {
                    "lang": "sv",
                    "value": "Om klientrelationen fortsätter, kan man i fältet anteckna en plan om fortsatt klientrelation. Man kan använda fältet, då man inte alls upprättar någon klientplan för klienten (då det är frågan om tillfälligt stöd) och då klientplanen inte upprättas direkt efter bedömningen av servicebehovet. I fältet kan man vid behov anteckna till exempel mål, uppgifter om den service som söks, uppgifter om följande tidpunkt för rådgivning samt uppgifter om konkreta åtgärder som har överenskommits med klienten."
                  }
                ],
                "representation": [
                  {
                    "lang": "fi",
                    "value": "Teksti"
                  },
                  {
                    "lang": "sv",
                    "value": "Text"
                  }
                ],
                "repeatable": false,
                "required": false,
                "conditionalRequired": false,
                "nationwideRecordedInformation": false,
                "hiddenField": false,
                "hiddenTitle": false,
                "rowNumber": 38
              }
            }
          }
        },
        "henkilot_joille_tama_asiakirja_toimitetaan": {
          "type": "string",
          "sosmeta": {
            "name": [
              {
                "lang": "fi",
                "value": "Henkilöt, joille tämä asiakirja toimitetaan"
              },
              {
                "lang": "sv",
                "value": "Personer som planen ska ges till"
              }
            ],
            "representation": [
              {
                "lang": "fi",
                "value": "Teksti"
              },
              {
                "lang": "sv",
                "value": "Text"
              }
            ],
            "repeatable": false,
            "required": false,
            "conditionalRequired": false,
            "nationwideRecordedInformation": false,
            "hiddenField": false,
            "hiddenTitle": false,
            "rowNumber": 39
          }
        },
        "lisatiedot": {
          "type": "string",
          "sosmeta": {
            "name": [
              {
                "lang": "fi",
                "value": "Lisätiedot"
              },
              {
                "lang": "sv",
                "value": "Tilläggsuppgifter"
              }
            ],
            "description": [
              {
                "lang": "fi",
                "value": "Kenttään voidaan tarvittaessa kirjata muita tarpeellisia tietoja."
              },
              {
                "lang": "sv",
                "value": "I fältet kan vid behov andra behövliga uppgifter antecknas."
              }
            ],
            "representation": [
              {
                "lang": "fi",
                "value": "Teksti"
              },
              {
                "lang": "sv",
                "value": "Text"
              }
            ],
            "repeatable": false,
            "required": false,
            "conditionalRequired": false,
            "nationwideRecordedInformation": false,
            "hiddenField": false,
            "hiddenTitle": false,
            "rowNumber": 40
          }
        },
        "lakiselostus": {
          "type": "string",
          "sosmeta": {
            "name": [
              {
                "lang": "fi",
                "value": "Lakiselostus"
              },
              {
                "lang": "sv",
                "value": "Lagförklaring"
              }
            ],
            "implementationNote": [
              {
                "lang": "fi",
                "value": "Kentässä voidaan käyttää automaattitekstiä, jonka organisaatio yhdessä tietojärjestelmätoimittajan kanssa laatii. THL ei laadi kentässä näytettäviä tekstejä."
              },
              {
                "lang": "sv",
                "value": "Kentässä voidaan käyttää automaattitekstiä, jonka organisaatio yhdessä tietojärjestelmätoimittajan kanssa laatii. THL ei laadi kentässä näytettäviä tekstejä."
              }
            ],
            "representation": [
              {
                "lang": "fi",
                "value": "Teksti"
              },
              {
                "lang": "sv",
                "value": "Text"
              }
            ],
            "repeatable": false,
            "required": false,
            "conditionalRequired": false,
            "nationwideRecordedInformation": false,
            "hiddenField": false,
            "hiddenTitle": false,
            "rowNumber": 41
          }
        },
        "paivamaara": {
          "type": "string",
          "pattern": "^-?[0-9]{4}(-(0[1-9]|1[0-2])(-(0[0-9]|[1-2][0-9]|3[0-1]))?)?$",
          "sosmeta": {
            "name": [
              {
                "lang": "fi",
                "value": "Päivämäärä"
              },
              {
                "lang": "sv",
                "value": "Datum"
              }
            ],
            "description": [
              {
                "lang": "fi",
                "value": "Kenttään kirjataan asiakirjan laatimispäivämäärä."
              },
              {
                "lang": "sv",
                "value": "I fältet antecknas datum för upprättandet av handlingen."
              }
            ],
            "representation": [
              {
                "lang": "fi",
                "value": "Pvm"
              },
              {
                "lang": "sv",
                "value": "Datum"
              }
            ],
            "repeatable": false,
            "required": false,
            "conditionalRequired": false,
            "nationwideRecordedInformation": true,
            "hiddenField": false,
            "hiddenTitle": false,
            "rowNumber": 42
          }
        },
        "laatija": {
          "type": "array",
          "minItems": 1,
          "items": {
            "type": "object",
            "additionalProperties": false,
            "sosmeta": {
              "name": [
                {
                  "lang": "fi",
                  "value": "Laatija"
                },
                {
                  "lang": "sv",
                  "value": "Upprättare"
                }
              ],
              "description": [
                {
                  "lang": "fi",
                  "value": "-"
                },
                {
                  "lang": "sv",
                  "value": "-"
                }
              ],
              "repeatable": true,
              "required": true,
              "conditionalRequired": false,
              "nationwideRecordedInformation": false,
              "hiddenField": false,
              "hiddenTitle": false,
              "rowNumber": 43
            },
            "required": [
              "sukunimi",
              "etunimet"
            ],
            "properties": {
              "sukunimi": {
                "type": "string",
                "minLength": 1,
                "sosmeta": {
                  "name": [
                    {
                      "lang": "fi",
                      "value": "Sukunimi"
                    },
                    {
                      "lang": "sv",
                      "value": "Efternamn"
                    }
                  ],
                  "description": [
                    {
                      "lang": "fi",
                      "value": "-"
                    },
                    {
                      "lang": "sv",
                      "value": "-"
                    }
                  ],
                  "representation": [
                    {
                      "lang": "fi",
                      "value": "Nimi"
                    },
                    {
                      "lang": "sv",
                      "value": "Namn"
                    }
                  ],
                  "repeatable": false,
                  "required": true,
                  "conditionalRequired": false,
                  "nationwideRecordedInformation": false,
                  "hiddenField": false,
                  "hiddenTitle": false,
                  "rowNumber": 44
                }
              },
              "etunimet": {
                "type": "string",
                "minLength": 1,
                "sosmeta": {
                  "name": [
                    {
                      "lang": "fi",
                      "value": "Etunimet"
                    },
                    {
                      "lang": "sv",
                      "value": "Samtliga förnamn"
                    }
                  ],
                  "description": [
                    {
                      "lang": "fi",
                      "value": "-"
                    },
                    {
                      "lang": "sv",
                      "value": "-"
                    }
                  ],
                  "representation": [
                    {
                      "lang": "fi",
                      "value": "Nimi"
                    },
                    {
                      "lang": "sv",
                      "value": "Namn"
                    }
                  ],
                  "repeatable": false,
                  "required": true,
                  "conditionalRequired": false,
                  "nationwideRecordedInformation": false,
                  "hiddenField": false,
                  "hiddenTitle": false,
                  "rowNumber": 45
                }
              },
              "tehtavanimike": {
                "type": "string",
                "sosmeta": {
                  "name": [
                    {
                      "lang": "fi",
                      "value": "Tehtävänimike"
                    },
                    {
                      "lang": "sv",
                      "value": "Uppgiftsbeteckning"
                    }
                  ],
                  "description": [
                    {
                      "lang": "fi",
                      "value": "-"
                    },
                    {
                      "lang": "sv",
                      "value": "-"
                    }
                  ],
                  "example": [
                    {
                      "lang": "fi",
                      "value": "-"
                    },
                    {
                      "lang": "sv",
                      "value": "-"
                    }
                  ],
                  "representation": [
                    {
                      "lang": "fi",
                      "value": "Teksti"
                    },
                    {
                      "lang": "sv",
                      "value": "Text"
                    }
                  ],
                  "repeatable": false,
                  "required": false,
                  "conditionalRequired": false,
                  "nationwideRecordedInformation": false,
                  "hiddenField": false,
                  "hiddenTitle": false,
                  "rowNumber": 46
                }
              },
              "palveluyksikko": {
                "type": "object",
                "additionalProperties": false,
                "sosmeta": {
                  "name": [
                    {
                      "lang": "fi",
                      "value": "Palveluyksikkö"
                    },
                    {
                      "lang": "sv",
                      "value": "Serviceenhet"
                    }
                  ],
                  "description": [
                    {
                      "lang": "fi",
                      "value": "Kenttään kirjataan palveluyksikön nimi SOTE-organisaatiorekisterin avulla."
                    },
                    {
                      "lang": "sv",
                      "value": "I fältet antecknas namnet på serviceenheten enligt Organisationsregistret för social- och hälsovården."
                    }
                  ],
                  "example": [
                    {
                      "lang": "fi",
                      "value": "1.2.246.10.1012636.10.1.1.100768 \u003d Espoon keskuksen lastensuojelu, Espoon kaupunki, sosiaali- ja terveystoimi"
                    },
                    {
                      "lang": "sv",
                      "value": "1.2.246.10.1012636.10.1.1.100768 \u003d Esbo centrums barnskydd, Esbo stad, social- och hälsovårdssektorn"
                    }
                  ],
                  "implementationNote": [
                    {
                      "lang": "fi",
                      "value": "Tietojärjestelmä suodattaa tarpeelliset luokat."
                    },
                    {
                      "lang": "sv",
                      "value": "Tietojärjestelmä suodattaa tarpeelliset luokat."
                    }
                  ],
                  "classification": [
                    {
                      "lang": "fi",
                      "value": "Koodistopalvelin: THL - SOTE-organisaatiorekisteri 1.2.246.537.6.202"
                    },
                    {
                      "lang": "sv",
                      "value": "Kodtjänsten: THL - SOTE-organisationsregister 1.2.246.537.6.202"
                    }
                  ],
                  "classificationLink": [
                    {
                      "lang": "",
                      "value": "https://koodistopalvelu.kanta.fi/codeserver/pages/classification-view-page.xhtml?classificationKey\u003d421\u0026versionKey\u003d501"
                    }
                  ],
                  "classificationOid": [
                    {
                      "lang": "",
                      "value": "1.2.246.537.6.202"
                    }
                  ],
                  "representation": [
                    {
                      "lang": "fi",
                      "value": "Koodi"
                    },
                    {
                      "lang": "sv",
                      "value": "Kod"
                    }
                  ],
                  "repeatable": false,
                  "required": false,
                  "conditionalRequired": false,
                  "nationwideRecordedInformation": true,
                  "hiddenField": false,
                  "hiddenTitle": false,
                  "rowNumber": 47
                },
                "required": [
                  "system",
                  "code",
                  "display"
                ],
                "properties": {
                  "system": {
                    "type": "string",
                    "pattern": "^urn:oid:1\\.2\\.246\\.537\\.6\\.202(\\.\\d+)*$"
                  },
                  "code": {
                    "type": "string"
                  },
                  "display": {
                    "type": "string"
                  }
                }
              }
            }
          }
        }
      }
    }
  }
}