{
  "$schema": "http://json-schema.org/draft-07/schema#",
  "title": "\u0027Lastensuojelun kuulemisasiakirja\u0027 JSON schema",
  "type": "object",
  "additionalProperties": false,
  "sosmeta": {
    "title": "\u0027Lastensuojelun kuulemisasiakirja\u0027 JSON schema",
    "status": "Valmis",
    "documentDefinitionVersion": "2023-06-21",
    "dataComponentLibraryVersion": "2023-06-21",
    "oid": "1.2.246.537.6.1506.5002.2023.6.21",
    "documentType": "Kuulemisasiakirja",
    "documentSubject": "Lastensuojelun yhteiset asiakasasiakirjat"
  },
  "required": [
    "lastensuojelun_kuulemisasiakirja"
  ],
  "properties": {
    "lastensuojelun_kuulemisasiakirja": {
      "type": "object",
      "additionalProperties": false,
      "sosmeta": {
        "name": [
          {
            "lang": "fi",
            "value": "Lastensuojelun kuulemisasiakirja"
          },
          {
            "lang": "sv",
            "value": "Samrådshandling inom barnskyddet"
          }
        ]
      },
      "required": [
        "asiakas",
        "kuulemisasiakirja",
        "laatija",
        "allekirjoitus"
      ],
      "properties": {
        "asiakas": {
          "type": "array",
          "minItems": 1,
          "items": {
            "type": "object",
            "additionalProperties": false,
            "sosmeta": {
              "name": [
                {
                  "lang": "fi",
                  "value": "Asiakas"
                },
                {
                  "lang": "sv",
                  "value": "Klient"
                }
              ],
              "description": [
                {
                  "lang": "fi",
                  "value": "-"
                },
                {
                  "lang": "sv",
                  "value": "-"
                }
              ],
              "repeatable": true,
              "required": true,
              "conditionalRequired": false,
              "nationwideRecordedInformation": false,
              "hiddenField": false,
              "hiddenTitle": false,
              "rowNumber": 1
            },
            "required": [
              "sukunimi",
              "etunimet"
            ],
            "properties": {
              "sukunimi": {
                "type": "string",
                "minLength": 1,
                "sosmeta": {
                  "name": [
                    {
                      "lang": "fi",
                      "value": "Sukunimi"
                    },
                    {
                      "lang": "sv",
                      "value": "Efternamn"
                    }
                  ],
                  "description": [
                    {
                      "lang": "fi",
                      "value": "-"
                    },
                    {
                      "lang": "sv",
                      "value": "-"
                    }
                  ],
                  "example": [
                    {
                      "lang": "fi",
                      "value": "-"
                    },
                    {
                      "lang": "sv",
                      "value": "-"
                    }
                  ],
                  "representation": [
                    {
                      "lang": "fi",
                      "value": "Nimi"
                    },
                    {
                      "lang": "sv",
                      "value": "Namn"
                    }
                  ],
                  "repeatable": false,
                  "required": true,
                  "conditionalRequired": false,
                  "nationwideRecordedInformation": false,
                  "hiddenField": false,
                  "hiddenTitle": false,
                  "rowNumber": 2
                }
              },
              "etunimet": {
                "type": "string",
                "minLength": 1,
                "sosmeta": {
                  "name": [
                    {
                      "lang": "fi",
                      "value": "Etunimet"
                    },
                    {
                      "lang": "sv",
                      "value": "Samtliga förnamn"
                    }
                  ],
                  "description": [
                    {
                      "lang": "fi",
                      "value": "-"
                    },
                    {
                      "lang": "sv",
                      "value": "-"
                    }
                  ],
                  "example": [
                    {
                      "lang": "fi",
                      "value": "-"
                    },
                    {
                      "lang": "sv",
                      "value": "-"
                    }
                  ],
                  "representation": [
                    {
                      "lang": "fi",
                      "value": "Nimi"
                    },
                    {
                      "lang": "sv",
                      "value": "Namn"
                    }
                  ],
                  "repeatable": false,
                  "required": true,
                  "conditionalRequired": false,
                  "nationwideRecordedInformation": false,
                  "hiddenField": false,
                  "hiddenTitle": false,
                  "rowNumber": 3
                }
              },
              "henkilotunnus": {
                "type": "object",
                "additionalProperties": false,
                "sosmeta": {
                  "name": [
                    {
                      "lang": "fi",
                      "value": "Henkilötunnus"
                    },
                    {
                      "lang": "sv",
                      "value": "Personbeteckning"
                    }
                  ],
                  "description": [
                    {
                      "lang": "fi",
                      "value": "-"
                    },
                    {
                      "lang": "sv",
                      "value": "-"
                    }
                  ],
                  "example": [
                    {
                      "lang": "fi",
                      "value": "-"
                    },
                    {
                      "lang": "sv",
                      "value": "-"
                    }
                  ],
                  "implementationNote": [
                    {
                      "lang": "fi",
                      "value": "Ehdollisesti pakollinen: Henkilötunnus- ja Tilapäinen yksilöintitunnus -kentistä toinen on pakollinen."
                    },
                    {
                      "lang": "sv",
                      "value": "Ehdollisesti pakollinen: Henkilötunnus- ja Tilapäinen yksilöintitunnus -kentistä toinen on pakollinen."
                    }
                  ],
                  "representation": [
                    {
                      "lang": "fi",
                      "value": "Tunnus"
                    },
                    {
                      "lang": "sv",
                      "value": "Identifierare"
                    }
                  ],
                  "systemUri": [
                    {
                      "lang": "",
                      "value": "urn:oid:1.2.246.21"
                    }
                  ],
                  "repeatable": false,
                  "required": false,
                  "conditionalRequired": true,
                  "nationwideRecordedInformation": false,
                  "hiddenField": false,
                  "hiddenTitle": false,
                  "rowNumber": 4
                },
                "required": [
                  "value"
                ],
                "properties": {
                  "system": {
                    "type": "string"
                  },
                  "value": {
                    "type": "string"
                  }
                }
              },
              "tilapainen_yksilointitunnus": {
                "type": "object",
                "additionalProperties": false,
                "sosmeta": {
                  "name": [
                    {
                      "lang": "fi",
                      "value": "Tilapäinen yksilöintitunnus"
                    },
                    {
                      "lang": "sv",
                      "value": "Temporär identifikationskod"
                    }
                  ],
                  "description": [
                    {
                      "lang": "fi",
                      "value": "Kenttään kirjataan henkilön tilapäiseen yksilöintiin annettu tunnus."
                    },
                    {
                      "lang": "sv",
                      "value": "I fältet antecknas identifikationskoden som getts personen för tillfällig identifiering."
                    }
                  ],
                  "example": [
                    {
                      "lang": "fi",
                      "value": "112233-445a"
                    },
                    {
                      "lang": "sv",
                      "value": "112233-445a"
                    }
                  ],
                  "implementationNote": [
                    {
                      "lang": "fi",
                      "value": "Ehdollisesti pakollinen: Henkilötunnus- ja Tilapäinen yksilöintitunnus -kentistä toinen on pakollinen."
                    },
                    {
                      "lang": "sv",
                      "value": "Ehdollisesti pakollinen: Henkilötunnus- ja Tilapäinen yksilöintitunnus -kentistä toinen on pakollinen."
                    }
                  ],
                  "representation": [
                    {
                      "lang": "fi",
                      "value": "Tunnus"
                    },
                    {
                      "lang": "sv",
                      "value": "Identifierare"
                    }
                  ],
                  "repeatable": false,
                  "required": false,
                  "conditionalRequired": true,
                  "nationwideRecordedInformation": false,
                  "hiddenField": false,
                  "hiddenTitle": false,
                  "rowNumber": 5
                },
                "required": [
                  "value"
                ],
                "properties": {
                  "system": {
                    "type": "string"
                  },
                  "value": {
                    "type": "string"
                  }
                }
              }
            }
          }
        },
        "kuulemisasiakirja": {
          "type": "object",
          "additionalProperties": false,
          "sosmeta": {
            "name": [
              {
                "lang": "fi",
                "value": "Kuulemisasiakirja"
              },
              {
                "lang": "sv",
                "value": "Samrådshandling"
              }
            ],
            "description": [
              {
                "lang": "fi",
                "value": "-"
              },
              {
                "lang": "sv",
                "value": "-"
              }
            ],
            "repeatable": false,
            "required": true,
            "conditionalRequired": false,
            "nationwideRecordedInformation": false,
            "hiddenField": true,
            "hiddenTitle": false,
            "rowNumber": 6
          },
          "required": [
            "kuuleminen"
          ],
          "properties": {
            "asiasisalto": {
              "type": "string",
              "sosmeta": {
                "name": [
                  {
                    "lang": "fi",
                    "value": "Asiasisältö"
                  },
                  {
                    "lang": "sv",
                    "value": "Sakinnehåll"
                  }
                ],
                "description": [
                  {
                    "lang": "fi",
                    "value": "Kenttään kirjataan asia, johon liittyen henkilöä kuullaan sekä tarvittaessa kuulemisen sisältö."
                  },
                  {
                    "lang": "sv",
                    "value": "I fältet antecknas ärendet i anslutning till vilket personen hörs och vid behov innehållet i hörandet."
                  }
                ],
                "example": [
                  {
                    "lang": "fi",
                    "value": "\"Olen ollut tänään kuultavana yllä mainittua lasta/minua koskevassa huostassapidon lopettamisasiassa. Minulle on selvitetty huostassapidon lopettamisen oikeusvaikutukset ja lapsen/nuoren jälkihuolto-oikeuden sisältö ja merkitys. Olen tutustunut päätökseen liittyviin asiakirjoihin. Samalla olen neuvotellut lasta/minua koskevasta asiakassuunnitelmasta.\"\n\n\"Olen tänään ollut kuultavana yllä mainittua lasta/minua koskevassa huostaanottoasiassa ja sijaishuoltoon sijoittamista koskevassa asiassa. Minulle on selvitetty huostaanoton syyt ja oikeusvaikutukset sekä tiedot tarkoitetusta sijaishuoltopaikasta. Olen tutustunut päätökseen liittyviin asiakirjoihin. Samalla olen neuvotellut lasta/minua koskevasta asiakassuunnitelmasta.\"\n\n\"Olen tänään ollut kuultavana yllä mainittua lasta/minua koskevassa sijaishuoltopaikan muuttamista koskevassa asiassa. Minulle on selvitetty sijaishuoltopaikan muuttamisen perusteet sekä annettu tiedot tarkoitetusta sijaishuoltopaikasta. Olen tutustunut päätökseen liittyviin asiakirjoihin. Samalla olen neuvotellut lasta/minua koskevasta asiakassuunnitelmasta.\"\n\n\"Olen tänään ollut kuultavana yllä mainittua lasta/minua koskevassa rajoitustoimenpiteiden suorittamista koskevassa asiassa. Minulle on selvitetty rajoitustoimenpiteen oikeusvaikutukset ja sen sisältö ja merkitys.\""
                  },
                  {
                    "lang": "sv",
                    "value": "”Jag har i dag hörts om det ärende som gäller avslutande av omhändertagande av ovan nämnda barn/mig. Jag har fått information om rättsverkan av avslutandet av omhändertagandet och innehållet i och betydelsen av rätten till eftervård för barnet/den unga. Jag har tagit del av beslutshandlingarna. Samtidigt har jag diskuterat barnets/min klientplan.” ”Jag har i dag hörts om det ärende som gäller omhändertagande och placering i vård utom hemmet av ovan nämnda barn/mig. Jag har fått information om orsakerna till omhändertagandet och rättsverkan samt om den avsedda platsen för vård utom hemmet. Jag har tagit del av beslutshandlingarna. Samtidigt har jag diskuterat barnets/min klientplan.” ”Jag har i dag hörts om det ärende som gäller ändring av platsen för vård utom hemmet för ovan nämnda barn/mig. Jag har fått information om motiven till ändringen av platsen för vård utom hemmet och om den avsedda platsen för vård utom hemmet. Jag har tagit del av beslutshandlingarna. Samtidigt har jag diskuterat barnets/min klientplan.” ”Jag har i dag hörts om det ärende som gäller genomförande av begränsningsåtgärder för ovan nämnda barn/mig. Jag har fått information om rättsverkan av begränsningsåtgärden och dess innehåll och betydelse.”"
                  }
                ],
                "implementationNote": [
                  {
                    "lang": "fi",
                    "value": "Tavoitetilassa kentässä näytetään automaattiteksti. Kuulemisen suorittanut ammattihenkilö voi valita valikosta sopivan automaattitekstin."
                  },
                  {
                    "lang": "sv",
                    "value": "Tavoitetilassa kentässä näytetään automaattiteksti. Kuulemisen suorittanut ammattihenkilö voi valita valikosta sopivan automaattitekstin."
                  }
                ],
                "representation": [
                  {
                    "lang": "fi",
                    "value": "Teksti"
                  },
                  {
                    "lang": "sv",
                    "value": "Text"
                  }
                ],
                "repeatable": false,
                "required": false,
                "conditionalRequired": false,
                "nationwideRecordedInformation": false,
                "hiddenField": false,
                "hiddenTitle": false,
                "rowNumber": 7
              }
            },
            "kuuleminen": {
              "type": "object",
              "additionalProperties": false,
              "sosmeta": {
                "name": [
                  {
                    "lang": "fi",
                    "value": "Kuuleminen"
                  },
                  {
                    "lang": "sv",
                    "value": "Hörande"
                  }
                ],
                "title": [
                  {
                    "lang": "fi",
                    "value": "Kuulemisen tiedot"
                  },
                  {
                    "lang": "sv",
                    "value": "Uppgifter om hörande"
                  }
                ],
                "description": [
                  {
                    "lang": "fi",
                    "value": "-"
                  },
                  {
                    "lang": "sv",
                    "value": "-"
                  }
                ],
                "repeatable": false,
                "required": true,
                "conditionalRequired": false,
                "nationwideRecordedInformation": false,
                "hiddenField": false,
                "hiddenTitle": false,
                "rowNumber": 8
              },
              "required": [
                "kuultava"
              ],
              "properties": {
                "kuultava": {
                  "type": "object",
                  "additionalProperties": false,
                  "sosmeta": {
                    "name": [
                      {
                        "lang": "fi",
                        "value": "Kuultava"
                      },
                      {
                        "lang": "sv",
                        "value": "Person som hörs"
                      }
                    ],
                    "description": [
                      {
                        "lang": "fi",
                        "value": "Tähän kirjataan sen henkilön tiedot, jota kuullaan tai jonka mielipidettä selvitetään."
                      },
                      {
                        "lang": "sv",
                        "value": "Här antecknas uppgifter om personen som hörs."
                      }
                    ],
                    "implementationNote": [
                      {
                        "lang": "fi",
                        "value": "Kenttä on pakollinen TK Kuulemisen määrityksestä poiketen."
                      },
                      {
                        "lang": "sv",
                        "value": "Kenttä on pakollinen TK Kuulemisen määrityksestä poiketen."
                      }
                    ],
                    "repeatable": false,
                    "required": true,
                    "conditionalRequired": false,
                    "nationwideRecordedInformation": false,
                    "hiddenField": false,
                    "hiddenTitle": false,
                    "rowNumber": 9
                  },
                  "required": [
                    "sukunimi",
                    "etunimet"
                  ],
                  "properties": {
                    "sukunimi": {
                      "type": "string",
                      "minLength": 1,
                      "sosmeta": {
                        "name": [
                          {
                            "lang": "fi",
                            "value": "Sukunimi"
                          },
                          {
                            "lang": "sv",
                            "value": "Efternamn"
                          }
                        ],
                        "description": [
                          {
                            "lang": "fi",
                            "value": "-"
                          },
                          {
                            "lang": "sv",
                            "value": "-"
                          }
                        ],
                        "representation": [
                          {
                            "lang": "fi",
                            "value": "Nimi"
                          },
                          {
                            "lang": "sv",
                            "value": "Namn"
                          }
                        ],
                        "repeatable": false,
                        "required": true,
                        "conditionalRequired": false,
                        "nationwideRecordedInformation": false,
                        "hiddenField": false,
                        "hiddenTitle": false,
                        "rowNumber": 10
                      }
                    },
                    "etunimet": {
                      "type": "string",
                      "minLength": 1,
                      "sosmeta": {
                        "name": [
                          {
                            "lang": "fi",
                            "value": "Etunimet"
                          },
                          {
                            "lang": "sv",
                            "value": "Samtliga förnamn"
                          }
                        ],
                        "description": [
                          {
                            "lang": "fi",
                            "value": "-"
                          },
                          {
                            "lang": "sv",
                            "value": "-"
                          }
                        ],
                        "representation": [
                          {
                            "lang": "fi",
                            "value": "Nimi"
                          },
                          {
                            "lang": "sv",
                            "value": "Namn"
                          }
                        ],
                        "repeatable": false,
                        "required": true,
                        "conditionalRequired": false,
                        "nationwideRecordedInformation": false,
                        "hiddenField": false,
                        "hiddenTitle": false,
                        "rowNumber": 11
                      }
                    },
                    "kuvaus": {
                      "type": "string",
                      "sosmeta": {
                        "name": [
                          {
                            "lang": "fi",
                            "value": "Kuvaus"
                          },
                          {
                            "lang": "sv",
                            "value": "Beskrivning"
                          }
                        ],
                        "title": [
                          {
                            "lang": "fi",
                            "value": "Suhde lapseen"
                          },
                          {
                            "lang": "sv",
                            "value": "Relation till barnet"
                          }
                        ],
                        "description": [
                          {
                            "lang": "fi",
                            "value": "Kenttää ei käytetä, jos kuultavana on itse lapsi."
                          },
                          {
                            "lang": "sv",
                            "value": "Fältet används inte, om barnet är den person som hörs."
                          }
                        ],
                        "example": [
                          {
                            "lang": "fi",
                            "value": "Huoltaja"
                          },
                          {
                            "lang": "sv",
                            "value": "Vårdnadshavare"
                          }
                        ],
                        "representation": [
                          {
                            "lang": "fi",
                            "value": "Teksti"
                          },
                          {
                            "lang": "sv",
                            "value": "Text"
                          }
                        ],
                        "repeatable": false,
                        "required": false,
                        "conditionalRequired": false,
                        "nationwideRecordedInformation": false,
                        "hiddenField": false,
                        "hiddenTitle": false,
                        "rowNumber": 12
                      }
                    }
                  }
                },
                "osallistujat": {
                  "type": "string",
                  "sosmeta": {
                    "name": [
                      {
                        "lang": "fi",
                        "value": "Osallistujat"
                      },
                      {
                        "lang": "sv",
                        "value": "Deltagare"
                      }
                    ],
                    "title": [
                      {
                        "lang": "fi",
                        "value": "Kuulemisessa läsnäolleet henkilöt"
                      },
                      {
                        "lang": "sv",
                        "value": "Personer som har varit närvarande vid hörandet"
                      }
                    ],
                    "description": [
                      {
                        "lang": "fi",
                        "value": "Kenttään kirjataan kuulemisessa läsnäolleet henkilöt. Kenttään kirjataan osallistujien nimet ja kuvataan osallistujan suhde asiakkaaseen tai rooli asiassa. Ammattihenkilöltä kirjataan organisaatio ja tehtävänimike."
                      },
                      {
                        "lang": "sv",
                        "value": "I fältet antecknas personerna som var närvarande vid hörandet. I fältet antecknas deltagarnas namn och deras relation till klienten eller roll i ärendet. För en yrkesutbildad person antecknas organisationen och uppgiftsbeteckningen."
                      }
                    ],
                    "representation": [
                      {
                        "lang": "fi",
                        "value": "Teksti"
                      },
                      {
                        "lang": "sv",
                        "value": "Text"
                      }
                    ],
                    "repeatable": false,
                    "required": false,
                    "conditionalRequired": false,
                    "nationwideRecordedInformation": false,
                    "hiddenField": false,
                    "hiddenTitle": false,
                    "rowNumber": 13
                  }
                },
                "suhtautuminen_asiaan": {
                  "type": "array",
                  "minItems": 0,
                  "items": {
                    "type": "object",
                    "additionalProperties": false,
                    "sosmeta": {
                      "name": [
                        {
                          "lang": "fi",
                          "value": "Suhtautuminen asiaan"
                        },
                        {
                          "lang": "sv",
                          "value": "Inställning till ärendet"
                        }
                      ],
                      "title": [
                        {
                          "lang": "fi",
                          "value": "Kuultavan suhtautuminen  käsiteltävään asiaan"
                        },
                        {
                          "lang": "sv",
                          "value": "Uppfattning hos den som hörs om det ärende som behandlas"
                        }
                      ],
                      "description": [
                        {
                          "lang": "fi",
                          "value": "Tämä tietokokonaisuus on toistuva, koska huostaanottotilanteissa kirjataan näkemys huostaanotosta ja sijaishuoltopaikasta erikseen. Jos kuuleminen liittyy huostaanottoon ja sijaishuoltoon sijoittamiseen, kirjataan alla olevat kentät ensin huostaanottoon liittyen, ja sitten sijaishuoltopaikkaan liittyen."
                        },
                        {
                          "lang": "sv",
                          "value": "Denna informationshelhet upprepas, eftersom åsikterna om omhändertagandet och platsen för vård utom hemmet antecknas separat vid omhändertagandet. Om hörandet sker vid omhändertagandet och placeringen i vård utom hemmet, ska fälten nedan användas först för anteckningar om omhändertagandet och sedan om platsen för vård utom hemmet."
                        }
                      ],
                      "repeatable": true,
                      "required": false,
                      "conditionalRequired": false,
                      "nationwideRecordedInformation": false,
                      "hiddenField": false,
                      "hiddenTitle": false,
                      "rowNumber": 14
                    },
                    "required": [],
                    "properties": {
                      "asia": {
                        "type": "string",
                        "sosmeta": {
                          "name": [
                            {
                              "lang": "fi",
                              "value": "Asia"
                            },
                            {
                              "lang": "sv",
                              "value": "Ärende"
                            }
                          ],
                          "title": [
                            {
                              "lang": "fi",
                              "value": "Asia, johon kuultavan suhtautumista selvitetään"
                            },
                            {
                              "lang": "sv",
                              "value": "Ärende, för vilket uppfattningen hos den person som hörs utreds"
                            }
                          ],
                          "description": [
                            {
                              "lang": "fi",
                              "value": "Kenttään kirjataan asia, johon kuultavan suhtautuminen selvitetään. Jos kuuleminen liittyy huostaanottoon, tähän kenttään kirjataan esim. Huostaanotto. Erikseen kirjataan suhtautuminen sijaishuoltopaikkaan, jolloin tähän kenttään kirjataan esim. Sijaishuoltopaikka."
                            },
                            {
                              "lang": "sv",
                              "value": "I fältet antecknas det ärende, för vilket uppfattningen hos den person som hörs utreds. Om hörandet gäller omhändertagande, antecknar man här till exempel Omhändertagande. Uppfattningen om platsen för vård utom hemmet antecknas separat, varvid till exempel Plats för vård utom hemmet antecknas här."
                            }
                          ],
                          "example": [
                            {
                              "lang": "fi",
                              "value": "Huostaanotto"
                            },
                            {
                              "lang": "sv",
                              "value": "Omhändertagande"
                            }
                          ],
                          "representation": [
                            {
                              "lang": "fi",
                              "value": "Teksti"
                            },
                            {
                              "lang": "sv",
                              "value": "Text"
                            }
                          ],
                          "repeatable": false,
                          "required": false,
                          "conditionalRequired": false,
                          "nationwideRecordedInformation": false,
                          "hiddenField": false,
                          "hiddenTitle": false,
                          "rowNumber": 15
                        }
                      },
                      "vastustus": {
                        "type": "boolean",
                        "sosmeta": {
                          "name": [
                            {
                              "lang": "fi",
                              "value": "Vastustus"
                            },
                            {
                              "lang": "sv",
                              "value": "Motsättande"
                            }
                          ],
                          "title": [
                            {
                              "lang": "fi",
                              "value": "Vastustaako kuultava käsiteltävää asiaa"
                            },
                            {
                              "lang": "sv",
                              "value": "Motsätter sig den person som hörs det ärende som behandlas"
                            }
                          ],
                          "description": [
                            {
                              "lang": "fi",
                              "value": "Kenttään kirjataan vastustaako kuultava käsiteltävänä olevaa asiaa. Kuultava voi esimerkiksi vastustaa lapsen huostaanottoa."
                            },
                            {
                              "lang": "sv",
                              "value": "I fältet antecknas om den som hörs motsätter sig ärendet som är under behandling. Den som hörs kan till exempel motsätta sig omhändertagandet av ett barn."
                            }
                          ],
                          "example": [
                            {
                              "lang": "fi",
                              "value": "Kyllä"
                            },
                            {
                              "lang": "sv",
                              "value": "Ja"
                            }
                          ],
                          "representation": [
                            {
                              "lang": "fi",
                              "value": "Kytkin"
                            },
                            {
                              "lang": "sv",
                              "value": "Brytare"
                            }
                          ],
                          "repeatable": false,
                          "required": false,
                          "conditionalRequired": false,
                          "nationwideRecordedInformation": false,
                          "hiddenField": false,
                          "hiddenTitle": false,
                          "rowNumber": 16
                        }
                      },
                      "perustelu": {
                        "type": "string",
                        "sosmeta": {
                          "name": [
                            {
                              "lang": "fi",
                              "value": "Perustelu"
                            },
                            {
                              "lang": "sv",
                              "value": "Motiveringar"
                            }
                          ],
                          "title": [
                            {
                              "lang": "fi",
                              "value": "Kuultavan näkemys ja perustelut"
                            },
                            {
                              "lang": "sv",
                              "value": "Den hördas åsikt och motiveringar"
                            }
                          ],
                          "description": [
                            {
                              "lang": "fi",
                              "value": "Kenttään kirjataan kuultavan näkemys, mielipide tai kannanotto asiaan, ja sen perustelut."
                            },
                            {
                              "lang": "sv",
                              "value": "I fältet antecknas den hördas uppfattning, åsikt och ställningstagande i ärendet, och motiveringarna."
                            }
                          ],
                          "example": [
                            {
                              "lang": "fi",
                              "value": "-"
                            },
                            {
                              "lang": "sv",
                              "value": "-"
                            }
                          ],
                          "representation": [
                            {
                              "lang": "fi",
                              "value": "Teksti"
                            },
                            {
                              "lang": "sv",
                              "value": "Text"
                            }
                          ],
                          "repeatable": false,
                          "required": false,
                          "conditionalRequired": false,
                          "nationwideRecordedInformation": false,
                          "hiddenField": false,
                          "hiddenTitle": false,
                          "rowNumber": 17
                        }
                      }
                    }
                  }
                },
                "selvittamisen_tapa": {
                  "type": "string",
                  "sosmeta": {
                    "name": [
                      {
                        "lang": "fi",
                        "value": "Selvittämisen tapa"
                      },
                      {
                        "lang": "sv",
                        "value": "Utredningssätt"
                      }
                    ],
                    "title": [
                      {
                        "lang": "fi",
                        "value": "Kuvaus kuulemisen tavasta"
                      },
                      {
                        "lang": "sv",
                        "value": "Beskrivning av metod för hörande"
                      }
                    ],
                    "description": [
                      {
                        "lang": "fi",
                        "value": "Kenttään kuvataan erityisesti kuinka lasta on kuultu (Lastensuojelulaki 20 §)."
                      },
                      {
                        "lang": "sv",
                        "value": "I fältet beskriver man särskilt hur barnet har hörts (Barnskyddslagen 20 §)."
                      }
                    ],
                    "representation": [
                      {
                        "lang": "fi",
                        "value": "Teksti"
                      },
                      {
                        "lang": "sv",
                        "value": "Text"
                      }
                    ],
                    "repeatable": false,
                    "required": false,
                    "conditionalRequired": false,
                    "nationwideRecordedInformation": false,
                    "hiddenField": false,
                    "hiddenTitle": false,
                    "rowNumber": 18
                  }
                }
              }
            }
          }
        },
        "lisatiedot": {
          "type": "string",
          "sosmeta": {
            "name": [
              {
                "lang": "fi",
                "value": "Lisätiedot"
              },
              {
                "lang": "sv",
                "value": "Mer information"
              }
            ],
            "description": [
              {
                "lang": "fi",
                "value": "Kenttään voidaan kirjata esimerkiksi muita asioita, joita kuultavana oleva henkilö haluaa tuoda esiin asiaan liittyen. Jos kuultava haluaa täydentää myöhemmin kantaansa kirjallisesti, tieto tulevasta täydennyksestä voidaan kirjata tähän kenttään."
              },
              {
                "lang": "sv",
                "value": "I fältet kan man till exempel anteckna andra ärenden, som den person som hörs vill framföra i anslutning till ärendet. Om den person som blir hörd vill komplettera sitt ställningstagande skriftligt senare, kan man anteckna information om kommande komplettering i det här fältet."
              }
            ],
            "representation": [
              {
                "lang": "fi",
                "value": "Teksti"
              },
              {
                "lang": "sv",
                "value": "Text"
              }
            ],
            "repeatable": false,
            "required": false,
            "conditionalRequired": false,
            "nationwideRecordedInformation": false,
            "hiddenField": false,
            "hiddenTitle": false,
            "rowNumber": 19
          }
        },
        "lakiselostus": {
          "type": "string",
          "sosmeta": {
            "name": [
              {
                "lang": "fi",
                "value": "Lakiselostus"
              },
              {
                "lang": "sv",
                "value": "Lagförklaring"
              }
            ],
            "implementationNote": [
              {
                "lang": "fi",
                "value": "Kentässä voidaan käyttää automaattitekstiä, jonka organisaatio yhdessä tietojärjestelmätoimittajan kanssa laatii. THL ei laadi kentässä näytettäviä tekstejä."
              },
              {
                "lang": "sv",
                "value": "Kentässä voidaan käyttää automaattitekstiä, jonka organisaatio yhdessä tietojärjestelmätoimittajan kanssa laatii. THL ei laadi kentässä näytettäviä tekstejä."
              }
            ],
            "representation": [
              {
                "lang": "fi",
                "value": "Teksti"
              },
              {
                "lang": "sv",
                "value": "Text"
              }
            ],
            "repeatable": false,
            "required": false,
            "conditionalRequired": false,
            "nationwideRecordedInformation": false,
            "hiddenField": false,
            "hiddenTitle": false,
            "rowNumber": 20
          }
        },
        "paivamaara": {
          "type": "string",
          "pattern": "^-?[0-9]{4}(-(0[1-9]|1[0-2])(-(0[0-9]|[1-2][0-9]|3[0-1]))?)?$",
          "sosmeta": {
            "name": [
              {
                "lang": "fi",
                "value": "Päivämäärä"
              },
              {
                "lang": "sv",
                "value": "Datum"
              }
            ],
            "description": [
              {
                "lang": "fi",
                "value": "Kenttään kirjataan asiakirjan laatimispäivämäärä."
              },
              {
                "lang": "sv",
                "value": "I fältet antecknas datum för upprättandet av handlingen."
              }
            ],
            "representation": [
              {
                "lang": "fi",
                "value": "Pvm"
              },
              {
                "lang": "sv",
                "value": "Datum"
              }
            ],
            "repeatable": false,
            "required": false,
            "conditionalRequired": false,
            "nationwideRecordedInformation": false,
            "hiddenField": false,
            "hiddenTitle": false,
            "rowNumber": 21
          }
        },
        "laatija": {
          "type": "object",
          "additionalProperties": false,
          "sosmeta": {
            "name": [
              {
                "lang": "fi",
                "value": "Laatija"
              },
              {
                "lang": "sv",
                "value": "Upprättare"
              }
            ],
            "description": [
              {
                "lang": "fi",
                "value": "Laatija on kuulemisen toteuttanut ammattihenkilö."
              },
              {
                "lang": "sv",
                "value": "Upprättaren är en yrkesutbildad person som har genomfört hörandet."
              }
            ],
            "repeatable": false,
            "required": true,
            "conditionalRequired": false,
            "nationwideRecordedInformation": false,
            "hiddenField": false,
            "hiddenTitle": false,
            "rowNumber": 22
          },
          "required": [
            "sukunimi",
            "etunimet"
          ],
          "properties": {
            "sukunimi": {
              "type": "string",
              "minLength": 1,
              "sosmeta": {
                "name": [
                  {
                    "lang": "fi",
                    "value": "Sukunimi"
                  },
                  {
                    "lang": "sv",
                    "value": "Efternamn"
                  }
                ],
                "description": [
                  {
                    "lang": "fi",
                    "value": "-"
                  },
                  {
                    "lang": "sv",
                    "value": "-"
                  }
                ],
                "representation": [
                  {
                    "lang": "fi",
                    "value": "Nimi"
                  },
                  {
                    "lang": "sv",
                    "value": "Namn"
                  }
                ],
                "repeatable": false,
                "required": true,
                "conditionalRequired": false,
                "nationwideRecordedInformation": false,
                "hiddenField": false,
                "hiddenTitle": false,
                "rowNumber": 23
              }
            },
            "etunimet": {
              "type": "string",
              "minLength": 1,
              "sosmeta": {
                "name": [
                  {
                    "lang": "fi",
                    "value": "Etunimet"
                  },
                  {
                    "lang": "sv",
                    "value": "Samtliga förnamn"
                  }
                ],
                "description": [
                  {
                    "lang": "fi",
                    "value": "-"
                  },
                  {
                    "lang": "sv",
                    "value": "-"
                  }
                ],
                "representation": [
                  {
                    "lang": "fi",
                    "value": "Nimi"
                  },
                  {
                    "lang": "sv",
                    "value": "Namn"
                  }
                ],
                "repeatable": false,
                "required": true,
                "conditionalRequired": false,
                "nationwideRecordedInformation": false,
                "hiddenField": false,
                "hiddenTitle": false,
                "rowNumber": 24
              }
            },
            "tehtavanimike": {
              "type": "string",
              "sosmeta": {
                "name": [
                  {
                    "lang": "fi",
                    "value": "Tehtävänimike"
                  },
                  {
                    "lang": "sv",
                    "value": "Uppgiftsbeteckning"
                  }
                ],
                "description": [
                  {
                    "lang": "fi",
                    "value": "-"
                  },
                  {
                    "lang": "sv",
                    "value": "-"
                  }
                ],
                "example": [
                  {
                    "lang": "fi",
                    "value": "-"
                  },
                  {
                    "lang": "sv",
                    "value": "-"
                  }
                ],
                "representation": [
                  {
                    "lang": "fi",
                    "value": "Teksti"
                  },
                  {
                    "lang": "sv",
                    "value": "Text"
                  }
                ],
                "repeatable": false,
                "required": false,
                "conditionalRequired": false,
                "nationwideRecordedInformation": false,
                "hiddenField": false,
                "hiddenTitle": false,
                "rowNumber": 25
              }
            },
            "palveluyksikko": {
              "type": "object",
              "additionalProperties": false,
              "sosmeta": {
                "name": [
                  {
                    "lang": "fi",
                    "value": "Palveluyksikkö"
                  },
                  {
                    "lang": "sv",
                    "value": "Serviceenhet"
                  }
                ],
                "description": [
                  {
                    "lang": "fi",
                    "value": "Kenttään kirjataan palveluyksikön nimi SOTE-organisaatiorekisterin avulla."
                  },
                  {
                    "lang": "sv",
                    "value": "I fältet antecknas namnet på serviceenheten enligt Organisationsregistret för social- och hälsovården."
                  }
                ],
                "example": [
                  {
                    "lang": "fi",
                    "value": "1.2.246.10.1012636.10.1.1.100768 \u003d Espoon keskuksen lastensuojelu, Espoon kaupunki, sosiaali- ja terveystoimi"
                  },
                  {
                    "lang": "sv",
                    "value": "1.2.246.10.1012636.10.1.1.100768 \u003d Esbo centrums barnskydd, Esbo stad, social- och hälsovårdssektorn"
                  }
                ],
                "classification": [
                  {
                    "lang": "fi",
                    "value": "Koodistopalvelin: THL - SOTE-organisaatiorekisteri 1.2.246.537.6.202"
                  },
                  {
                    "lang": "sv",
                    "value": "Kodtjänsten: THL - SOTE-organisationsregister 1.2.246.537.6.202"
                  }
                ],
                "classificationLink": [
                  {
                    "lang": "",
                    "value": "https://koodistopalvelu.kanta.fi/codeserver/pages/classification-view-page.xhtml?classificationKey\u003d421\u0026versionKey\u003d501"
                  }
                ],
                "classificationOid": [
                  {
                    "lang": "",
                    "value": "1.2.246.537.6.202"
                  }
                ],
                "representation": [
                  {
                    "lang": "fi",
                    "value": "Koodi"
                  },
                  {
                    "lang": "sv",
                    "value": "Kod"
                  }
                ],
                "repeatable": false,
                "required": false,
                "conditionalRequired": false,
                "nationwideRecordedInformation": false,
                "hiddenField": false,
                "hiddenTitle": false,
                "rowNumber": 26
              },
              "required": [
                "system",
                "code",
                "display"
              ],
              "properties": {
                "system": {
                  "type": "string",
                  "pattern": "^urn:oid:1\\.2\\.246\\.537\\.6\\.202(\\.\\d+)*$"
                },
                "code": {
                  "type": "string"
                },
                "display": {
                  "type": "string"
                }
              }
            }
          }
        },
        "allekirjoitus": {
          "type": "object",
          "additionalProperties": false,
          "sosmeta": {
            "name": [
              {
                "lang": "fi",
                "value": "Allekirjoitus"
              },
              {
                "lang": "sv",
                "value": "Underskrift"
              }
            ],
            "description": [
              {
                "lang": "fi",
                "value": "Asiakirjan allekirjoittaa kuultava henkilö."
              },
              {
                "lang": "sv",
                "value": "Den person som blir hörd ska underteckna handlingen."
              }
            ],
            "repeatable": false,
            "required": true,
            "conditionalRequired": false,
            "nationwideRecordedInformation": false,
            "hiddenField": false,
            "hiddenTitle": false,
            "rowNumber": 27
          },
          "required": [
            "allekirjoituksen_tyyppi"
          ],
          "properties": {
            "allekirjoituksen_tyyppi": {
              "type": "object",
              "additionalProperties": false,
              "sosmeta": {
                "name": [
                  {
                    "lang": "fi",
                    "value": "Allekirjoituksen tyyppi"
                  },
                  {
                    "lang": "sv",
                    "value": "Typ av underskrift"
                  }
                ],
                "description": [
                  {
                    "lang": "fi",
                    "value": "Kenttään kirjataan luokituksen avulla allekirjoituksen tyyppi."
                  },
                  {
                    "lang": "sv",
                    "value": "I fältet antecknas underskriftens typ med hjälp av klassificeringen."
                  }
                ],
                "example": [
                  {
                    "lang": "fi",
                    "value": "1 \u003d Asiakirja on allekirjoitettu sähköisesti"
                  },
                  {
                    "lang": "sv",
                    "value": "1 \u003d Handlingen har undertecknats elektroniskt"
                  }
                ],
                "classification": [
                  {
                    "lang": "fi",
                    "value": "Koodistopalvelin: eArkisto - Allekirjoitus 1.2.246.537.5.40161"
                  },
                  {
                    "lang": "sv",
                    "value": "Kodtjänsten: eArkiv - Underskrift 1.2.246.537.5.40161"
                  }
                ],
                "classificationLink": [
                  {
                    "lang": "",
                    "value": "https://koodistopalvelu.kanta.fi/codeserver/pages/classification-view-page.xhtml?classificationKey\u003d252\u0026versionKey\u003d329"
                  }
                ],
                "classificationOid": [
                  {
                    "lang": "",
                    "value": "1.2.246.537.5.40161"
                  }
                ],
                "representation": [
                  {
                    "lang": "fi",
                    "value": "Koodi"
                  },
                  {
                    "lang": "sv",
                    "value": "Kod"
                  }
                ],
                "repeatable": false,
                "required": true,
                "conditionalRequired": false,
                "nationwideRecordedInformation": false,
                "hiddenField": false,
                "hiddenTitle": false,
                "rowNumber": 28
              },
              "required": [
                "system",
                "code",
                "display"
              ],
              "properties": {
                "system": {
                  "type": "string",
                  "pattern": "^urn:oid:1\\.2\\.246\\.537\\.5\\.40161(\\.\\d+)*$"
                },
                "code": {
                  "type": "string"
                },
                "display": {
                  "type": "string"
                }
              }
            },
            "paikka": {
              "type": "string",
              "sosmeta": {
                "name": [
                  {
                    "lang": "fi",
                    "value": "Paikka"
                  },
                  {
                    "lang": "sv",
                    "value": "Plats"
                  }
                ],
                "description": [
                  {
                    "lang": "fi",
                    "value": "Kenttään kirjataan allekirjoituspaikka. Kenttää käytetään vain paperitulosteessa tai -lomakkeessa silloin, kun asiakirja allekirjoitetaan käsin eli Allekirjoituksen tyyppi -kenttään on valittu koodi 2 \u003d Asiakirja on allekirjoitettu käsin. Kenttä voidaan täyttää asiakastietojärjestelmässä samalla kun asiakirja laaditaan, jos asiakirja allekirjoitetaan laatimisen yhteydessä."
                  },
                  {
                    "lang": "sv",
                    "value": "I fältet antecknas orten för underskriften. Fältet används endast för pappersutskrift eller -blankett när handlingen undertecknas för hand dvs. kod 2 \u003d Handlingen har undertecknats för hand har valts i fältet Underskriftens typ. Fältet kan ifyllas i klientdatasystemet samtidigt som handlingen upprättas, om handlingen undertecknas i samband med upprättandet."
                  }
                ],
                "example": [
                  {
                    "lang": "fi",
                    "value": "Helsinki"
                  },
                  {
                    "lang": "sv",
                    "value": "Helsingfors"
                  }
                ],
                "representation": [
                  {
                    "lang": "fi",
                    "value": "Teksti"
                  },
                  {
                    "lang": "sv",
                    "value": "Text"
                  }
                ],
                "repeatable": false,
                "required": false,
                "conditionalRequired": false,
                "nationwideRecordedInformation": false,
                "hiddenField": false,
                "hiddenTitle": false,
                "rowNumber": 29
              }
            },
            "paivamaara": {
              "type": "string",
              "pattern": "^-?[0-9]{4}(-(0[1-9]|1[0-2])(-(0[0-9]|[1-2][0-9]|3[0-1]))?)?$",
              "sosmeta": {
                "name": [
                  {
                    "lang": "fi",
                    "value": "Päivämäärä"
                  },
                  {
                    "lang": "sv",
                    "value": "Datum"
                  }
                ],
                "description": [
                  {
                    "lang": "fi",
                    "value": "Kenttään kirjataan allekirjoituksen päivämäärä. Kenttää käytetään vain paperitulosteessa tai -lomakkeessa, kun asiakirja allekirjoitetaan käsin ja Allekirjoituksen tyyppi -kenttään on valittu koodi 2 \u003d Asiakirja on allekirjoitettu käsin. Kenttä voidaan täyttää asiakastietojärjestelmässä samalla kun asiakirja laaditaan, jos asiakirja allekirjoitetaan laatimisen yhteydessä."
                  },
                  {
                    "lang": "sv",
                    "value": "I fältet antecknas datum för underskriften. Fältet används endast för pappersutskrift eller -blankett när handlingen undertecknas för hand och kod 2 \u003d Handlingen har undertecknats för hand har valts i fältet Underskriftens typ. Fältet kan ifyllas i klientdatasystemet samtidigt som handlingen upprättas, om handlingen undertecknas i samband med upprättandet."
                  }
                ],
                "example": [
                  {
                    "lang": "fi",
                    "value": "29.05.2020"
                  },
                  {
                    "lang": "sv",
                    "value": "29.05.2020"
                  }
                ],
                "representation": [
                  {
                    "lang": "fi",
                    "value": "Pvm"
                  },
                  {
                    "lang": "sv",
                    "value": "Datum"
                  }
                ],
                "repeatable": false,
                "required": false,
                "conditionalRequired": false,
                "nationwideRecordedInformation": false,
                "hiddenField": false,
                "hiddenTitle": false,
                "rowNumber": 30
              }
            },
            "allekirjoitus": {
              "type": "string",
              "sosmeta": {
                "name": [
                  {
                    "lang": "fi",
                    "value": "Allekirjoitus"
                  },
                  {
                    "lang": "sv",
                    "value": "Underskrift"
                  }
                ],
                "description": [
                  {
                    "lang": "fi",
                    "value": "Kenttää käytetään vain paperitulosteessa tai -lomakkeessa, kun asiakirja allekirjoitetaan käsin ja Allekirjoituksen tyyppi -kenttään on valittu koodi 2 \u003d Asiakirja on allekirjoitettu käsin."
                  },
                  {
                    "lang": "sv",
                    "value": "Fältet används endast för pappersutskrift eller -blankett när handlingen undertecknas för hand och kod 2 \u003d Handlingen har undertecknats för hand har valts i fältet Underskriftens typ."
                  }
                ],
                "representation": [
                  {
                    "lang": "fi",
                    "value": "Allekirjoitus"
                  },
                  {
                    "lang": "sv",
                    "value": "Underskrift"
                  }
                ],
                "repeatable": false,
                "required": false,
                "conditionalRequired": false,
                "nationwideRecordedInformation": false,
                "hiddenField": false,
                "hiddenTitle": false,
                "rowNumber": 31
              }
            },
            "nimi": {
              "type": "string",
              "sosmeta": {
                "name": [
                  {
                    "lang": "fi",
                    "value": "Nimi"
                  },
                  {
                    "lang": "sv",
                    "value": "Namn"
                  }
                ],
                "description": [
                  {
                    "lang": "fi",
                    "value": "Kenttään kirjataan allekirjoittajan nimi tai nimenselvennys. Kenttää käytetään vain paperitulosteessa tai -lomakkeessa, kun asiakirja allekirjoitetaan käsin ja Allekirjoituksen tyyppi -kenttään on valittu koodi 2 \u003d Asiakirja on allekirjoitettu käsin. Kenttä voidaan täyttää asiakastietojärjestelmässä samalla kun asiakirja laaditaan, jos asiakirja allekirjoitetaan laatimisen yhteydessä."
                  },
                  {
                    "lang": "sv",
                    "value": "I fältet antecknas undertecknarens namn eller namnförtydligande. Fältet används endast för pappersutskrift eller -blankett när handlingen undertecknas för hand och kod 2 \u003d Handlingen har undertecknats för hand har valts i fältet Underskriftens typ. Fältet kan ifyllas i klientdatasystemet samtidigt som handlingen upprättas, om handlingen undertecknas i samband med upprättandet."
                  }
                ],
                "representation": [
                  {
                    "lang": "fi",
                    "value": "Nimi"
                  },
                  {
                    "lang": "sv",
                    "value": "Namn"
                  }
                ],
                "repeatable": false,
                "required": false,
                "conditionalRequired": false,
                "nationwideRecordedInformation": false,
                "hiddenField": false,
                "hiddenTitle": false,
                "rowNumber": 32
              }
            }
          }
        }
      }
    }
  }
}