{
  "$schema": "http://json-schema.org/draft-07/schema#",
  "title": "\u0027Sosiaalinen selvitys perusopetuksen erityisen tuen tarpeen arviointia varten\u0027 JSON schema",
  "type": "object",
  "additionalProperties": false,
  "sosmeta": {
    "title": "\u0027Sosiaalinen selvitys perusopetuksen erityisen tuen tarpeen arviointia varten\u0027 JSON schema",
    "status": "Valmis",
    "documentDefinitionVersion": "2024-04-08",
    "dataComponentLibraryVersion": "2023-09-08",
    "oid": "1.2.246.537.6.1506.1021.2024.4.8",
    "documentType": "Lausunto"
  },
  "required": [
    "sosiaalinen_selvitys_perusopetuksen_erityisen_tuen_tarpeen_arviointia_varten"
  ],
  "properties": {
    "sosiaalinen_selvitys_perusopetuksen_erityisen_tuen_tarpeen_arviointia_varten": {
      "type": "object",
      "additionalProperties": false,
      "sosmeta": {
        "name": [
          {
            "lang": "fi",
            "value": "Sosiaalinen selvitys perusopetuksen erityisen tuen tarpeen arviointia varten"
          },
          {
            "lang": "sv",
            "value": "Social utredning för bedömning av behovet av särskilt stöd i grundläggande utbildning"
          }
        ]
      },
      "required": [
        "asiakas",
        "laatija"
      ],
      "properties": {
        "vastaanottaja": {
          "type": "object",
          "additionalProperties": false,
          "sosmeta": {
            "name": [
              {
                "lang": "fi",
                "value": "Vastaanottaja"
              },
              {
                "lang": "sv",
                "value": "Mottagare"
              }
            ],
            "description": [
              {
                "lang": "fi",
                "value": "Tähän kirjataan vastaanottajan tiedot. Asiakirjan vastaanottaja on koulutuksen järjestäjä."
              },
              {
                "lang": "sv",
                "value": "Här antecknas uppgifter om mottagaren. Mottagaren av handlingen är utbildningsanordnare."
              }
            ],
            "repeatable": false,
            "required": false,
            "conditionalRequired": false,
            "nationwideRecordedInformation": false,
            "hiddenField": false,
            "hiddenTitle": false,
            "rowNumber": 1
          },
          "required": [],
          "properties": {
            "organisaation_nimi": {
              "type": "string",
              "sosmeta": {
                "name": [
                  {
                    "lang": "fi",
                    "value": "Organisaation nimi"
                  },
                  {
                    "lang": "sv",
                    "value": "Organisationens namn"
                  }
                ],
                "description": [
                  {
                    "lang": "fi",
                    "value": "Kenttään kirjataan koulun nimi."
                  },
                  {
                    "lang": "sv",
                    "value": "I fältet antecknas skolans namn."
                  }
                ],
                "representation": [
                  {
                    "lang": "fi",
                    "value": "Nimi"
                  },
                  {
                    "lang": "sv",
                    "value": "Namn"
                  }
                ],
                "repeatable": false,
                "required": false,
                "conditionalRequired": false,
                "nationwideRecordedInformation": false,
                "hiddenField": false,
                "hiddenTitle": false,
                "rowNumber": 2
              }
            },
            "yhteystiedot": {
              "type": "object",
              "additionalProperties": false,
              "sosmeta": {
                "name": [
                  {
                    "lang": "fi",
                    "value": "Yhteystiedot"
                  },
                  {
                    "lang": "sv",
                    "value": "Kontaktuppgifter"
                  }
                ],
                "description": [
                  {
                    "lang": "fi",
                    "value": "-"
                  },
                  {
                    "lang": "sv",
                    "value": "-"
                  }
                ],
                "repeatable": false,
                "required": false,
                "conditionalRequired": false,
                "nationwideRecordedInformation": false,
                "hiddenField": false,
                "hiddenTitle": false,
                "rowNumber": 3
              },
              "required": [],
              "properties": {
                "osoite": {
                  "type": "object",
                  "additionalProperties": false,
                  "sosmeta": {
                    "name": [
                      {
                        "lang": "fi",
                        "value": "Osoite"
                      },
                      {
                        "lang": "sv",
                        "value": "Adress"
                      }
                    ],
                    "description": [
                      {
                        "lang": "fi",
                        "value": "-"
                      },
                      {
                        "lang": "sv",
                        "value": "-"
                      }
                    ],
                    "implementationNote": [
                      {
                        "lang": "fi",
                        "value": "Tietokokonaisuus ei ole toistuva TK Yhteystietojen määrityksestä poiketen."
                      },
                      {
                        "lang": "sv",
                        "value": "Tietokokonaisuus ei ole toistuva TK Yhteystietojen määrityksestä poiketen."
                      }
                    ],
                    "repeatable": false,
                    "required": false,
                    "conditionalRequired": false,
                    "nationwideRecordedInformation": false,
                    "hiddenField": false,
                    "hiddenTitle": false,
                    "rowNumber": 4
                  },
                  "required": [],
                  "properties": {
                    "lahiosoite": {
                      "type": "string",
                      "sosmeta": {
                        "name": [
                          {
                            "lang": "fi",
                            "value": "Lähiosoite"
                          },
                          {
                            "lang": "sv",
                            "value": "Näradress"
                          }
                        ],
                        "description": [
                          {
                            "lang": "fi",
                            "value": "-"
                          },
                          {
                            "lang": "sv",
                            "value": "-"
                          }
                        ],
                        "example": [
                          {
                            "lang": "fi",
                            "value": "-"
                          },
                          {
                            "lang": "sv",
                            "value": "-"
                          }
                        ],
                        "representation": [
                          {
                            "lang": "fi",
                            "value": "Teksti"
                          },
                          {
                            "lang": "sv",
                            "value": "Text"
                          }
                        ],
                        "repeatable": false,
                        "required": false,
                        "conditionalRequired": false,
                        "nationwideRecordedInformation": false,
                        "hiddenField": false,
                        "hiddenTitle": false,
                        "rowNumber": 5
                      }
                    },
                    "postinumero": {
                      "type": "string",
                      "sosmeta": {
                        "name": [
                          {
                            "lang": "fi",
                            "value": "Postinumero"
                          },
                          {
                            "lang": "sv",
                            "value": "Postnummer"
                          }
                        ],
                        "description": [
                          {
                            "lang": "fi",
                            "value": "-"
                          },
                          {
                            "lang": "sv",
                            "value": "-"
                          }
                        ],
                        "example": [
                          {
                            "lang": "fi",
                            "value": "-"
                          },
                          {
                            "lang": "sv",
                            "value": "-"
                          }
                        ],
                        "representation": [
                          {
                            "lang": "fi",
                            "value": "Teksti"
                          },
                          {
                            "lang": "sv",
                            "value": "Text"
                          }
                        ],
                        "repeatable": false,
                        "required": false,
                        "conditionalRequired": false,
                        "nationwideRecordedInformation": false,
                        "hiddenField": false,
                        "hiddenTitle": false,
                        "rowNumber": 6
                      }
                    },
                    "postitoimipaikka": {
                      "type": "string",
                      "sosmeta": {
                        "name": [
                          {
                            "lang": "fi",
                            "value": "Postitoimipaikka"
                          },
                          {
                            "lang": "sv",
                            "value": "Postkontor"
                          }
                        ],
                        "description": [
                          {
                            "lang": "fi",
                            "value": "-"
                          },
                          {
                            "lang": "sv",
                            "value": "-"
                          }
                        ],
                        "example": [
                          {
                            "lang": "fi",
                            "value": "-"
                          },
                          {
                            "lang": "sv",
                            "value": "-"
                          }
                        ],
                        "representation": [
                          {
                            "lang": "fi",
                            "value": "Nimi"
                          },
                          {
                            "lang": "sv",
                            "value": "Namn"
                          }
                        ],
                        "repeatable": false,
                        "required": false,
                        "conditionalRequired": false,
                        "nationwideRecordedInformation": false,
                        "hiddenField": false,
                        "hiddenTitle": false,
                        "rowNumber": 7
                      }
                    }
                  }
                }
              }
            },
            "yhteyshenkilo": {
              "type": "object",
              "additionalProperties": false,
              "sosmeta": {
                "name": [
                  {
                    "lang": "fi",
                    "value": "Yhteyshenkilö"
                  },
                  {
                    "lang": "sv",
                    "value": "Kontaktperson"
                  }
                ],
                "description": [
                  {
                    "lang": "fi",
                    "value": "Yhteyshenkilöksi kirjataan asiakirjan vastaanottava rehtori tai aluepäällikkö."
                  },
                  {
                    "lang": "sv",
                    "value": "Som kontaktperson antecknas den rektor eller områdeschef som tar emot handlingen."
                  }
                ],
                "implementationNote": [
                  {
                    "lang": "fi",
                    "value": "Kenttä ei ole toistuva tietokomponentin ohjeistuksesta poiketen."
                  },
                  {
                    "lang": "sv",
                    "value": "Kenttä ei ole toistuva tietokomponentin ohjeistuksesta poiketen."
                  }
                ],
                "repeatable": false,
                "required": false,
                "conditionalRequired": false,
                "nationwideRecordedInformation": false,
                "hiddenField": false,
                "hiddenTitle": false,
                "rowNumber": 8
              },
              "required": [
                "sukunimi",
                "etunimet"
              ],
              "properties": {
                "sukunimi": {
                  "type": "string",
                  "minLength": 1,
                  "sosmeta": {
                    "name": [
                      {
                        "lang": "fi",
                        "value": "Sukunimi"
                      },
                      {
                        "lang": "sv",
                        "value": "Efternamn"
                      }
                    ],
                    "description": [
                      {
                        "lang": "fi",
                        "value": "Kenttään kirjataan henkilön sukunimi."
                      },
                      {
                        "lang": "sv",
                        "value": "I fältet antecknas personens efternamn."
                      }
                    ],
                    "representation": [
                      {
                        "lang": "fi",
                        "value": "Nimi"
                      },
                      {
                        "lang": "sv",
                        "value": "Namn"
                      }
                    ],
                    "repeatable": false,
                    "required": true,
                    "conditionalRequired": false,
                    "nationwideRecordedInformation": false,
                    "hiddenField": false,
                    "hiddenTitle": false,
                    "rowNumber": 9
                  }
                },
                "etunimet": {
                  "type": "string",
                  "minLength": 1,
                  "sosmeta": {
                    "name": [
                      {
                        "lang": "fi",
                        "value": "Etunimet"
                      },
                      {
                        "lang": "sv",
                        "value": "Samtliga förnamn"
                      }
                    ],
                    "description": [
                      {
                        "lang": "fi",
                        "value": "Kenttään kirjataan henkilön etunimi."
                      },
                      {
                        "lang": "sv",
                        "value": "I fältet antecknas personens förnamn."
                      }
                    ],
                    "representation": [
                      {
                        "lang": "fi",
                        "value": "Nimi"
                      },
                      {
                        "lang": "sv",
                        "value": "Namn"
                      }
                    ],
                    "repeatable": false,
                    "required": true,
                    "conditionalRequired": false,
                    "nationwideRecordedInformation": false,
                    "hiddenField": false,
                    "hiddenTitle": false,
                    "rowNumber": 10
                  }
                }
              }
            }
          }
        },
        "asiakas": {
          "type": "object",
          "additionalProperties": false,
          "sosmeta": {
            "name": [
              {
                "lang": "fi",
                "value": "Asiakas"
              },
              {
                "lang": "sv",
                "value": "Kund"
              }
            ],
            "description": [
              {
                "lang": "fi",
                "value": "Asiakkaana on oppilas."
              },
              {
                "lang": "sv",
                "value": "Eleven är kund."
              }
            ],
            "repeatable": false,
            "required": true,
            "conditionalRequired": false,
            "nationwideRecordedInformation": false,
            "hiddenField": false,
            "hiddenTitle": false,
            "rowNumber": 11
          },
          "required": [
            "sukunimi",
            "etunimet",
            "henkilotunnus"
          ],
          "properties": {
            "sukunimi": {
              "type": "string",
              "minLength": 1,
              "sosmeta": {
                "name": [
                  {
                    "lang": "fi",
                    "value": "Sukunimi"
                  },
                  {
                    "lang": "sv",
                    "value": "Efternamn"
                  }
                ],
                "description": [
                  {
                    "lang": "fi",
                    "value": "-"
                  },
                  {
                    "lang": "sv",
                    "value": "-"
                  }
                ],
                "representation": [
                  {
                    "lang": "fi",
                    "value": "Nimi"
                  },
                  {
                    "lang": "sv",
                    "value": "Namn"
                  }
                ],
                "repeatable": false,
                "required": true,
                "conditionalRequired": false,
                "nationwideRecordedInformation": false,
                "hiddenField": false,
                "hiddenTitle": false,
                "rowNumber": 12
              }
            },
            "etunimet": {
              "type": "string",
              "minLength": 1,
              "sosmeta": {
                "name": [
                  {
                    "lang": "fi",
                    "value": "Etunimet"
                  },
                  {
                    "lang": "sv",
                    "value": "Samtliga förnamn"
                  }
                ],
                "description": [
                  {
                    "lang": "fi",
                    "value": "-"
                  },
                  {
                    "lang": "sv",
                    "value": "-"
                  }
                ],
                "representation": [
                  {
                    "lang": "fi",
                    "value": "Nimi"
                  },
                  {
                    "lang": "sv",
                    "value": "Namn"
                  }
                ],
                "repeatable": false,
                "required": true,
                "conditionalRequired": false,
                "nationwideRecordedInformation": false,
                "hiddenField": false,
                "hiddenTitle": false,
                "rowNumber": 13
              }
            },
            "henkilotunnus": {
              "type": "object",
              "additionalProperties": false,
              "sosmeta": {
                "name": [
                  {
                    "lang": "fi",
                    "value": "Henkilötunnus"
                  },
                  {
                    "lang": "sv",
                    "value": "Personbeteckning"
                  }
                ],
                "description": [
                  {
                    "lang": "fi",
                    "value": "-"
                  },
                  {
                    "lang": "sv",
                    "value": "-"
                  }
                ],
                "implementationNote": [
                  {
                    "lang": "fi",
                    "value": "Kenttä on pakollinen TK Yksityishenkilön määrityksestä poiketen."
                  },
                  {
                    "lang": "sv",
                    "value": "Kenttä on pakollinen TK Yksityishenkilön määrityksestä poiketen."
                  }
                ],
                "representation": [
                  {
                    "lang": "fi",
                    "value": "Tunnus"
                  },
                  {
                    "lang": "sv",
                    "value": "Identifierare"
                  }
                ],
                "systemUri": [
                  {
                    "lang": "",
                    "value": "urn:oid:1.2.246.21"
                  }
                ],
                "repeatable": false,
                "required": true,
                "conditionalRequired": false,
                "nationwideRecordedInformation": false,
                "hiddenField": false,
                "hiddenTitle": false,
                "rowNumber": 14
              },
              "required": [
                "value"
              ],
              "properties": {
                "system": {
                  "type": "string"
                },
                "value": {
                  "type": "string"
                }
              }
            }
          }
        },
        "selvityksen_tekoon_osallistuneet_henkilot": {
          "type": "string",
          "sosmeta": {
            "name": [
              {
                "lang": "fi",
                "value": "Selvityksen tekoon osallistuneet henkilöt"
              },
              {
                "lang": "sv",
                "value": "Personer som har deltagit i upprättandet av utredningen"
              }
            ],
            "description": [
              {
                "lang": "fi",
                "value": "Kenttään kirjataan selvityksen tekemiseen osallistuneiden henkilöiden nimet, tehtävänimikkeet ja organisaatiot."
              },
              {
                "lang": "sv",
                "value": "I fältet antecknas namn, befattningsbenämning och organisation för de personer som har deltagit i upprättandet av utredningen."
              }
            ],
            "representation": [
              {
                "lang": "fi",
                "value": "Teksti"
              },
              {
                "lang": "sv",
                "value": "Text"
              }
            ],
            "repeatable": false,
            "required": false,
            "conditionalRequired": false,
            "nationwideRecordedInformation": false,
            "hiddenField": false,
            "hiddenTitle": false,
            "rowNumber": 15
          }
        },
        "asuminen": {
          "type": "string",
          "sosmeta": {
            "name": [
              {
                "lang": "fi",
                "value": "Asuminen"
              },
              {
                "lang": "sv",
                "value": "Boende"
              }
            ],
            "description": [
              {
                "lang": "fi",
                "value": "Kenttään kuvataan oppilaan asumistilannetta. Kenttään voidaan esimerkiksi kirjata, että oppilas on sijoitettu ja asuu laitoksessa, jos tällä on vaikutusta erityisen tuen tarpeeseen."
              },
              {
                "lang": "sv",
                "value": "I fältet beskrivs elevens boendesituation. I fältet kan man till exempel anteckna att eleven är placerad eller bor på en institution, om detta inverkar på behovet av särskilt stöd."
              }
            ],
            "representation": [
              {
                "lang": "fi",
                "value": "Teksti"
              },
              {
                "lang": "sv",
                "value": "Text"
              }
            ],
            "repeatable": false,
            "required": false,
            "conditionalRequired": false,
            "nationwideRecordedInformation": false,
            "hiddenField": false,
            "hiddenTitle": false,
            "rowNumber": 16
          }
        },
        "perhetilanne": {
          "type": "string",
          "sosmeta": {
            "name": [
              {
                "lang": "fi",
                "value": "Perhetilanne"
              },
              {
                "lang": "sv",
                "value": "Familjesituation"
              }
            ],
            "description": [
              {
                "lang": "fi",
                "value": "Kenttää käytetään, jos perhetilanteella perustellaan erityiseen tukeen siirtymistä. Kenttään kirjataan vain sellaisia perhetilanteeseen liittyviä tietoja, joilla on merkitystä perusopetuslain mukaisen erityisen tuen tarpeen arvioinnissa."
              },
              {
                "lang": "sv",
                "value": "Fältet används, om övergången till särskilt stöd motiveras med familjesituationen. I fältet antecknas endast sådana uppgifter om familjesituationen, som har betydelse vid bedömningen av behovet av särskilt stöd i enlighet med lagen om grundläggande utbildning."
              }
            ],
            "representation": [
              {
                "lang": "fi",
                "value": "Teksti"
              },
              {
                "lang": "sv",
                "value": "Text"
              }
            ],
            "repeatable": false,
            "required": false,
            "conditionalRequired": false,
            "nationwideRecordedInformation": false,
            "hiddenField": false,
            "hiddenTitle": false,
            "rowNumber": 17
          }
        },
        "vapaa_aika": {
          "type": "string",
          "sosmeta": {
            "name": [
              {
                "lang": "fi",
                "value": "Vapaa-aika"
              },
              {
                "lang": "sv",
                "value": "Fritid"
              }
            ],
            "description": [
              {
                "lang": "fi",
                "value": "Kenttään kirjataan tarpeelliset tiedot oppilaan vapaa-ajasta erityisesti toimintakyvyn näkökulmasta. Kenttään voidaan kuvata tarvittavin osin oppilaan vapaa-ajan viettoa, kiinnostuksen kohteita ja harrastuksia."
              },
              {
                "lang": "sv",
                "value": "I fältet antecknas behövliga uppgifter om elevens fritid särskilt med tanke på funktionsförmågan. I fältet kan man i behövlig omfattning beskriva elevens fritidsaktiviteter, intressen och hobbyer."
              }
            ],
            "representation": [
              {
                "lang": "fi",
                "value": "Teksti"
              },
              {
                "lang": "sv",
                "value": "Text"
              }
            ],
            "repeatable": false,
            "required": false,
            "conditionalRequired": false,
            "nationwideRecordedInformation": false,
            "hiddenField": false,
            "hiddenTitle": false,
            "rowNumber": 18
          }
        },
        "toimintakyky": {
          "type": "string",
          "sosmeta": {
            "name": [
              {
                "lang": "fi",
                "value": "Toimintakyky"
              },
              {
                "lang": "sv",
                "value": "Funktionsförmåga"
              }
            ],
            "description": [
              {
                "lang": "fi",
                "value": "Kenttään kuvataan oppilaan toimintakykyä ja hyvinvointia erityisen tuen tarpeen näkökulmasta. Pääpaino kuvauksessa on sosiaalisessa toimintakyvyssä. Kenttään voidaan kuvata esimerkiksi oppilaan itsenäisyyttä, omatoimisuutta, temperamenttia, sosiaalisia taitoja, vuorovaikutusta muiden lasten ja aikuisten kanssa, toimimista ryhmän jäsenenä ja suoriutumista sosiaalisissa tilanteissa. Tarvittaessa kenttään voidaan kirjata tietoja ja havaintoja myös oppilaan fyysisestä ja psyykkisestä toimintakyvystä. Tämä voi sisältää esimerkiksi havaintoja oppilaan luonteenpiirteistä, itsetunnosta, itseluottamuksesta, mielialasta ja tunteiden ilmaisusta."
              },
              {
                "lang": "sv",
                "value": "I fältet beskrivs elevens funktionsförmåga och välbefinnande med tanke på behovet av särskilt stöd. Tyngdpunkten i beskrivningen ligger på social funktionsförmåga. I fältet kan man beskriva till exempel elevens självständighet, initiativförmåga, temperament, sociala färdigheter, växelverkan med andra barn och vuxna, förmåga att fungera som medlem i en grupp och förmåga att klara av sociala situationer. Vid behov kan man i fältet anteckna uppgifter och observationer även om elevens fysiska och psykiska funktionsförmåga. Detta kan innefatta till exempel observationer om elevens karaktärsdrag, självkänsla, självförtroende, sinnesstämning och sätt att uttrycka känslor."
              }
            ],
            "representation": [
              {
                "lang": "fi",
                "value": "Teksti"
              },
              {
                "lang": "sv",
                "value": "Text"
              }
            ],
            "repeatable": false,
            "required": false,
            "conditionalRequired": false,
            "nationwideRecordedInformation": false,
            "hiddenField": false,
            "hiddenTitle": false,
            "rowNumber": 19
          }
        },
        "koulunkaynti": {
          "type": "string",
          "sosmeta": {
            "name": [
              {
                "lang": "fi",
                "value": "Koulunkäynti"
              },
              {
                "lang": "sv",
                "value": "Skolgång"
              }
            ],
            "description": [
              {
                "lang": "fi",
                "value": "Kenttään kuvataan ja arvioidaan oppilaan koulunkäyntiin liittyviä seikkoja, kuten oppilaan koulunkäynnin sujumista, koulupolkua, opiskelukykyä ja -valmiuksia, sosiaalisia suhteita ja yhteistyötaitoja. \n\nErityisen tärkeää on saada oppilaan oma ääni kuuluviin ja kuvata oppilaan omaa käsitystä hänen koulunkäyntinsä sujumisesta. Myös huoltajien näkemykset voi olla tärkeää kirjata."
              },
              {
                "lang": "sv",
                "value": "I fältet beskrivs och bedöms omständigheter som rör elevens skolgång, såsom hur skolgången förlöper, utbildningsstig, studieförmåga och studieberedskap, sociala relationer och samarbetsförmåga.\n\nDet är särskilt viktigt att eleven själv får komma till tals genom att man beskriver elevens egen uppfattning om hur skolgången förlöper. Det kan också vara viktigt att anteckna vårdnadshavarnas uppfattningar."
              }
            ],
            "representation": [
              {
                "lang": "fi",
                "value": "Teksti"
              },
              {
                "lang": "sv",
                "value": "Text"
              }
            ],
            "repeatable": false,
            "required": false,
            "conditionalRequired": false,
            "nationwideRecordedInformation": false,
            "hiddenField": false,
            "hiddenTitle": false,
            "rowNumber": 20
          }
        },
        "tukitoimet_ja_kontaktit": {
          "type": "string",
          "sosmeta": {
            "name": [
              {
                "lang": "fi",
                "value": "Tukitoimet ja kontaktit"
              },
              {
                "lang": "sv",
                "value": "Stödåtgärder och kontakter"
              }
            ],
            "description": [
              {
                "lang": "fi",
                "value": "Kenttään kuvataan oleellisia oppilaalle järjestettyjä tukitoimia ja oppilaan kontakteja esimerkiksi sosiaalihuoltoon ja perusterveydenhuoltoon ja erikoissairaanhoitoon."
              },
              {
                "lang": "sv",
                "value": "I fältet beskrivs väsentliga stödåtgärder som har ordnats för eleven och elevens kontakter till exempel till socialvården och primärvården och den specialiserade sjukvården."
              }
            ],
            "representation": [
              {
                "lang": "fi",
                "value": "Teksti"
              },
              {
                "lang": "sv",
                "value": "Text"
              }
            ],
            "repeatable": false,
            "required": false,
            "conditionalRequired": false,
            "nationwideRecordedInformation": false,
            "hiddenField": false,
            "hiddenTitle": false,
            "rowNumber": 21
          }
        },
        "oppilaan_ja_hanen_huoltajiensa_nakemykset": {
          "type": "object",
          "additionalProperties": false,
          "sosmeta": {
            "name": [
              {
                "lang": "fi",
                "value": "Oppilaan ja hänen huoltajiensa näkemykset"
              },
              {
                "lang": "sv",
                "value": "Uppfattningar hos eleven och elevens vårdnadshavare"
              }
            ],
            "representation": [
              {
                "lang": "fi",
                "value": "Otsikko"
              },
              {
                "lang": "sv",
                "value": "Rubrik"
              }
            ],
            "repeatable": false,
            "required": false,
            "conditionalRequired": false,
            "nationwideRecordedInformation": false,
            "hiddenField": false,
            "hiddenTitle": false,
            "rowNumber": 22
          },
          "required": [],
          "properties": {
            "oppilaan_nakemys_erityisen_tuen_tarpeesta": {
              "type": "string",
              "sosmeta": {
                "name": [
                  {
                    "lang": "fi",
                    "value": "Oppilaan näkemys erityisen tuen tarpeesta"
                  },
                  {
                    "lang": "sv",
                    "value": "Elevens uppfattning om behovet av särskilt stöd"
                  }
                ],
                "representation": [
                  {
                    "lang": "fi",
                    "value": "Teksti"
                  },
                  {
                    "lang": "sv",
                    "value": "Text"
                  }
                ],
                "repeatable": false,
                "required": false,
                "conditionalRequired": false,
                "nationwideRecordedInformation": false,
                "hiddenField": false,
                "hiddenTitle": false,
                "rowNumber": 23
              }
            },
            "oppilaan_huoltajien_nakemykset_erityisen_tuen_tarpeesta": {
              "type": "string",
              "sosmeta": {
                "name": [
                  {
                    "lang": "fi",
                    "value": "Oppilaan huoltajien näkemykset erityisen tuen tarpeesta"
                  },
                  {
                    "lang": "sv",
                    "value": "Uppfattningar hos elevens vårdnadshavare om behovet av särskilt stöd"
                  }
                ],
                "description": [
                  {
                    "lang": "fi",
                    "value": "Kenttään kirjataan oppilaan huoltajien tai muiden oppilaan hoidosta ja huollosta vastaavien henkilöiden näkemykset oppilaan erityisen tuen tarpeesta."
                  },
                  {
                    "lang": "sv",
                    "value": "I fältet antecknas uppfattningar om elevens behov av särskilt stöd hos elevens vårdnadshavare eller andra personer som ansvarar för elevens vård och omsorg."
                  }
                ],
                "representation": [
                  {
                    "lang": "fi",
                    "value": "Teksti"
                  },
                  {
                    "lang": "sv",
                    "value": "Text"
                  }
                ],
                "repeatable": false,
                "required": false,
                "conditionalRequired": false,
                "nationwideRecordedInformation": false,
                "hiddenField": false,
                "hiddenTitle": false,
                "rowNumber": 24
              }
            }
          }
        },
        "yhteenveto": {
          "type": "string",
          "sosmeta": {
            "name": [
              {
                "lang": "fi",
                "value": "Yhteenveto"
              },
              {
                "lang": "sv",
                "value": "Sammanfattning"
              }
            ],
            "description": [
              {
                "lang": "fi",
                "value": "Kenttään kirjataan yhteenveto kuraattorin näkemyksestä oppilaan koulunkäyntiä vaikeuttavista ja tukevista tekijöistä ja kuraattorin johtopäätökset ja arvio oppilaan perusopetuslain mukaisesta erityisen tuen tarpeesta."
              },
              {
                "lang": "sv",
                "value": "I fältet antecknas en sammanfattning av kuratorns uppfattning om faktorer som försvårar och stöder elevens skolgång och kuratorns slutledningar och bedömning av elevens behov av särskilt stöd i enlighet med lagen om grundläggande utbildning."
              }
            ],
            "representation": [
              {
                "lang": "fi",
                "value": "Teksti"
              },
              {
                "lang": "sv",
                "value": "Text"
              }
            ],
            "repeatable": false,
            "required": false,
            "conditionalRequired": false,
            "nationwideRecordedInformation": false,
            "hiddenField": false,
            "hiddenTitle": false,
            "rowNumber": 25
          }
        },
        "lisatiedot": {
          "type": "string",
          "sosmeta": {
            "name": [
              {
                "lang": "fi",
                "value": "Lisätiedot"
              },
              {
                "lang": "sv",
                "value": "Mer information"
              }
            ],
            "representation": [
              {
                "lang": "fi",
                "value": "Teksti"
              },
              {
                "lang": "sv",
                "value": "Text"
              }
            ],
            "repeatable": false,
            "required": false,
            "conditionalRequired": false,
            "nationwideRecordedInformation": false,
            "hiddenField": false,
            "hiddenTitle": false,
            "rowNumber": 26
          }
        },
        "lakiselostus": {
          "type": "string",
          "sosmeta": {
            "name": [
              {
                "lang": "fi",
                "value": "Lakiselostus"
              },
              {
                "lang": "sv",
                "value": "Lagförklaring"
              }
            ],
            "implementationNote": [
              {
                "lang": "fi",
                "value": "Kentässä voidaan käyttää automaattitekstiä, jonka organisaatio yhdessä tietojärjestelmätoimittajan kanssa laatii. THL ei laadi kentässä näytettäviä tekstejä."
              },
              {
                "lang": "sv",
                "value": "Kentässä voidaan käyttää automaattitekstiä, jonka organisaatio yhdessä tietojärjestelmätoimittajan kanssa laatii. THL ei laadi kentässä näytettäviä tekstejä."
              }
            ],
            "representation": [
              {
                "lang": "fi",
                "value": "Teksti"
              },
              {
                "lang": "sv",
                "value": "Text"
              }
            ],
            "repeatable": false,
            "required": false,
            "conditionalRequired": false,
            "nationwideRecordedInformation": false,
            "hiddenField": false,
            "hiddenTitle": false,
            "rowNumber": 27
          }
        },
        "paivamaara": {
          "type": "string",
          "pattern": "^-?[0-9]{4}(-(0[1-9]|1[0-2])(-(0[0-9]|[1-2][0-9]|3[0-1]))?)?$",
          "sosmeta": {
            "name": [
              {
                "lang": "fi",
                "value": "Päivämäärä"
              },
              {
                "lang": "sv",
                "value": "Datum"
              }
            ],
            "description": [
              {
                "lang": "fi",
                "value": "Kenttään kirjataan asiakirjan laatimispäivämäärä."
              },
              {
                "lang": "sv",
                "value": "I fältet antecknas datum för upprättandet av handlingen."
              }
            ],
            "representation": [
              {
                "lang": "fi",
                "value": "Pvm"
              },
              {
                "lang": "sv",
                "value": "Datum"
              }
            ],
            "repeatable": false,
            "required": false,
            "conditionalRequired": false,
            "nationwideRecordedInformation": false,
            "hiddenField": false,
            "hiddenTitle": false,
            "rowNumber": 28
          }
        },
        "laatija": {
          "type": "object",
          "additionalProperties": false,
          "sosmeta": {
            "name": [
              {
                "lang": "fi",
                "value": "Laatija"
              },
              {
                "lang": "sv",
                "value": "Upprättare"
              }
            ],
            "description": [
              {
                "lang": "fi",
                "value": "Tähän kirjataan asiakirjan laatijan tiedot. Tavoitetilassa järjestelmä tuottaa tiedot automaattisesti."
              },
              {
                "lang": "sv",
                "value": "Här antecknas uppgifter om upprättaren av handlingen. Målbilden är att systemet producerar uppgifterna automatiskt."
              }
            ],
            "repeatable": false,
            "required": true,
            "conditionalRequired": false,
            "nationwideRecordedInformation": false,
            "hiddenField": false,
            "hiddenTitle": false,
            "rowNumber": 29
          },
          "required": [
            "sukunimi",
            "etunimet"
          ],
          "properties": {
            "sukunimi": {
              "type": "string",
              "minLength": 1,
              "sosmeta": {
                "name": [
                  {
                    "lang": "fi",
                    "value": "Sukunimi"
                  },
                  {
                    "lang": "sv",
                    "value": "Efternamn"
                  }
                ],
                "description": [
                  {
                    "lang": "fi",
                    "value": "Kenttään kirjataan ammattihenkilön sukunimi."
                  },
                  {
                    "lang": "sv",
                    "value": "I fältet antecknas den yrkesutbildade personens efternamn."
                  }
                ],
                "representation": [
                  {
                    "lang": "fi",
                    "value": "Nimi"
                  },
                  {
                    "lang": "sv",
                    "value": "Namn"
                  }
                ],
                "repeatable": false,
                "required": true,
                "conditionalRequired": false,
                "nationwideRecordedInformation": false,
                "hiddenField": false,
                "hiddenTitle": false,
                "rowNumber": 30
              }
            },
            "etunimet": {
              "type": "string",
              "minLength": 1,
              "sosmeta": {
                "name": [
                  {
                    "lang": "fi",
                    "value": "Etunimet"
                  },
                  {
                    "lang": "sv",
                    "value": "Samtliga förnamn"
                  }
                ],
                "description": [
                  {
                    "lang": "fi",
                    "value": "Kenttään kirjataan ammattihenkilön etunimi."
                  },
                  {
                    "lang": "sv",
                    "value": "I fältet antecknas den yrkesutbildade personens förnamn."
                  }
                ],
                "representation": [
                  {
                    "lang": "fi",
                    "value": "Nimi"
                  },
                  {
                    "lang": "sv",
                    "value": "Namn"
                  }
                ],
                "repeatable": false,
                "required": true,
                "conditionalRequired": false,
                "nationwideRecordedInformation": false,
                "hiddenField": false,
                "hiddenTitle": false,
                "rowNumber": 31
              }
            },
            "tehtavanimike": {
              "type": "string",
              "sosmeta": {
                "name": [
                  {
                    "lang": "fi",
                    "value": "Tehtävänimike"
                  },
                  {
                    "lang": "sv",
                    "value": "Uppgiftsbeteckning"
                  }
                ],
                "description": [
                  {
                    "lang": "fi",
                    "value": "Kenttään kirjataan ammattihenkilön työtehtävän yksilöivä nimike. Koulutuksesta ja kelpoisuudesta sosiaalihuollon ammatillisiin tehtäviin säädetään lainsäädännössä."
                  },
                  {
                    "lang": "sv",
                    "value": "I fältet antecknas en beteckning som preciserar den yrkesutbildade personens arbetsuppgift. I lagstiftningen finns bestämmelser om utbildning och behörighet för yrkesuppgifter inom socialvården."
                  }
                ],
                "example": [
                  {
                    "lang": "fi",
                    "value": "Sosiaalityöntekijä"
                  },
                  {
                    "lang": "sv",
                    "value": "Socialarbetare"
                  }
                ],
                "representation": [
                  {
                    "lang": "fi",
                    "value": "Teksti"
                  },
                  {
                    "lang": "sv",
                    "value": "Text"
                  }
                ],
                "repeatable": false,
                "required": false,
                "conditionalRequired": false,
                "nationwideRecordedInformation": false,
                "hiddenField": false,
                "hiddenTitle": false,
                "rowNumber": 32
              }
            },
            "palveluyksikko": {
              "type": "object",
              "additionalProperties": false,
              "sosmeta": {
                "name": [
                  {
                    "lang": "fi",
                    "value": "Palveluyksikkö"
                  },
                  {
                    "lang": "sv",
                    "value": "Serviceenhet"
                  }
                ],
                "description": [
                  {
                    "lang": "fi",
                    "value": "Kenttään kirjataan palveluyksikön nimi SOTE-organisaatiorekisterin avulla."
                  },
                  {
                    "lang": "sv",
                    "value": "I fältet antecknas namnet på serviceenheten enligt Organisationsregistret för social- och hälsovården."
                  }
                ],
                "example": [
                  {
                    "lang": "fi",
                    "value": "1.2.246.10.1012636.10.1.1.100768 \u003d Espoon keskuksen lastensuojelu, Espoon kaupunki, sosiaali- ja terveystoimi"
                  },
                  {
                    "lang": "sv",
                    "value": "1.2.246.10.1012636.10.1.1.100768 \u003d Esbo centrums barnskydd, Esbo stad, social- och hälsovårdssektorn"
                  }
                ],
                "classification": [
                  {
                    "lang": "fi",
                    "value": "Koodistopalvelin: THL - SOTE-organisaatiorekisteri 1.2.246.537.6.202"
                  },
                  {
                    "lang": "sv",
                    "value": "Kodtjänsten: THL - SOTE-organisationsregister 1.2.246.537.6.202"
                  }
                ],
                "classificationLink": [
                  {
                    "lang": "",
                    "value": "https://koodistopalvelu.kanta.fi/codeserver/pages/classification-view-page.xhtml?classificationKey\u003d421\u0026versionKey\u003d501"
                  }
                ],
                "classificationOid": [
                  {
                    "lang": "",
                    "value": "1.2.246.537.6.202"
                  }
                ],
                "representation": [
                  {
                    "lang": "fi",
                    "value": "Koodi"
                  },
                  {
                    "lang": "sv",
                    "value": "Kod"
                  }
                ],
                "repeatable": false,
                "required": false,
                "conditionalRequired": false,
                "nationwideRecordedInformation": false,
                "hiddenField": false,
                "hiddenTitle": false,
                "rowNumber": 33
              },
              "required": [
                "system",
                "code",
                "display"
              ],
              "properties": {
                "system": {
                  "type": "string",
                  "pattern": "^urn:oid:1\\.2\\.246\\.537\\.6\\.202(\\.\\d+)*$"
                },
                "code": {
                  "type": "string"
                },
                "display": {
                  "type": "string"
                }
              }
            }
          }
        }
      }
    }
  }
}