{
  "$schema": "http://json-schema.org/draft-07/schema#",
  "title": "\u0027Ulosottolistauksen tilaus\u0027 JSON schema",
  "type": "object",
  "additionalProperties": false,
  "sosmeta": {
    "title": "\u0027Ulosottolistauksen tilaus\u0027 JSON schema",
    "status": "Valmis",
    "documentDefinitionVersion": "2023-09-08",
    "dataComponentLibraryVersion": "2023-09-08",
    "oid": "1.2.246.537.6.1506.10008.2023.9.8",
    "documentType": "Pyyntö",
    "documentAuthor": "Ammattihenkilö",
    "documentSubject": "Sosiaalisen luototuksen asiakasasiakirjat"
  },
  "required": [
    "ulosottolistauksen_tilaus"
  ],
  "properties": {
    "ulosottolistauksen_tilaus": {
      "type": "object",
      "additionalProperties": false,
      "sosmeta": {
        "name": [
          {
            "lang": "fi",
            "value": "Ulosottolistauksen tilaus"
          },
          {
            "lang": "sv",
            "value": "Beställning av utsökningslistning"
          }
        ]
      },
      "required": [
        "vastaanottaja",
        "asiakas",
        "pyynto",
        "laatija"
      ],
      "properties": {
        "vastaanottaja": {
          "type": "object",
          "additionalProperties": false,
          "sosmeta": {
            "name": [
              {
                "lang": "fi",
                "value": "Vastaanottaja"
              },
              {
                "lang": "sv",
                "value": "Mottagare"
              }
            ],
            "description": [
              {
                "lang": "fi",
                "value": "-"
              },
              {
                "lang": "sv",
                "value": "-"
              }
            ],
            "repeatable": false,
            "required": true,
            "conditionalRequired": false,
            "nationwideRecordedInformation": false,
            "hiddenField": false,
            "hiddenTitle": false,
            "rowNumber": 1
          },
          "required": [
            "organisaation_nimi"
          ],
          "properties": {
            "organisaation_nimi": {
              "type": "string",
              "minLength": 1,
              "sosmeta": {
                "name": [
                  {
                    "lang": "fi",
                    "value": "Organisaation nimi"
                  },
                  {
                    "lang": "sv",
                    "value": "Organisationens namn"
                  }
                ],
                "description": [
                  {
                    "lang": "fi",
                    "value": "-"
                  },
                  {
                    "lang": "sv",
                    "value": "-"
                  }
                ],
                "example": [
                  {
                    "lang": "fi",
                    "value": "-"
                  },
                  {
                    "lang": "sv",
                    "value": "-"
                  }
                ],
                "implementationNote": [
                  {
                    "lang": "fi",
                    "value": "Kenttä on pakollinen TK Organisaation määrityksestä poiketen."
                  },
                  {
                    "lang": "sv",
                    "value": "Kenttä on pakollinen TK Organisaation määrityksestä poiketen."
                  }
                ],
                "representation": [
                  {
                    "lang": "fi",
                    "value": "Nimi"
                  },
                  {
                    "lang": "sv",
                    "value": "Namn"
                  }
                ],
                "repeatable": false,
                "required": true,
                "conditionalRequired": false,
                "nationwideRecordedInformation": false,
                "hiddenField": false,
                "hiddenTitle": false,
                "rowNumber": 2
              }
            },
            "yhteystiedot": {
              "type": "object",
              "additionalProperties": false,
              "sosmeta": {
                "name": [
                  {
                    "lang": "fi",
                    "value": "Yhteystiedot"
                  },
                  {
                    "lang": "sv",
                    "value": "Kontaktuppgifter"
                  }
                ],
                "description": [
                  {
                    "lang": "fi",
                    "value": "-"
                  },
                  {
                    "lang": "sv",
                    "value": "-"
                  }
                ],
                "repeatable": false,
                "required": false,
                "conditionalRequired": false,
                "nationwideRecordedInformation": false,
                "hiddenField": false,
                "hiddenTitle": false,
                "rowNumber": 3
              },
              "required": [],
              "properties": {
                "osoite": {
                  "type": "object",
                  "additionalProperties": false,
                  "sosmeta": {
                    "name": [
                      {
                        "lang": "fi",
                        "value": "Osoite"
                      },
                      {
                        "lang": "sv",
                        "value": "Adress"
                      }
                    ],
                    "description": [
                      {
                        "lang": "fi",
                        "value": "-"
                      },
                      {
                        "lang": "sv",
                        "value": "-"
                      }
                    ],
                    "implementationNote": [
                      {
                        "lang": "fi",
                        "value": "Kenttä ei ole toistuva TK Yhteystietojen määrityksestä poiketen."
                      },
                      {
                        "lang": "sv",
                        "value": "Kenttä ei ole toistuva TK Yhteystietojen määrityksestä poiketen."
                      }
                    ],
                    "repeatable": false,
                    "required": false,
                    "conditionalRequired": false,
                    "nationwideRecordedInformation": false,
                    "hiddenField": false,
                    "hiddenTitle": false,
                    "rowNumber": 4
                  },
                  "required": [],
                  "properties": {
                    "lahiosoite": {
                      "type": "string",
                      "sosmeta": {
                        "name": [
                          {
                            "lang": "fi",
                            "value": "Lähiosoite"
                          },
                          {
                            "lang": "sv",
                            "value": "Näradress"
                          }
                        ],
                        "description": [
                          {
                            "lang": "fi",
                            "value": "-"
                          },
                          {
                            "lang": "sv",
                            "value": "-"
                          }
                        ],
                        "example": [
                          {
                            "lang": "fi",
                            "value": "-"
                          },
                          {
                            "lang": "sv",
                            "value": "-"
                          }
                        ],
                        "representation": [
                          {
                            "lang": "fi",
                            "value": "Teksti"
                          },
                          {
                            "lang": "sv",
                            "value": "Text"
                          }
                        ],
                        "repeatable": false,
                        "required": false,
                        "conditionalRequired": false,
                        "nationwideRecordedInformation": false,
                        "hiddenField": false,
                        "hiddenTitle": false,
                        "rowNumber": 5
                      }
                    },
                    "postinumero": {
                      "type": "string",
                      "sosmeta": {
                        "name": [
                          {
                            "lang": "fi",
                            "value": "Postinumero"
                          },
                          {
                            "lang": "sv",
                            "value": "Postnummer"
                          }
                        ],
                        "description": [
                          {
                            "lang": "fi",
                            "value": "-"
                          },
                          {
                            "lang": "sv",
                            "value": "-"
                          }
                        ],
                        "example": [
                          {
                            "lang": "fi",
                            "value": "-"
                          },
                          {
                            "lang": "sv",
                            "value": "-"
                          }
                        ],
                        "representation": [
                          {
                            "lang": "fi",
                            "value": "Teksti"
                          },
                          {
                            "lang": "sv",
                            "value": "Text"
                          }
                        ],
                        "repeatable": false,
                        "required": false,
                        "conditionalRequired": false,
                        "nationwideRecordedInformation": false,
                        "hiddenField": false,
                        "hiddenTitle": false,
                        "rowNumber": 6
                      }
                    },
                    "postitoimipaikka": {
                      "type": "string",
                      "sosmeta": {
                        "name": [
                          {
                            "lang": "fi",
                            "value": "Postitoimipaikka"
                          },
                          {
                            "lang": "sv",
                            "value": "Postkontor"
                          }
                        ],
                        "description": [
                          {
                            "lang": "fi",
                            "value": "-"
                          },
                          {
                            "lang": "sv",
                            "value": "-"
                          }
                        ],
                        "example": [
                          {
                            "lang": "fi",
                            "value": "-"
                          },
                          {
                            "lang": "sv",
                            "value": "-"
                          }
                        ],
                        "representation": [
                          {
                            "lang": "fi",
                            "value": "Nimi"
                          },
                          {
                            "lang": "sv",
                            "value": "Namn"
                          }
                        ],
                        "repeatable": false,
                        "required": false,
                        "conditionalRequired": false,
                        "nationwideRecordedInformation": false,
                        "hiddenField": false,
                        "hiddenTitle": false,
                        "rowNumber": 7
                      }
                    }
                  }
                }
              }
            }
          }
        },
        "asiakas": {
          "type": "array",
          "minItems": 1,
          "items": {
            "type": "object",
            "additionalProperties": false,
            "sosmeta": {
              "name": [
                {
                  "lang": "fi",
                  "value": "Asiakas"
                },
                {
                  "lang": "sv",
                  "value": "Klient"
                }
              ],
              "description": [
                {
                  "lang": "fi",
                  "value": "-"
                },
                {
                  "lang": "sv",
                  "value": "-"
                }
              ],
              "repeatable": true,
              "required": true,
              "conditionalRequired": false,
              "nationwideRecordedInformation": false,
              "hiddenField": false,
              "hiddenTitle": false,
              "rowNumber": 8
            },
            "required": [
              "sukunimi",
              "etunimet",
              "henkilotunnus"
            ],
            "properties": {
              "sukunimi": {
                "type": "string",
                "minLength": 1,
                "sosmeta": {
                  "name": [
                    {
                      "lang": "fi",
                      "value": "Sukunimi"
                    },
                    {
                      "lang": "sv",
                      "value": "Efternamn"
                    }
                  ],
                  "description": [
                    {
                      "lang": "fi",
                      "value": "-"
                    },
                    {
                      "lang": "sv",
                      "value": "-"
                    }
                  ],
                  "example": [
                    {
                      "lang": "fi",
                      "value": "-"
                    },
                    {
                      "lang": "sv",
                      "value": "-"
                    }
                  ],
                  "representation": [
                    {
                      "lang": "fi",
                      "value": "Nimi"
                    },
                    {
                      "lang": "sv",
                      "value": "Namn"
                    }
                  ],
                  "repeatable": false,
                  "required": true,
                  "conditionalRequired": false,
                  "nationwideRecordedInformation": false,
                  "hiddenField": false,
                  "hiddenTitle": false,
                  "rowNumber": 9
                }
              },
              "etunimet": {
                "type": "string",
                "minLength": 1,
                "sosmeta": {
                  "name": [
                    {
                      "lang": "fi",
                      "value": "Etunimet"
                    },
                    {
                      "lang": "sv",
                      "value": "Samtliga förnamn"
                    }
                  ],
                  "description": [
                    {
                      "lang": "fi",
                      "value": "-"
                    },
                    {
                      "lang": "sv",
                      "value": "-"
                    }
                  ],
                  "example": [
                    {
                      "lang": "fi",
                      "value": "-"
                    },
                    {
                      "lang": "sv",
                      "value": "-"
                    }
                  ],
                  "representation": [
                    {
                      "lang": "fi",
                      "value": "Nimi"
                    },
                    {
                      "lang": "sv",
                      "value": "Namn"
                    }
                  ],
                  "repeatable": false,
                  "required": true,
                  "conditionalRequired": false,
                  "nationwideRecordedInformation": false,
                  "hiddenField": false,
                  "hiddenTitle": false,
                  "rowNumber": 10
                }
              },
              "henkilotunnus": {
                "type": "object",
                "additionalProperties": false,
                "sosmeta": {
                  "name": [
                    {
                      "lang": "fi",
                      "value": "Henkilötunnus"
                    },
                    {
                      "lang": "sv",
                      "value": "Personbeteckning"
                    }
                  ],
                  "description": [
                    {
                      "lang": "fi",
                      "value": "-"
                    },
                    {
                      "lang": "sv",
                      "value": "-"
                    }
                  ],
                  "example": [
                    {
                      "lang": "fi",
                      "value": "-"
                    },
                    {
                      "lang": "sv",
                      "value": "-"
                    }
                  ],
                  "implementationNote": [
                    {
                      "lang": "fi",
                      "value": "Kenttä on pakollinen TK Yksityishenkilön määrityksestä poiketen."
                    },
                    {
                      "lang": "sv",
                      "value": "Kenttä on pakollinen TK Yksityishenkilön määrityksestä poiketen."
                    }
                  ],
                  "representation": [
                    {
                      "lang": "fi",
                      "value": "Tunnus"
                    },
                    {
                      "lang": "sv",
                      "value": "Identifierare"
                    }
                  ],
                  "systemUri": [
                    {
                      "lang": "",
                      "value": "urn:oid:1.2.246.21"
                    }
                  ],
                  "repeatable": false,
                  "required": true,
                  "conditionalRequired": false,
                  "nationwideRecordedInformation": false,
                  "hiddenField": false,
                  "hiddenTitle": false,
                  "rowNumber": 11
                },
                "required": [
                  "value"
                ],
                "properties": {
                  "system": {
                    "type": "string"
                  },
                  "value": {
                    "type": "string"
                  }
                }
              }
            }
          }
        },
        "pyynto": {
          "type": "object",
          "additionalProperties": false,
          "sosmeta": {
            "name": [
              {
                "lang": "fi",
                "value": "Pyyntö"
              },
              {
                "lang": "sv",
                "value": "Begäran"
              }
            ],
            "description": [
              {
                "lang": "fi",
                "value": "-"
              },
              {
                "lang": "sv",
                "value": "-"
              }
            ],
            "repeatable": false,
            "required": true,
            "conditionalRequired": false,
            "nationwideRecordedInformation": false,
            "hiddenField": true,
            "hiddenTitle": false,
            "rowNumber": 12
          },
          "required": [
            "vastausosoite"
          ],
          "properties": {
            "pyydetyt_asiakirjat": {
              "type": "string",
              "sosmeta": {
                "name": [
                  {
                    "lang": "fi",
                    "value": "Pyydetyt asiakirjat"
                  },
                  {
                    "lang": "sv",
                    "value": "Begärda handlingar"
                  }
                ],
                "description": [
                  {
                    "lang": "fi",
                    "value": "-"
                  },
                  {
                    "lang": "sv",
                    "value": "-"
                  }
                ],
                "representation": [
                  {
                    "lang": "fi",
                    "value": "Teksti"
                  },
                  {
                    "lang": "sv",
                    "value": "Text"
                  }
                ],
                "repeatable": false,
                "required": false,
                "conditionalRequired": false,
                "nationwideRecordedInformation": false,
                "hiddenField": false,
                "hiddenTitle": false,
                "rowNumber": 13
              }
            },
            "asiasisalto": {
              "type": "string",
              "sosmeta": {
                "name": [
                  {
                    "lang": "fi",
                    "value": "Asiasisältö"
                  },
                  {
                    "lang": "sv",
                    "value": "Sakinnehåll"
                  }
                ],
                "description": [
                  {
                    "lang": "fi",
                    "value": "-"
                  },
                  {
                    "lang": "sv",
                    "value": "-"
                  }
                ],
                "example": [
                  {
                    "lang": "fi",
                    "value": "Pyydän asiakkaamme puolesta lähettämään viralliset listaukset ”velallisen ulosottoasiat ja kertymät” alla mainittuun osoitteeseen."
                  },
                  {
                    "lang": "sv",
                    "value": "Jag begär på vår klients vägnar att ni skickar officiella förteckningar över ”utsökningsärenden och avkastningar som gäller gäldenären” till nedan nämnda adress"
                  }
                ],
                "representation": [
                  {
                    "lang": "fi",
                    "value": "Teksti"
                  },
                  {
                    "lang": "sv",
                    "value": "Text"
                  }
                ],
                "repeatable": false,
                "required": false,
                "conditionalRequired": false,
                "nationwideRecordedInformation": false,
                "hiddenField": false,
                "hiddenTitle": false,
                "rowNumber": 14
              }
            },
            "perustelu": {
              "type": "string",
              "sosmeta": {
                "name": [
                  {
                    "lang": "fi",
                    "value": "Perustelu"
                  },
                  {
                    "lang": "sv",
                    "value": "Motiveringar"
                  }
                ],
                "title": [
                  {
                    "lang": "fi",
                    "value": "Ulosottotietojen tilauksen perustelu"
                  },
                  {
                    "lang": "sv",
                    "value": "Motivering till beställning av utsökningsuppgifter"
                  }
                ],
                "description": [
                  {
                    "lang": "fi",
                    "value": "Kenttään kuvataan mitä tarkoitusta varten ulosottolistausta pyydetään."
                  },
                  {
                    "lang": "sv",
                    "value": "I fältet beskrivs i vilket syfte förteckningar över utsökning begärs."
                  }
                ],
                "representation": [
                  {
                    "lang": "fi",
                    "value": "Teksti"
                  },
                  {
                    "lang": "sv",
                    "value": "Text"
                  }
                ],
                "repeatable": false,
                "required": false,
                "conditionalRequired": false,
                "nationwideRecordedInformation": false,
                "hiddenField": false,
                "hiddenTitle": false,
                "rowNumber": 15
              }
            },
            "vastausosoite": {
              "type": "object",
              "additionalProperties": false,
              "sosmeta": {
                "name": [
                  {
                    "lang": "fi",
                    "value": "Vastausosoite"
                  },
                  {
                    "lang": "sv",
                    "value": "Svarsadress"
                  }
                ],
                "title": [
                  {
                    "lang": "fi",
                    "value": "Ulosottotietojen toimitusosoite"
                  },
                  {
                    "lang": "sv",
                    "value": "Svarsadress för utsökningsuppgifter"
                  }
                ],
                "description": [
                  {
                    "lang": "fi",
                    "value": "-"
                  },
                  {
                    "lang": "sv",
                    "value": "-"
                  }
                ],
                "implementationNote": [
                  {
                    "lang": "fi",
                    "value": "Kenttä on pakollinen TK Pyynnön määrityksestä poiketen."
                  },
                  {
                    "lang": "sv",
                    "value": "Kenttä on pakollinen TK Pyynnön määrityksestä poiketen."
                  }
                ],
                "repeatable": false,
                "required": true,
                "conditionalRequired": false,
                "nationwideRecordedInformation": false,
                "hiddenField": false,
                "hiddenTitle": false,
                "rowNumber": 16
              },
              "required": [
                "organisaation_nimi"
              ],
              "properties": {
                "organisaation_nimi": {
                  "type": "string",
                  "minLength": 1,
                  "sosmeta": {
                    "name": [
                      {
                        "lang": "fi",
                        "value": "Organisaation nimi"
                      },
                      {
                        "lang": "sv",
                        "value": "Organisationens namn"
                      }
                    ],
                    "description": [
                      {
                        "lang": "fi",
                        "value": "Kenttään kirjataan organisaation nimi."
                      },
                      {
                        "lang": "sv",
                        "value": "I fältet antecknas organisationens namn."
                      }
                    ],
                    "implementationNote": [
                      {
                        "lang": "fi",
                        "value": "Kenttä on pakollinen TK Organisaation määrityksestä poiketen."
                      },
                      {
                        "lang": "sv",
                        "value": "Kenttä on pakollinen TK Organisaation määrityksestä poiketen."
                      }
                    ],
                    "representation": [
                      {
                        "lang": "fi",
                        "value": "Nimi"
                      },
                      {
                        "lang": "sv",
                        "value": "Namn"
                      }
                    ],
                    "repeatable": false,
                    "required": true,
                    "conditionalRequired": false,
                    "nationwideRecordedInformation": false,
                    "hiddenField": false,
                    "hiddenTitle": false,
                    "rowNumber": 17
                  }
                },
                "yhteystiedot": {
                  "type": "object",
                  "additionalProperties": false,
                  "sosmeta": {
                    "name": [
                      {
                        "lang": "fi",
                        "value": "Yhteystiedot"
                      },
                      {
                        "lang": "sv",
                        "value": "Kontaktuppgifter"
                      }
                    ],
                    "description": [
                      {
                        "lang": "fi",
                        "value": "-"
                      },
                      {
                        "lang": "sv",
                        "value": "-"
                      }
                    ],
                    "example": [
                      {
                        "lang": "fi",
                        "value": "-"
                      },
                      {
                        "lang": "sv",
                        "value": "-"
                      }
                    ],
                    "repeatable": false,
                    "required": false,
                    "conditionalRequired": false,
                    "nationwideRecordedInformation": false,
                    "hiddenField": false,
                    "hiddenTitle": false,
                    "rowNumber": 18
                  },
                  "required": [],
                  "properties": {
                    "osoite": {
                      "type": "object",
                      "additionalProperties": false,
                      "sosmeta": {
                        "name": [
                          {
                            "lang": "fi",
                            "value": "Osoite"
                          },
                          {
                            "lang": "sv",
                            "value": "Adress"
                          }
                        ],
                        "description": [
                          {
                            "lang": "fi",
                            "value": "-"
                          },
                          {
                            "lang": "sv",
                            "value": "-"
                          }
                        ],
                        "example": [
                          {
                            "lang": "fi",
                            "value": "-"
                          },
                          {
                            "lang": "sv",
                            "value": "-"
                          }
                        ],
                        "implementationNote": [
                          {
                            "lang": "fi",
                            "value": "Kenttä ei ole toistuva TK Yhteystietojen määrityksestä poiketen."
                          },
                          {
                            "lang": "sv",
                            "value": "Kenttä ei ole toistuva TK Yhteystietojen määrityksestä poiketen."
                          }
                        ],
                        "repeatable": false,
                        "required": false,
                        "conditionalRequired": false,
                        "nationwideRecordedInformation": false,
                        "hiddenField": false,
                        "hiddenTitle": false,
                        "rowNumber": 19
                      },
                      "required": [],
                      "properties": {
                        "lahiosoite": {
                          "type": "string",
                          "sosmeta": {
                            "name": [
                              {
                                "lang": "fi",
                                "value": "Lähiosoite"
                              },
                              {
                                "lang": "sv",
                                "value": "Näradress"
                              }
                            ],
                            "description": [
                              {
                                "lang": "fi",
                                "value": "-"
                              },
                              {
                                "lang": "sv",
                                "value": "-"
                              }
                            ],
                            "example": [
                              {
                                "lang": "fi",
                                "value": "-"
                              },
                              {
                                "lang": "sv",
                                "value": "-"
                              }
                            ],
                            "representation": [
                              {
                                "lang": "fi",
                                "value": "Teksti"
                              },
                              {
                                "lang": "sv",
                                "value": "Text"
                              }
                            ],
                            "repeatable": false,
                            "required": false,
                            "conditionalRequired": false,
                            "nationwideRecordedInformation": false,
                            "hiddenField": false,
                            "hiddenTitle": false,
                            "rowNumber": 20
                          }
                        },
                        "postinumero": {
                          "type": "string",
                          "sosmeta": {
                            "name": [
                              {
                                "lang": "fi",
                                "value": "Postinumero"
                              },
                              {
                                "lang": "sv",
                                "value": "Postnummer"
                              }
                            ],
                            "description": [
                              {
                                "lang": "fi",
                                "value": "-"
                              },
                              {
                                "lang": "sv",
                                "value": "-"
                              }
                            ],
                            "example": [
                              {
                                "lang": "fi",
                                "value": "-"
                              },
                              {
                                "lang": "sv",
                                "value": "-"
                              }
                            ],
                            "representation": [
                              {
                                "lang": "fi",
                                "value": "Teksti"
                              },
                              {
                                "lang": "sv",
                                "value": "Text"
                              }
                            ],
                            "repeatable": false,
                            "required": false,
                            "conditionalRequired": false,
                            "nationwideRecordedInformation": false,
                            "hiddenField": false,
                            "hiddenTitle": false,
                            "rowNumber": 21
                          }
                        },
                        "postitoimipaikka": {
                          "type": "string",
                          "sosmeta": {
                            "name": [
                              {
                                "lang": "fi",
                                "value": "Postitoimipaikka"
                              },
                              {
                                "lang": "sv",
                                "value": "Postkontor"
                              }
                            ],
                            "description": [
                              {
                                "lang": "fi",
                                "value": "-"
                              },
                              {
                                "lang": "sv",
                                "value": "-"
                              }
                            ],
                            "example": [
                              {
                                "lang": "fi",
                                "value": "-"
                              },
                              {
                                "lang": "sv",
                                "value": "-"
                              }
                            ],
                            "representation": [
                              {
                                "lang": "fi",
                                "value": "Nimi"
                              },
                              {
                                "lang": "sv",
                                "value": "Namn"
                              }
                            ],
                            "repeatable": false,
                            "required": false,
                            "conditionalRequired": false,
                            "nationwideRecordedInformation": false,
                            "hiddenField": false,
                            "hiddenTitle": false,
                            "rowNumber": 22
                          }
                        }
                      }
                    },
                    "puhelinnumero": {
                      "type": "string",
                      "sosmeta": {
                        "name": [
                          {
                            "lang": "fi",
                            "value": "Puhelinnumero"
                          },
                          {
                            "lang": "sv",
                            "value": "Telefonnummer"
                          }
                        ],
                        "description": [
                          {
                            "lang": "fi",
                            "value": "-"
                          },
                          {
                            "lang": "sv",
                            "value": "-"
                          }
                        ],
                        "example": [
                          {
                            "lang": "fi",
                            "value": "-"
                          },
                          {
                            "lang": "sv",
                            "value": "-"
                          }
                        ],
                        "representation": [
                          {
                            "lang": "fi",
                            "value": "Teksti"
                          },
                          {
                            "lang": "sv",
                            "value": "Text"
                          }
                        ],
                        "repeatable": false,
                        "required": false,
                        "conditionalRequired": false,
                        "nationwideRecordedInformation": false,
                        "hiddenField": false,
                        "hiddenTitle": false,
                        "rowNumber": 23
                      }
                    },
                    "sahkopostiosoite": {
                      "type": "string",
                      "sosmeta": {
                        "name": [
                          {
                            "lang": "fi",
                            "value": "Sähköpostiosoite"
                          },
                          {
                            "lang": "sv",
                            "value": "E-postadress"
                          }
                        ],
                        "description": [
                          {
                            "lang": "fi",
                            "value": "-"
                          },
                          {
                            "lang": "sv",
                            "value": "-"
                          }
                        ],
                        "example": [
                          {
                            "lang": "fi",
                            "value": "-"
                          },
                          {
                            "lang": "sv",
                            "value": "-"
                          }
                        ],
                        "representation": [
                          {
                            "lang": "fi",
                            "value": "Teksti"
                          },
                          {
                            "lang": "sv",
                            "value": "Text"
                          }
                        ],
                        "repeatable": false,
                        "required": false,
                        "conditionalRequired": false,
                        "nationwideRecordedInformation": false,
                        "hiddenField": false,
                        "hiddenTitle": false,
                        "rowNumber": 24
                      }
                    }
                  }
                },
                "yhteyshenkilo": {
                  "type": "object",
                  "additionalProperties": false,
                  "sosmeta": {
                    "name": [
                      {
                        "lang": "fi",
                        "value": "Yhteyshenkilö"
                      },
                      {
                        "lang": "sv",
                        "value": "Kontaktperson"
                      }
                    ],
                    "description": [
                      {
                        "lang": "fi",
                        "value": "Tähän voidaan kirjata organisaation lisäksi ammattihenkilön nimi."
                      },
                      {
                        "lang": "sv",
                        "value": "Här kan man anteckna en yrkesutbildad person utöver organisationen."
                      }
                    ],
                    "example": [
                      {
                        "lang": "fi",
                        "value": "-"
                      },
                      {
                        "lang": "sv",
                        "value": "-"
                      }
                    ],
                    "implementationNote": [
                      {
                        "lang": "fi",
                        "value": "Kenttä ei ole toistuva TK Yhteystietojen määrityksestä poiketen."
                      },
                      {
                        "lang": "sv",
                        "value": "Kenttä ei ole toistuva TK Yhteystietojen määrityksestä poiketen."
                      }
                    ],
                    "repeatable": false,
                    "required": false,
                    "conditionalRequired": false,
                    "nationwideRecordedInformation": false,
                    "hiddenField": false,
                    "hiddenTitle": false,
                    "rowNumber": 25
                  },
                  "required": [
                    "sukunimi",
                    "etunimet"
                  ],
                  "properties": {
                    "sukunimi": {
                      "type": "string",
                      "minLength": 1,
                      "sosmeta": {
                        "name": [
                          {
                            "lang": "fi",
                            "value": "Sukunimi"
                          },
                          {
                            "lang": "sv",
                            "value": "Efternamn"
                          }
                        ],
                        "description": [
                          {
                            "lang": "fi",
                            "value": "-"
                          },
                          {
                            "lang": "sv",
                            "value": "-"
                          }
                        ],
                        "example": [
                          {
                            "lang": "fi",
                            "value": "-"
                          },
                          {
                            "lang": "sv",
                            "value": "-"
                          }
                        ],
                        "representation": [
                          {
                            "lang": "fi",
                            "value": "Nimi"
                          },
                          {
                            "lang": "sv",
                            "value": "Namn"
                          }
                        ],
                        "repeatable": false,
                        "required": true,
                        "conditionalRequired": false,
                        "nationwideRecordedInformation": false,
                        "hiddenField": false,
                        "hiddenTitle": false,
                        "rowNumber": 26
                      }
                    },
                    "etunimet": {
                      "type": "string",
                      "minLength": 1,
                      "sosmeta": {
                        "name": [
                          {
                            "lang": "fi",
                            "value": "Etunimet"
                          },
                          {
                            "lang": "sv",
                            "value": "Samtliga förnamn"
                          }
                        ],
                        "description": [
                          {
                            "lang": "fi",
                            "value": "Kenttään kirjataan henkilön etunimi."
                          },
                          {
                            "lang": "sv",
                            "value": "I fältet antecknas personens förnamn."
                          }
                        ],
                        "example": [
                          {
                            "lang": "fi",
                            "value": "-"
                          },
                          {
                            "lang": "sv",
                            "value": "-"
                          }
                        ],
                        "representation": [
                          {
                            "lang": "fi",
                            "value": "Nimi"
                          },
                          {
                            "lang": "sv",
                            "value": "Namn"
                          }
                        ],
                        "repeatable": false,
                        "required": true,
                        "conditionalRequired": false,
                        "nationwideRecordedInformation": false,
                        "hiddenField": false,
                        "hiddenTitle": false,
                        "rowNumber": 27
                      }
                    }
                  }
                }
              }
            },
            "vastauksen_maaraaika": {
              "type": "string",
              "pattern": "^-?[0-9]{4}(-(0[1-9]|1[0-2])(-(0[0-9]|[1-2][0-9]|3[0-1]))?)?$",
              "sosmeta": {
                "name": [
                  {
                    "lang": "fi",
                    "value": "Vastauksen määräaika"
                  },
                  {
                    "lang": "sv",
                    "value": "Tidsfrist för svaret"
                  }
                ],
                "title": [
                  {
                    "lang": "fi",
                    "value": "Ulosottotietojen toimittamisen määräaika"
                  },
                  {
                    "lang": "sv",
                    "value": "Utsatt tid för lämnande av uppgifter om utsökning"
                  }
                ],
                "description": [
                  {
                    "lang": "fi",
                    "value": "-"
                  },
                  {
                    "lang": "sv",
                    "value": "-"
                  }
                ],
                "example": [
                  {
                    "lang": "fi",
                    "value": "30.11.2020"
                  },
                  {
                    "lang": "sv",
                    "value": "30.11.2020"
                  }
                ],
                "representation": [
                  {
                    "lang": "fi",
                    "value": "Pvm"
                  },
                  {
                    "lang": "sv",
                    "value": "Datum"
                  }
                ],
                "repeatable": false,
                "required": false,
                "conditionalRequired": false,
                "nationwideRecordedInformation": false,
                "hiddenField": false,
                "hiddenTitle": false,
                "rowNumber": 28
              }
            }
          }
        },
        "lisatiedot": {
          "type": "string",
          "sosmeta": {
            "name": [
              {
                "lang": "fi",
                "value": "Lisätiedot"
              },
              {
                "lang": "sv",
                "value": "Mer information"
              }
            ],
            "representation": [
              {
                "lang": "fi",
                "value": "Teksti"
              },
              {
                "lang": "sv",
                "value": "Text"
              }
            ],
            "repeatable": false,
            "required": false,
            "conditionalRequired": false,
            "nationwideRecordedInformation": false,
            "hiddenField": false,
            "hiddenTitle": false,
            "rowNumber": 29
          }
        },
        "lakiselostus": {
          "type": "string",
          "sosmeta": {
            "name": [
              {
                "lang": "fi",
                "value": "Lakiselostus"
              },
              {
                "lang": "sv",
                "value": "Lagförklaring"
              }
            ],
            "implementationNote": [
              {
                "lang": "fi",
                "value": "Kentässä voidaan käyttää automaattitekstiä, jonka organisaatio yhdessä tietojärjestelmätoimittajan kanssa laatii. THL ei laadi kentässä näytettäviä tekstejä."
              },
              {
                "lang": "sv",
                "value": "I fältet kan man använda automattext, som organisationen upprättar tillsammans med datasystemleverantören. THL ansvarar inte för produktion av automattext i fältet."
              }
            ],
            "representation": [
              {
                "lang": "fi",
                "value": "Teksti"
              },
              {
                "lang": "sv",
                "value": "Text"
              }
            ],
            "repeatable": false,
            "required": false,
            "conditionalRequired": false,
            "nationwideRecordedInformation": false,
            "hiddenField": false,
            "hiddenTitle": false,
            "rowNumber": 30
          }
        },
        "paivamaara": {
          "type": "string",
          "pattern": "^-?[0-9]{4}(-(0[1-9]|1[0-2])(-(0[0-9]|[1-2][0-9]|3[0-1]))?)?$",
          "sosmeta": {
            "name": [
              {
                "lang": "fi",
                "value": "Päivämäärä"
              },
              {
                "lang": "sv",
                "value": "Datum"
              }
            ],
            "description": [
              {
                "lang": "fi",
                "value": "Kenttään kirjataan asiakirjan laatimisen päivämäärä."
              },
              {
                "lang": "sv",
                "value": "I fältet antecknas datumet för upprättandet av handlingen."
              }
            ],
            "representation": [
              {
                "lang": "fi",
                "value": "Pvm"
              },
              {
                "lang": "sv",
                "value": "Datum"
              }
            ],
            "repeatable": false,
            "required": false,
            "conditionalRequired": false,
            "nationwideRecordedInformation": false,
            "hiddenField": false,
            "hiddenTitle": false,
            "rowNumber": 31
          }
        },
        "laatija": {
          "type": "object",
          "additionalProperties": false,
          "sosmeta": {
            "name": [
              {
                "lang": "fi",
                "value": "Laatija"
              },
              {
                "lang": "sv",
                "value": "Upprättare"
              }
            ],
            "description": [
              {
                "lang": "fi",
                "value": "-"
              },
              {
                "lang": "sv",
                "value": "-"
              }
            ],
            "repeatable": false,
            "required": true,
            "conditionalRequired": false,
            "nationwideRecordedInformation": false,
            "hiddenField": false,
            "hiddenTitle": false,
            "rowNumber": 32
          },
          "required": [
            "sukunimi",
            "etunimet"
          ],
          "properties": {
            "sukunimi": {
              "type": "string",
              "minLength": 1,
              "sosmeta": {
                "name": [
                  {
                    "lang": "fi",
                    "value": "Sukunimi"
                  },
                  {
                    "lang": "sv",
                    "value": "Efternamn"
                  }
                ],
                "description": [
                  {
                    "lang": "fi",
                    "value": "-"
                  },
                  {
                    "lang": "sv",
                    "value": "-"
                  }
                ],
                "representation": [
                  {
                    "lang": "fi",
                    "value": "Nimi"
                  },
                  {
                    "lang": "sv",
                    "value": "Namn"
                  }
                ],
                "repeatable": false,
                "required": true,
                "conditionalRequired": false,
                "nationwideRecordedInformation": false,
                "hiddenField": false,
                "hiddenTitle": false,
                "rowNumber": 33
              }
            },
            "etunimet": {
              "type": "string",
              "minLength": 1,
              "sosmeta": {
                "name": [
                  {
                    "lang": "fi",
                    "value": "Etunimet"
                  },
                  {
                    "lang": "sv",
                    "value": "Samtliga förnamn"
                  }
                ],
                "description": [
                  {
                    "lang": "fi",
                    "value": "Kenttään kirjataan ammattihenkilön etunimi."
                  },
                  {
                    "lang": "sv",
                    "value": "I fältet antecknas den yrkesutbildade personens förnamn."
                  }
                ],
                "representation": [
                  {
                    "lang": "fi",
                    "value": "Nimi"
                  },
                  {
                    "lang": "sv",
                    "value": "Namn"
                  }
                ],
                "repeatable": false,
                "required": true,
                "conditionalRequired": false,
                "nationwideRecordedInformation": false,
                "hiddenField": false,
                "hiddenTitle": false,
                "rowNumber": 34
              }
            },
            "tehtavanimike": {
              "type": "string",
              "sosmeta": {
                "name": [
                  {
                    "lang": "fi",
                    "value": "Tehtävänimike"
                  },
                  {
                    "lang": "sv",
                    "value": "Uppgiftsbeteckning"
                  }
                ],
                "description": [
                  {
                    "lang": "fi",
                    "value": "-"
                  },
                  {
                    "lang": "sv",
                    "value": "-"
                  }
                ],
                "example": [
                  {
                    "lang": "fi",
                    "value": "-"
                  },
                  {
                    "lang": "sv",
                    "value": "-"
                  }
                ],
                "representation": [
                  {
                    "lang": "fi",
                    "value": "Teksti"
                  },
                  {
                    "lang": "sv",
                    "value": "Text"
                  }
                ],
                "repeatable": false,
                "required": false,
                "conditionalRequired": false,
                "nationwideRecordedInformation": false,
                "hiddenField": false,
                "hiddenTitle": false,
                "rowNumber": 35
              }
            },
            "palveluyksikko": {
              "type": "object",
              "additionalProperties": false,
              "sosmeta": {
                "name": [
                  {
                    "lang": "fi",
                    "value": "Palveluyksikkö"
                  },
                  {
                    "lang": "sv",
                    "value": "Serviceenhet"
                  }
                ],
                "description": [
                  {
                    "lang": "fi",
                    "value": "Kenttään kirjataan palveluyksikön nimi SOTE-organisaatiorekisterin avulla."
                  },
                  {
                    "lang": "sv",
                    "value": "I fältet antecknas namnet på serviceenheten enligt Organisationsregistret för social- och hälsovården."
                  }
                ],
                "example": [
                  {
                    "lang": "fi",
                    "value": "1.2.246.10.1012636.10.1.1.100768 \u003d Espoon keskuksen lastensuojelu, Espoon kaupunki, sosiaali- ja terveystoimi"
                  },
                  {
                    "lang": "sv",
                    "value": "1.2.246.10.1012636.10.1.1.100768 \u003d Esbo centrums barnskydd, Esbo stad, social- och hälsovårdssektorn"
                  }
                ],
                "classification": [
                  {
                    "lang": "fi",
                    "value": "Koodistopalvelin: THL - SOTE-organisaatiorekisteri 1.2.246.537.6.202"
                  },
                  {
                    "lang": "sv",
                    "value": "Kodtjänsten: THL - SOTE-organisationsregister 1.2.246.537.6.202"
                  }
                ],
                "classificationLink": [
                  {
                    "lang": "",
                    "value": "https://koodistopalvelu.kanta.fi/codeserver/pages/classification-view-page.xhtml?classificationKey\u003d421\u0026versionKey\u003d501"
                  }
                ],
                "classificationOid": [
                  {
                    "lang": "",
                    "value": "1.2.246.537.6.202"
                  }
                ],
                "representation": [
                  {
                    "lang": "fi",
                    "value": "Koodi"
                  },
                  {
                    "lang": "sv",
                    "value": "Kod"
                  }
                ],
                "repeatable": false,
                "required": false,
                "conditionalRequired": false,
                "nationwideRecordedInformation": false,
                "hiddenField": false,
                "hiddenTitle": false,
                "rowNumber": 36
              },
              "required": [
                "system",
                "code",
                "display"
              ],
              "properties": {
                "system": {
                  "type": "string",
                  "pattern": "^urn:oid:1\\.2\\.246\\.537\\.6\\.202(\\.\\d+)*$"
                },
                "code": {
                  "type": "string"
                },
                "display": {
                  "type": "string"
                }
              }
            }
          }
        }
      }
    }
  }
}