{
  "$schema": "http://json-schema.org/draft-07/schema#",
  "title": "\u0027Selvitys adoptionhakijoista\u0027 JSON schema",
  "type": "object",
  "additionalProperties": false,
  "sosmeta": {
    "title": "\u0027Selvitys adoptionhakijoista\u0027 JSON schema",
    "status": "Valmis",
    "documentDefinitionVersion": "2024-11-29",
    "dataComponentLibraryVersion": "2024-11-13",
    "oid": "1.2.246.537.6.1506.7008.2024.11.29",
    "documentType": "Lausunto",
    "documentAuthor": "ammattihenkilö",
    "documentSubject": "Adoptioneuvonnan asiakasasiakirjat"
  },
  "required": [
    "selvitys_adoptionhakijoista"
  ],
  "properties": {
    "selvitys_adoptionhakijoista": {
      "type": "object",
      "additionalProperties": false,
      "sosmeta": {
        "name": [
          {
            "lang": "fi",
            "value": "Selvitys adoptionhakijoista"
          }
        ]
      },
      "required": [
        "asiakas",
        "adoptionhakijoiden_tyo_asuminen_ja_taloudellinen_tilanne",
        "adoptionhakijoiden_terveydentila_ja_toimintakyky",
        "adoptionhakijoiden_elamanvaiheet_ja_suhteet_omaisiin",
        "adoptionhakijoiden_motiivit_ja_lasta_koskevat_toivomukset",
        "adoptionhakijoiden_kasvatuskyvyt_ja_valmiudet__adoptioon",
        "tyontekijan_arvio",
        "laatija",
        "allekirjoitus"
      ],
      "properties": {
        "asiakas": {
          "type": "array",
          "minItems": 1,
          "items": {
            "type": "object",
            "additionalProperties": false,
            "sosmeta": {
              "name": [
                {
                  "lang": "fi",
                  "value": "Asiakas"
                }
              ],
              "description": [
                {
                  "lang": "fi",
                  "value": "-"
                }
              ],
              "repeatable": true,
              "required": true,
              "conditionalRequired": false,
              "nationwideRecordedInformation": false,
              "hiddenField": false,
              "hiddenTitle": false,
              "rowNumber": 1
            },
            "required": [
              "sukunimi",
              "etunimet"
            ],
            "properties": {
              "sukunimi": {
                "type": "string",
                "minLength": 1,
                "sosmeta": {
                  "name": [
                    {
                      "lang": "fi",
                      "value": "Sukunimi"
                    }
                  ],
                  "description": [
                    {
                      "lang": "fi",
                      "value": "-"
                    }
                  ],
                  "representation": [
                    {
                      "lang": "fi",
                      "value": "Nimi"
                    }
                  ],
                  "repeatable": false,
                  "required": true,
                  "conditionalRequired": false,
                  "nationwideRecordedInformation": false,
                  "hiddenField": false,
                  "hiddenTitle": false,
                  "rowNumber": 2
                }
              },
              "etunimet": {
                "type": "string",
                "minLength": 1,
                "sosmeta": {
                  "name": [
                    {
                      "lang": "fi",
                      "value": "Etunimet"
                    }
                  ],
                  "description": [
                    {
                      "lang": "fi",
                      "value": "-"
                    }
                  ],
                  "representation": [
                    {
                      "lang": "fi",
                      "value": "Nimi"
                    }
                  ],
                  "repeatable": false,
                  "required": true,
                  "conditionalRequired": false,
                  "nationwideRecordedInformation": false,
                  "hiddenField": false,
                  "hiddenTitle": false,
                  "rowNumber": 3
                }
              },
              "henkilotunnus": {
                "type": "object",
                "additionalProperties": false,
                "sosmeta": {
                  "name": [
                    {
                      "lang": "fi",
                      "value": "Henkilötunnus"
                    }
                  ],
                  "description": [
                    {
                      "lang": "fi",
                      "value": "-"
                    }
                  ],
                  "implementationNote": [
                    {
                      "lang": "fi",
                      "value": "Ehdollisesti pakollinen: Henkilötunnus- ja Tilapäinen yksilöintitunnus -kentistä toinen on pakollinen."
                    }
                  ],
                  "representation": [
                    {
                      "lang": "fi",
                      "value": "Tunnus"
                    }
                  ],
                  "systemUri": [
                    {
                      "lang": "",
                      "value": "urn:oid:1.2.246.21"
                    }
                  ],
                  "repeatable": false,
                  "required": false,
                  "conditionalRequired": true,
                  "nationwideRecordedInformation": false,
                  "hiddenField": false,
                  "hiddenTitle": false,
                  "rowNumber": 4
                },
                "required": [
                  "value"
                ],
                "properties": {
                  "system": {
                    "type": "string"
                  },
                  "value": {
                    "type": "string"
                  }
                }
              },
              "tilapainen_yksilointitunnus": {
                "type": "object",
                "additionalProperties": false,
                "sosmeta": {
                  "name": [
                    {
                      "lang": "fi",
                      "value": "Tilapäinen yksilöintitunnus"
                    }
                  ],
                  "description": [
                    {
                      "lang": "fi",
                      "value": "Kenttään kirjataan henkilön tilapäiseen yksilöintiin annettu tunnus."
                    }
                  ],
                  "example": [
                    {
                      "lang": "fi",
                      "value": "112233-445a"
                    }
                  ],
                  "implementationNote": [
                    {
                      "lang": "fi",
                      "value": "Ehdollisesti pakollinen: Henkilötunnus- ja Tilapäinen yksilöintitunnus -kentistä toinen on pakollinen."
                    }
                  ],
                  "representation": [
                    {
                      "lang": "fi",
                      "value": "Tunnus"
                    }
                  ],
                  "repeatable": false,
                  "required": false,
                  "conditionalRequired": true,
                  "nationwideRecordedInformation": false,
                  "hiddenField": false,
                  "hiddenTitle": false,
                  "rowNumber": 5
                },
                "required": [
                  "value"
                ],
                "properties": {
                  "system": {
                    "type": "string"
                  },
                  "value": {
                    "type": "string"
                  }
                }
              },
              "ammatti": {
                "type": "string",
                "sosmeta": {
                  "name": [
                    {
                      "lang": "fi",
                      "value": "Ammatti"
                    }
                  ],
                  "description": [
                    {
                      "lang": "fi",
                      "value": "-"
                    }
                  ],
                  "example": [
                    {
                      "lang": "fi",
                      "value": "-"
                    }
                  ],
                  "representation": [
                    {
                      "lang": "fi",
                      "value": "Teksti"
                    }
                  ],
                  "repeatable": false,
                  "required": false,
                  "conditionalRequired": false,
                  "nationwideRecordedInformation": false,
                  "hiddenField": false,
                  "hiddenTitle": false,
                  "rowNumber": 6
                }
              },
              "yhteystiedot": {
                "type": "object",
                "additionalProperties": false,
                "sosmeta": {
                  "name": [
                    {
                      "lang": "fi",
                      "value": "Yhteystiedot"
                    }
                  ],
                  "description": [
                    {
                      "lang": "fi",
                      "value": "-"
                    }
                  ],
                  "repeatable": false,
                  "required": false,
                  "conditionalRequired": false,
                  "nationwideRecordedInformation": false,
                  "hiddenField": false,
                  "hiddenTitle": false,
                  "rowNumber": 7
                },
                "required": [],
                "properties": {
                  "osoite": {
                    "type": "array",
                    "minItems": 0,
                    "items": {
                      "type": "object",
                      "additionalProperties": false,
                      "sosmeta": {
                        "name": [
                          {
                            "lang": "fi",
                            "value": "Osoite"
                          }
                        ],
                        "description": [
                          {
                            "lang": "fi",
                            "value": "-"
                          }
                        ],
                        "repeatable": true,
                        "required": false,
                        "conditionalRequired": false,
                        "nationwideRecordedInformation": false,
                        "hiddenField": false,
                        "hiddenTitle": false,
                        "rowNumber": 8
                      },
                      "required": [],
                      "properties": {
                        "lahiosoite": {
                          "type": "string",
                          "sosmeta": {
                            "name": [
                              {
                                "lang": "fi",
                                "value": "Lähiosoite"
                              }
                            ],
                            "description": [
                              {
                                "lang": "fi",
                                "value": "-"
                              }
                            ],
                            "example": [
                              {
                                "lang": "fi",
                                "value": "-"
                              }
                            ],
                            "representation": [
                              {
                                "lang": "fi",
                                "value": "Teksti"
                              }
                            ],
                            "repeatable": false,
                            "required": false,
                            "conditionalRequired": false,
                            "nationwideRecordedInformation": false,
                            "hiddenField": false,
                            "hiddenTitle": false,
                            "rowNumber": 9
                          }
                        },
                        "postinumero": {
                          "type": "string",
                          "sosmeta": {
                            "name": [
                              {
                                "lang": "fi",
                                "value": "Postinumero"
                              }
                            ],
                            "description": [
                              {
                                "lang": "fi",
                                "value": "-"
                              }
                            ],
                            "example": [
                              {
                                "lang": "fi",
                                "value": "-"
                              }
                            ],
                            "representation": [
                              {
                                "lang": "fi",
                                "value": "Teksti"
                              }
                            ],
                            "repeatable": false,
                            "required": false,
                            "conditionalRequired": false,
                            "nationwideRecordedInformation": false,
                            "hiddenField": false,
                            "hiddenTitle": false,
                            "rowNumber": 10
                          }
                        },
                        "postitoimipaikka": {
                          "type": "string",
                          "sosmeta": {
                            "name": [
                              {
                                "lang": "fi",
                                "value": "Postitoimipaikka"
                              }
                            ],
                            "description": [
                              {
                                "lang": "fi",
                                "value": "-"
                              }
                            ],
                            "example": [
                              {
                                "lang": "fi",
                                "value": "-"
                              }
                            ],
                            "representation": [
                              {
                                "lang": "fi",
                                "value": "Nimi"
                              }
                            ],
                            "repeatable": false,
                            "required": false,
                            "conditionalRequired": false,
                            "nationwideRecordedInformation": false,
                            "hiddenField": false,
                            "hiddenTitle": false,
                            "rowNumber": 11
                          }
                        }
                      }
                    }
                  },
                  "puhelinnumero": {
                    "type": "string",
                    "sosmeta": {
                      "name": [
                        {
                          "lang": "fi",
                          "value": "Puhelinnumero"
                        }
                      ],
                      "description": [
                        {
                          "lang": "fi",
                          "value": "-"
                        }
                      ],
                      "representation": [
                        {
                          "lang": "fi",
                          "value": "Teksti"
                        }
                      ],
                      "repeatable": false,
                      "required": false,
                      "conditionalRequired": false,
                      "nationwideRecordedInformation": false,
                      "hiddenField": false,
                      "hiddenTitle": false,
                      "rowNumber": 12
                    }
                  }
                }
              },
              "siviilisaaty": {
                "type": "object",
                "additionalProperties": false,
                "sosmeta": {
                  "name": [
                    {
                      "lang": "fi",
                      "value": "Siviilisääty"
                    }
                  ],
                  "description": [
                    {
                      "lang": "fi",
                      "value": "Kenttään kirjataan luokituksen avulla henkilön perheoikeudellinen asema."
                    }
                  ],
                  "example": [
                    {
                      "lang": "fi",
                      "value": "1 \u003d Naimaton"
                    }
                  ],
                  "classification": [
                    {
                      "lang": "fi",
                      "value": "Koodistopalvelin: TK - Siviilisääty 1.2.246.537.6.75"
                    }
                  ],
                  "classificationLink": [
                    {
                      "lang": "",
                      "value": "https://koodistopalvelu.kanta.fi/codeserver/pages/classification-view-page.xhtml?classificationKey\u003d2343\u0026versionKey\u003d2603"
                    }
                  ],
                  "classificationOid": [
                    {
                      "lang": "",
                      "value": "1.2.246.537.6.75"
                    }
                  ],
                  "representation": [
                    {
                      "lang": "fi",
                      "value": "Koodi"
                    }
                  ],
                  "repeatable": false,
                  "required": false,
                  "conditionalRequired": false,
                  "nationwideRecordedInformation": false,
                  "hiddenField": false,
                  "hiddenTitle": false,
                  "rowNumber": 13
                },
                "required": [
                  "system",
                  "code",
                  "display"
                ],
                "properties": {
                  "system": {
                    "type": "string",
                    "pattern": "^urn:oid:1\\.2\\.246\\.537\\.6\\.75(\\.\\d+)*$"
                  },
                  "code": {
                    "type": "string"
                  },
                  "display": {
                    "type": "string"
                  }
                }
              },
              "elaa_avoliitossa": {
                "type": "boolean",
                "sosmeta": {
                  "name": [
                    {
                      "lang": "fi",
                      "value": "Elää avoliitossa"
                    }
                  ],
                  "description": [
                    {
                      "lang": "fi",
                      "value": "Kenttään kirjataan elääkö henkilö avoliitossa."
                    }
                  ],
                  "representation": [
                    {
                      "lang": "fi",
                      "value": "Kytkin"
                    }
                  ],
                  "repeatable": false,
                  "required": false,
                  "conditionalRequired": false,
                  "nationwideRecordedInformation": false,
                  "hiddenField": false,
                  "hiddenTitle": false,
                  "rowNumber": 14
                }
              },
              "parisuhdetiedot": {
                "type": "object",
                "additionalProperties": false,
                "sosmeta": {
                  "name": [
                    {
                      "lang": "fi",
                      "value": "Parisuhdetiedot"
                    }
                  ],
                  "description": [
                    {
                      "lang": "fi",
                      "value": "Tähän kirjataan henkilön parisuhteeseen liittyvät tiedot."
                    }
                  ],
                  "repeatable": false,
                  "required": false,
                  "conditionalRequired": false,
                  "nationwideRecordedInformation": false,
                  "hiddenField": true,
                  "hiddenTitle": false,
                  "rowNumber": 15
                },
                "required": [],
                "properties": {
                  "voimassaolo": {
                    "type": "object",
                    "additionalProperties": false,
                    "sosmeta": {
                      "name": [
                        {
                          "lang": "fi",
                          "value": "Voimassaolo"
                        }
                      ],
                      "description": [
                        {
                          "lang": "fi",
                          "value": "Tähän kirjataan parisuhteen solmimisen päivämäärä ja sen mahdollisen purkautumisen päivämäärä."
                        }
                      ],
                      "repeatable": false,
                      "required": false,
                      "conditionalRequired": false,
                      "nationwideRecordedInformation": false,
                      "hiddenField": true,
                      "hiddenTitle": false,
                      "rowNumber": 16
                    },
                    "required": [],
                    "properties": {
                      "alkamisvuosi": {
                        "type": "number",
                        "sosmeta": {
                          "name": [
                            {
                              "lang": "fi",
                              "value": "Alkamisvuosi"
                            }
                          ],
                          "title": [
                            {
                              "lang": "fi",
                              "value": "Parisuhteen alkamisvuosi"
                            }
                          ],
                          "description": [
                            {
                              "lang": "fi",
                              "value": "Kenttään kirjataan ajanjakson aloittava vuosi."
                            }
                          ],
                          "example": [
                            {
                              "lang": "fi",
                              "value": "2019"
                            }
                          ],
                          "representation": [
                            {
                              "lang": "fi",
                              "value": "Numero"
                            }
                          ],
                          "repeatable": false,
                          "required": false,
                          "conditionalRequired": false,
                          "nationwideRecordedInformation": false,
                          "hiddenField": false,
                          "hiddenTitle": false,
                          "rowNumber": 17
                        }
                      }
                    }
                  }
                }
              },
              "huoltajuus": {
                "type": "array",
                "minItems": 0,
                "items": {
                  "type": "object",
                  "additionalProperties": false,
                  "sosmeta": {
                    "name": [
                      {
                        "lang": "fi",
                        "value": "Huoltajuus"
                      }
                    ],
                    "description": [
                      {
                        "lang": "fi",
                        "value": "Tähän kirjataan lapsen huoltoon liittyvät tiedot huollettavan tai huoltajan näkökulmasta."
                      }
                    ],
                    "repeatable": true,
                    "required": false,
                    "conditionalRequired": false,
                    "nationwideRecordedInformation": false,
                    "hiddenField": true,
                    "hiddenTitle": false,
                    "rowNumber": 18
                  },
                  "required": [],
                  "properties": {
                    "huollettava": {
                      "type": "object",
                      "additionalProperties": false,
                      "sosmeta": {
                        "name": [
                          {
                            "lang": "fi",
                            "value": "Huollettava"
                          }
                        ],
                        "description": [
                          {
                            "lang": "fi",
                            "value": "Tähän kirjataan huollettavan tiedot. Huollettavalla tarkoitetaan alaikäistä henkilöä, jonka huollosta toinen henkilö vastaa."
                          }
                        ],
                        "repeatable": false,
                        "required": false,
                        "conditionalRequired": false,
                        "nationwideRecordedInformation": false,
                        "hiddenField": false,
                        "hiddenTitle": false,
                        "rowNumber": 19
                      },
                      "required": [
                        "sukunimi",
                        "etunimet"
                      ],
                      "properties": {
                        "sukunimi": {
                          "type": "string",
                          "minLength": 1,
                          "sosmeta": {
                            "name": [
                              {
                                "lang": "fi",
                                "value": "Sukunimi"
                              }
                            ],
                            "description": [
                              {
                                "lang": "fi",
                                "value": "-"
                              }
                            ],
                            "representation": [
                              {
                                "lang": "fi",
                                "value": "Nimi"
                              }
                            ],
                            "repeatable": false,
                            "required": true,
                            "conditionalRequired": false,
                            "nationwideRecordedInformation": false,
                            "hiddenField": false,
                            "hiddenTitle": false,
                            "rowNumber": 20
                          }
                        },
                        "etunimet": {
                          "type": "string",
                          "minLength": 1,
                          "sosmeta": {
                            "name": [
                              {
                                "lang": "fi",
                                "value": "Etunimet"
                              }
                            ],
                            "description": [
                              {
                                "lang": "fi",
                                "value": "-"
                              }
                            ],
                            "representation": [
                              {
                                "lang": "fi",
                                "value": "Nimi"
                              }
                            ],
                            "repeatable": false,
                            "required": true,
                            "conditionalRequired": false,
                            "nationwideRecordedInformation": false,
                            "hiddenField": false,
                            "hiddenTitle": false,
                            "rowNumber": 21
                          }
                        },
                        "syntymaaika": {
                          "type": "string",
                          "pattern": "^-?[0-9]{4}(-(0[1-9]|1[0-2])(-(0[0-9]|[1-2][0-9]|3[0-1]))?)?$",
                          "sosmeta": {
                            "name": [
                              {
                                "lang": "fi",
                                "value": "Syntymäaika"
                              }
                            ],
                            "description": [
                              {
                                "lang": "fi",
                                "value": "-"
                              }
                            ],
                            "example": [
                              {
                                "lang": "fi",
                                "value": "-"
                              }
                            ],
                            "representation": [
                              {
                                "lang": "fi",
                                "value": "Pvm"
                              }
                            ],
                            "repeatable": false,
                            "required": false,
                            "conditionalRequired": false,
                            "nationwideRecordedInformation": false,
                            "hiddenField": false,
                            "hiddenTitle": false,
                            "rowNumber": 22
                          }
                        },
                        "yhteystiedot": {
                          "type": "object",
                          "additionalProperties": false,
                          "sosmeta": {
                            "name": [
                              {
                                "lang": "fi",
                                "value": "Yhteystiedot"
                              }
                            ],
                            "description": [
                              {
                                "lang": "fi",
                                "value": "-"
                              }
                            ],
                            "repeatable": false,
                            "required": false,
                            "conditionalRequired": false,
                            "nationwideRecordedInformation": false,
                            "hiddenField": false,
                            "hiddenTitle": false,
                            "rowNumber": 23
                          },
                          "required": [],
                          "properties": {
                            "osoite": {
                              "type": "array",
                              "minItems": 0,
                              "items": {
                                "type": "object",
                                "additionalProperties": false,
                                "sosmeta": {
                                  "name": [
                                    {
                                      "lang": "fi",
                                      "value": "Osoite"
                                    }
                                  ],
                                  "description": [
                                    {
                                      "lang": "fi",
                                      "value": "-"
                                    }
                                  ],
                                  "repeatable": true,
                                  "required": false,
                                  "conditionalRequired": false,
                                  "nationwideRecordedInformation": false,
                                  "hiddenField": false,
                                  "hiddenTitle": false,
                                  "rowNumber": 24
                                },
                                "required": [],
                                "properties": {
                                  "lahiosoite": {
                                    "type": "string",
                                    "sosmeta": {
                                      "name": [
                                        {
                                          "lang": "fi",
                                          "value": "Lähiosoite"
                                        }
                                      ],
                                      "description": [
                                        {
                                          "lang": "fi",
                                          "value": "-"
                                        }
                                      ],
                                      "example": [
                                        {
                                          "lang": "fi",
                                          "value": "-"
                                        }
                                      ],
                                      "representation": [
                                        {
                                          "lang": "fi",
                                          "value": "Teksti"
                                        }
                                      ],
                                      "repeatable": false,
                                      "required": false,
                                      "conditionalRequired": false,
                                      "nationwideRecordedInformation": false,
                                      "hiddenField": false,
                                      "hiddenTitle": false,
                                      "rowNumber": 25
                                    }
                                  },
                                  "postinumero": {
                                    "type": "string",
                                    "sosmeta": {
                                      "name": [
                                        {
                                          "lang": "fi",
                                          "value": "Postinumero"
                                        }
                                      ],
                                      "description": [
                                        {
                                          "lang": "fi",
                                          "value": "-"
                                        }
                                      ],
                                      "example": [
                                        {
                                          "lang": "fi",
                                          "value": "-"
                                        }
                                      ],
                                      "representation": [
                                        {
                                          "lang": "fi",
                                          "value": "Teksti"
                                        }
                                      ],
                                      "repeatable": false,
                                      "required": false,
                                      "conditionalRequired": false,
                                      "nationwideRecordedInformation": false,
                                      "hiddenField": false,
                                      "hiddenTitle": false,
                                      "rowNumber": 26
                                    }
                                  },
                                  "postitoimipaikka": {
                                    "type": "string",
                                    "sosmeta": {
                                      "name": [
                                        {
                                          "lang": "fi",
                                          "value": "Postitoimipaikka"
                                        }
                                      ],
                                      "description": [
                                        {
                                          "lang": "fi",
                                          "value": "-"
                                        }
                                      ],
                                      "example": [
                                        {
                                          "lang": "fi",
                                          "value": "-"
                                        }
                                      ],
                                      "representation": [
                                        {
                                          "lang": "fi",
                                          "value": "Nimi"
                                        }
                                      ],
                                      "repeatable": false,
                                      "required": false,
                                      "conditionalRequired": false,
                                      "nationwideRecordedInformation": false,
                                      "hiddenField": false,
                                      "hiddenTitle": false,
                                      "rowNumber": 27
                                    }
                                  }
                                }
                              }
                            },
                            "puhelinnumero": {
                              "type": "string",
                              "sosmeta": {
                                "name": [
                                  {
                                    "lang": "fi",
                                    "value": "Puhelinnumero"
                                  }
                                ],
                                "description": [
                                  {
                                    "lang": "fi",
                                    "value": "-"
                                  }
                                ],
                                "representation": [
                                  {
                                    "lang": "fi",
                                    "value": "Teksti"
                                  }
                                ],
                                "repeatable": false,
                                "required": false,
                                "conditionalRequired": false,
                                "nationwideRecordedInformation": false,
                                "hiddenField": false,
                                "hiddenTitle": false,
                                "rowNumber": 28
                              }
                            }
                          }
                        }
                      }
                    }
                  }
                }
              },
              "lapsi_vanhempisuhteen_tiedot": {
                "type": "array",
                "minItems": 0,
                "items": {
                  "type": "object",
                  "additionalProperties": false,
                  "sosmeta": {
                    "name": [
                      {
                        "lang": "fi",
                        "value": "Lapsi-vanhempisuhteen tiedot"
                      }
                    ],
                    "description": [
                      {
                        "lang": "fi",
                        "value": "-"
                      }
                    ],
                    "repeatable": true,
                    "required": false,
                    "conditionalRequired": false,
                    "nationwideRecordedInformation": false,
                    "hiddenField": true,
                    "hiddenTitle": false,
                    "rowNumber": 29
                  },
                  "required": [],
                  "properties": {
                    "lapsi": {
                      "type": "array",
                      "minItems": 0,
                      "items": {
                        "type": "object",
                        "additionalProperties": false,
                        "sosmeta": {
                          "name": [
                            {
                              "lang": "fi",
                              "value": "Lapsi"
                            }
                          ],
                          "description": [
                            {
                              "lang": "fi",
                              "value": "Tähän kirjataan lapsen tiedot."
                            }
                          ],
                          "repeatable": true,
                          "required": false,
                          "conditionalRequired": false,
                          "nationwideRecordedInformation": false,
                          "hiddenField": false,
                          "hiddenTitle": false,
                          "rowNumber": 30
                        },
                        "required": [
                          "sukunimi",
                          "etunimet"
                        ],
                        "properties": {
                          "sukunimi": {
                            "type": "string",
                            "minLength": 1,
                            "sosmeta": {
                              "name": [
                                {
                                  "lang": "fi",
                                  "value": "Sukunimi"
                                }
                              ],
                              "description": [
                                {
                                  "lang": "fi",
                                  "value": "-"
                                }
                              ],
                              "representation": [
                                {
                                  "lang": "fi",
                                  "value": "Nimi"
                                }
                              ],
                              "repeatable": false,
                              "required": true,
                              "conditionalRequired": false,
                              "nationwideRecordedInformation": false,
                              "hiddenField": false,
                              "hiddenTitle": false,
                              "rowNumber": 31
                            }
                          },
                          "etunimet": {
                            "type": "string",
                            "minLength": 1,
                            "sosmeta": {
                              "name": [
                                {
                                  "lang": "fi",
                                  "value": "Etunimet"
                                }
                              ],
                              "description": [
                                {
                                  "lang": "fi",
                                  "value": "-"
                                }
                              ],
                              "representation": [
                                {
                                  "lang": "fi",
                                  "value": "Nimi"
                                }
                              ],
                              "repeatable": false,
                              "required": true,
                              "conditionalRequired": false,
                              "nationwideRecordedInformation": false,
                              "hiddenField": false,
                              "hiddenTitle": false,
                              "rowNumber": 32
                            }
                          },
                          "syntymaaika": {
                            "type": "string",
                            "pattern": "^-?[0-9]{4}(-(0[1-9]|1[0-2])(-(0[0-9]|[1-2][0-9]|3[0-1]))?)?$",
                            "sosmeta": {
                              "name": [
                                {
                                  "lang": "fi",
                                  "value": "Syntymäaika"
                                }
                              ],
                              "description": [
                                {
                                  "lang": "fi",
                                  "value": "-"
                                }
                              ],
                              "example": [
                                {
                                  "lang": "fi",
                                  "value": "-"
                                }
                              ],
                              "representation": [
                                {
                                  "lang": "fi",
                                  "value": "Pvm"
                                }
                              ],
                              "repeatable": false,
                              "required": false,
                              "conditionalRequired": false,
                              "nationwideRecordedInformation": false,
                              "hiddenField": false,
                              "hiddenTitle": false,
                              "rowNumber": 33
                            }
                          }
                        }
                      }
                    }
                  }
                }
              }
            }
          }
        },
        "adoptionhakijoiden_kanssa_samassa_taloudessa_asuvat_henkilot": {
          "type": "array",
          "minItems": 0,
          "items": {
            "type": "object",
            "additionalProperties": false,
            "sosmeta": {
              "name": [
                {
                  "lang": "fi",
                  "value": "Adoptionhakijoiden kanssa samassa taloudessa asuvat henkilöt"
                }
              ],
              "description": [
                {
                  "lang": "fi",
                  "value": "-"
                }
              ],
              "repeatable": true,
              "required": false,
              "conditionalRequired": false,
              "nationwideRecordedInformation": false,
              "hiddenField": false,
              "hiddenTitle": false,
              "rowNumber": 34
            },
            "required": [
              "sukunimi",
              "etunimet"
            ],
            "properties": {
              "sukunimi": {
                "type": "string",
                "minLength": 1,
                "sosmeta": {
                  "name": [
                    {
                      "lang": "fi",
                      "value": "Sukunimi"
                    }
                  ],
                  "description": [
                    {
                      "lang": "fi",
                      "value": "-"
                    }
                  ],
                  "representation": [
                    {
                      "lang": "fi",
                      "value": "Nimi"
                    }
                  ],
                  "repeatable": false,
                  "required": true,
                  "conditionalRequired": false,
                  "nationwideRecordedInformation": false,
                  "hiddenField": false,
                  "hiddenTitle": false,
                  "rowNumber": 35
                }
              },
              "etunimet": {
                "type": "string",
                "minLength": 1,
                "sosmeta": {
                  "name": [
                    {
                      "lang": "fi",
                      "value": "Etunimet"
                    }
                  ],
                  "description": [
                    {
                      "lang": "fi",
                      "value": "-"
                    }
                  ],
                  "representation": [
                    {
                      "lang": "fi",
                      "value": "Nimi"
                    }
                  ],
                  "repeatable": false,
                  "required": true,
                  "conditionalRequired": false,
                  "nationwideRecordedInformation": false,
                  "hiddenField": false,
                  "hiddenTitle": false,
                  "rowNumber": 36
                }
              },
              "syntymaaika": {
                "type": "string",
                "pattern": "^-?[0-9]{4}(-(0[1-9]|1[0-2])(-(0[0-9]|[1-2][0-9]|3[0-1]))?)?$",
                "sosmeta": {
                  "name": [
                    {
                      "lang": "fi",
                      "value": "Syntymäaika"
                    }
                  ],
                  "description": [
                    {
                      "lang": "fi",
                      "value": "-"
                    }
                  ],
                  "example": [
                    {
                      "lang": "fi",
                      "value": "-"
                    }
                  ],
                  "representation": [
                    {
                      "lang": "fi",
                      "value": "Pvm"
                    }
                  ],
                  "repeatable": false,
                  "required": false,
                  "conditionalRequired": false,
                  "nationwideRecordedInformation": false,
                  "hiddenField": false,
                  "hiddenTitle": false,
                  "rowNumber": 37
                }
              },
              "kuvaus": {
                "type": "string",
                "sosmeta": {
                  "name": [
                    {
                      "lang": "fi",
                      "value": "Kuvaus"
                    }
                  ],
                  "title": [
                    {
                      "lang": "fi",
                      "value": "Suhde adoptionhakijoihin"
                    }
                  ],
                  "description": [
                    {
                      "lang": "fi",
                      "value": "-"
                    }
                  ],
                  "representation": [
                    {
                      "lang": "fi",
                      "value": "Teksti"
                    }
                  ],
                  "repeatable": false,
                  "required": false,
                  "conditionalRequired": false,
                  "nationwideRecordedInformation": false,
                  "hiddenField": false,
                  "hiddenTitle": false,
                  "rowNumber": 38
                }
              }
            }
          }
        },
        "adoptionhakijoiden_tyo_asuminen_ja_taloudellinen_tilanne": {
          "type": "string",
          "minLength": 1,
          "sosmeta": {
            "name": [
              {
                "lang": "fi",
                "value": "Adoptionhakijoiden työ, asuminen ja taloudellinen tilanne"
              }
            ],
            "description": [
              {
                "lang": "fi",
                "value": "Kenttään kirjataan seuraavat tiedot: koulutus ja työkokemus, nykyinen työpaikka, kuinka kauan adoptionhakija on ollut nykyisessä työpaikassa, päivittäinen työaika, edellyttääkö työ mahdollisesti asumista toisella paikkakunnalla tai ulkomailla, palkka ja muut tulot (brutto ja netto), omaisuus, varat, velat ja velkojen hoito,  toimeentulo suhteessa alueen elinkustannuksiin ja yleisiin oloihin sekä miten työtilanne ja perheen taloudellinen tilanne sallii lakisääteistä vanhempainvapaata pidemmän kotonaolon lapsen kanssa mikäli se lapsen kannalta on tärkeää.\nKenttään kirjataan myös kuvaus asunnosta ja asuinpaikasta erityisesti lapselle soveltumisen näkökulmasta, mahdolliset muuttoaikeet, tiedot hakijoiden muista asunnoista kotimaassa ja ulkomailla, palvelujen saatavuus (mm. perheen ja lapsen tarvitsema sosiaali- ja terveyspalvelujen tuki), lasta varten tehtävät järjestelyt ja hankinnat, lapsen päivähoidon ja koulunkäynnin järjestäminen sekä hakijoiden sellaiset tulevaisuuden suunnitelmat, jotka voivat merkittävällä tavalla vaikuttaa hakijoiden taloudelliseen tilanteeseen."
              }
            ],
            "representation": [
              {
                "lang": "fi",
                "value": "Teksti"
              }
            ],
            "repeatable": false,
            "required": true,
            "conditionalRequired": false,
            "nationwideRecordedInformation": false,
            "hiddenField": false,
            "hiddenTitle": false,
            "rowNumber": 39
          }
        },
        "adoptionhakijoiden_terveydentila_ja_toimintakyky": {
          "type": "string",
          "minLength": 1,
          "sosmeta": {
            "name": [
              {
                "lang": "fi",
                "value": "Adoptionhakijoiden terveydentila ja toimintakyky"
              }
            ],
            "description": [
              {
                "lang": "fi",
                "value": "Kenttään kirjataan lääkärintodistukseen perustuva selostus hakijoiden fyysisestä ja psyykkisestä terveydentilasta, ja liitteeksi lisätään kaksisivuinen T-lomake.  Kroonisten sairauksien osalta tarvitaan erikoislääkärin antama todistus, josta ilmenee prognoosi ja arvio sairauden vaikutuksesta perhetilanteeseen ja lapsenhoitoon.  Kenttään kirjataan myös arvio hakijöiden päihteiden käytöstä. Lisäksi kenttään kirjataan muiden perheenjäsententen mahdolliset terveysongelmat."
              }
            ],
            "representation": [
              {
                "lang": "fi",
                "value": "Teksti"
              }
            ],
            "repeatable": false,
            "required": true,
            "conditionalRequired": false,
            "nationwideRecordedInformation": false,
            "hiddenField": false,
            "hiddenTitle": false,
            "rowNumber": 40
          }
        },
        "adoptionhakijoiden_elamanvaiheet_ja_suhteet_omaisiin": {
          "type": "string",
          "minLength": 1,
          "sosmeta": {
            "name": [
              {
                "lang": "fi",
                "value": "Adoptionhakijoiden elämänvaiheet ja suhteet omaisiin"
              }
            ],
            "description": [
              {
                "lang": "fi",
                "value": "Kenttään kuvataan seuraavia asioita: lyhyt kertomus molempien hakijoiden elämänvaiheista (mukaan lukien mahdolliset aikaisemmat avioliitot), suhde omiin vanhempiin, sisaruksiin ja omaisiin sekä tieto siitä miten perheenjäsenet ja omaiset suhtautuvat vierasmaalaisen lapsen adoptioon silloin, kun tavoitteena on ulkomailta adoptoitu lapsi. Varsinkin yksinasuvien hakijoiden kohdalla tulee selvittää, keneltä on mahdollisuus saada apua ja tukea lapsen kasvatukseen, ja kuka huolehtisi lapsesta jos hakija on tilapäisesti estynyt hoitamasta lasta."
              }
            ],
            "representation": [
              {
                "lang": "fi",
                "value": "Teksti"
              }
            ],
            "repeatable": false,
            "required": true,
            "conditionalRequired": false,
            "nationwideRecordedInformation": false,
            "hiddenField": false,
            "hiddenTitle": false,
            "rowNumber": 41
          }
        },
        "adoptionhakijoiden_motiivit_ja_lasta_koskevat_toivomukset": {
          "type": "string",
          "minLength": 1,
          "sosmeta": {
            "name": [
              {
                "lang": "fi",
                "value": "Adoptionhakijoiden motiivit ja lasta koskevat toivomukset"
              }
            ],
            "description": [
              {
                "lang": "fi",
                "value": "Kenttään kuvataan seuraavia asioita: miksi hakijat haluavat adoptoida lapsen, miten kauan asiaa on mietitty, millä perusteella päätös tehtiin, miten hakijat ovat käsitelleet mahdollista lapsettomuusongelmaa, mitä lapsettomuus heille nykyisin merkitsee, onko mahdolliset lapsettomuushoidot lopetettu, miksi päädyttiin ulkomaiseen/kotimaiseen adoptioon, millaista lasta hakijat toivovat, mitä perusteita he esittävät toiveelleen, voivatko he harkita jollain tavoin vammaisen lapsen adoptiota sekä mikäli hakijat toivovat sisaruksia, kirjataan mm. kokemus lapsista, verkosto ja voimavarat sekä muut näkökulmat sisarusten adoptointiin liittyen."
              }
            ],
            "representation": [
              {
                "lang": "fi",
                "value": "Teksti"
              }
            ],
            "repeatable": false,
            "required": true,
            "conditionalRequired": false,
            "nationwideRecordedInformation": false,
            "hiddenField": false,
            "hiddenTitle": false,
            "rowNumber": 42
          }
        },
        "adoptionhakijoiden_kasvatuskyvyt_ja_valmiudet__adoptioon": {
          "type": "string",
          "minLength": 1,
          "sosmeta": {
            "name": [
              {
                "lang": "fi",
                "value": "Adoptionhakijoiden kasvatuskyvyt ja valmiudet  adoptioon"
              }
            ],
            "description": [
              {
                "lang": "fi",
                "value": "Kenttään kuvataan seuraavia asioita: minkälaista kokemusta hakijoilla on lapsista, millaisia kasvatusnäkemyksiä ja -periaatteita heillä on, miten perheen mahdollisia lapsia on kasvatettu, miten muut lapset suhtautuvat adoptiosuunnitelmaan, millä tavoin hakijat kuvailevat itseään, luonteenpiirteitään ja elämäntapaansa, minkälaisia ihmissuhteita heillä on, mitä he harrastavat, millaisia erityistaitoja he ovat mahdollisesti hankkineet, osallistuvatko he yhdistys- ym. toimintaan, keneltä he voivat tarvittaessa saada konkreettista apua lastenhoidossa, millainen on puolisoiden keskinäinen suhde, miten puolisot käsittelevät erimielisyyksiään, millaiset arvot ja asenteet puolisoilla on, millä tavoin puolisot hyväksyvät erilaisuuden, onko parisuhde molempien mielestä tyydyttävä, onko perheellä valmiuksia lapsen tulon tuomaan suureen muutokseen mikäli puolisot ovat olleet pitkään naimisissa sekä miten puolisot ovat valmistautuneet muuttamaan ajankäyttöään.\nKenttään kuvataan myös ovatko hakijat tietoisia että lapsella voi olla vaikeus kiintyä tai että lapsi mahdollisesti kiintyy aluksi vain toiseen vanhempaan, kuuluvatko hakijat johonkin kirkolliseen tai muuhun yhteisöön, miten hakijat ovat valmistautuneet kansainväliseen adoptioon, ovatko hakijat selvillä kansainvälisissä adoptioissa usein ilmenevistä sopeutumisongelmista, miten he ovat varautuneet pettymyksiin ja pystyvätkö he hakemaan tukea ja apua mahdollisten vaikeuksien ilmetessä, tietävätkö he mistä tukea voi saada, onko paikkakunnalla ulkomaalaisia tai muuta kansainvälistä toimintaa, voiko ulkonäöltään poikkeava lapsi joutua kyseisessä ympäristössä kielteisen huomion kohteeksi, miten vanhemmat ovat ajatelleet menettelevänsä jos lasta kiusataan, miten he kestävät ympäristön kommentit yms. ulkonäöltään etnisesti erilaisesta lapsesta, kykenevätkö hakijat suhtautumaan myönteisesti lapsen syntymätaustaan ja käsittelemään sitä avoimesti lapsen kanssa kasvun eri vaiheissa, ovatko hakijat valmiita yhteydenpitoon lapsen aikaisempien vanhempien kanssa (millaiseen yhteydenpitoon; välitettyyn vai tapaamisiin), minkälaista tietoa ja kokemusta hakijoilla on vieraista kulttuureista (matkat, oleskelu ulkomailla jne.) sekä miten puolisot ovat valmistautuneet kielellisesti kommunikoimaan lapsen kanssa."
              }
            ],
            "representation": [
              {
                "lang": "fi",
                "value": "Teksti"
              }
            ],
            "repeatable": false,
            "required": true,
            "conditionalRequired": false,
            "nationwideRecordedInformation": false,
            "hiddenField": false,
            "hiddenTitle": false,
            "rowNumber": 43
          }
        },
        "tyontekijan_arvio": {
          "type": "string",
          "minLength": 1,
          "sosmeta": {
            "name": [
              {
                "lang": "fi",
                "value": "Työntekijän arvio"
              }
            ],
            "title": [
              {
                "lang": "fi",
                "value": "Työntekijän arvio hakijoiden soveltuvuudesta adoptiovanhemmiksi"
              }
            ],
            "description": [
              {
                "lang": "fi",
                "value": "Soveltuuko perhe adoptiovanhemmaksi? Miten hakijat todennäköisesti selviävät lapsen perushoidosta ja erityistarpeista? Asettaako heidän ikänsä tai muut tekijät rajoituksia lapsen iälle, tms.? Mikäli perhe haluaa samalla kertaa kaksi tai useampia lapsia (sisarukset), onko tämä realistista, onko heillä edellytyksiä siihen? Arviot on esitettävä perusteluineen."
              }
            ],
            "representation": [
              {
                "lang": "fi",
                "value": "Teksti"
              }
            ],
            "repeatable": false,
            "required": true,
            "conditionalRequired": false,
            "nationwideRecordedInformation": false,
            "hiddenField": false,
            "hiddenTitle": false,
            "rowNumber": 44
          }
        },
        "kuvaus_asian_valmistelusta": {
          "type": "object",
          "additionalProperties": false,
          "sosmeta": {
            "name": [
              {
                "lang": "fi",
                "value": "Kuvaus asian valmistelusta"
              }
            ],
            "representation": [
              {
                "lang": "fi",
                "value": "Otsikko"
              }
            ],
            "repeatable": false,
            "required": false,
            "conditionalRequired": false,
            "nationwideRecordedInformation": false,
            "hiddenField": false,
            "hiddenTitle": false,
            "rowNumber": 45
          },
          "required": [
            "valmistelija",
            "tapaamiset",
            "lisatiedot_valmistelusta"
          ],
          "properties": {
            "valmistelija": {
              "type": "array",
              "minItems": 1,
              "items": {
                "type": "object",
                "additionalProperties": false,
                "sosmeta": {
                  "name": [
                    {
                      "lang": "fi",
                      "value": "Valmistelija"
                    }
                  ],
                  "description": [
                    {
                      "lang": "fi",
                      "value": "-"
                    }
                  ],
                  "repeatable": true,
                  "required": true,
                  "conditionalRequired": false,
                  "nationwideRecordedInformation": false,
                  "hiddenField": false,
                  "hiddenTitle": false,
                  "rowNumber": 46
                },
                "required": [
                  "sukunimi",
                  "etunimet"
                ],
                "properties": {
                  "sukunimi": {
                    "type": "string",
                    "minLength": 1,
                    "sosmeta": {
                      "name": [
                        {
                          "lang": "fi",
                          "value": "Sukunimi"
                        }
                      ],
                      "description": [
                        {
                          "lang": "fi",
                          "value": "-"
                        }
                      ],
                      "representation": [
                        {
                          "lang": "fi",
                          "value": "Nimi"
                        }
                      ],
                      "repeatable": false,
                      "required": true,
                      "conditionalRequired": false,
                      "nationwideRecordedInformation": false,
                      "hiddenField": false,
                      "hiddenTitle": false,
                      "rowNumber": 47
                    }
                  },
                  "etunimet": {
                    "type": "string",
                    "minLength": 1,
                    "sosmeta": {
                      "name": [
                        {
                          "lang": "fi",
                          "value": "Etunimet"
                        }
                      ],
                      "description": [
                        {
                          "lang": "fi",
                          "value": "-"
                        }
                      ],
                      "representation": [
                        {
                          "lang": "fi",
                          "value": "Nimi"
                        }
                      ],
                      "repeatable": false,
                      "required": true,
                      "conditionalRequired": false,
                      "nationwideRecordedInformation": false,
                      "hiddenField": false,
                      "hiddenTitle": false,
                      "rowNumber": 48
                    }
                  },
                  "tehtavanimike": {
                    "type": "string",
                    "sosmeta": {
                      "name": [
                        {
                          "lang": "fi",
                          "value": "Tehtävänimike"
                        }
                      ],
                      "description": [
                        {
                          "lang": "fi",
                          "value": "-"
                        }
                      ],
                      "example": [
                        {
                          "lang": "fi",
                          "value": "-"
                        }
                      ],
                      "representation": [
                        {
                          "lang": "fi",
                          "value": "Teksti"
                        }
                      ],
                      "repeatable": false,
                      "required": false,
                      "conditionalRequired": false,
                      "nationwideRecordedInformation": false,
                      "hiddenField": false,
                      "hiddenTitle": false,
                      "rowNumber": 49
                    }
                  },
                  "palveluyksikko": {
                    "type": "object",
                    "additionalProperties": false,
                    "sosmeta": {
                      "name": [
                        {
                          "lang": "fi",
                          "value": "Palveluyksikkö"
                        }
                      ],
                      "description": [
                        {
                          "lang": "fi",
                          "value": "Kenttään kirjataan palveluyksikön nimi SOTE-organisaatiorekisterin avulla."
                        }
                      ],
                      "example": [
                        {
                          "lang": "fi",
                          "value": "1.2.246.10.1012636.10.1.1.100768 \u003d Espoon keskuksen lastensuojelu, Espoon kaupunki, sosiaali- ja terveystoimi"
                        }
                      ],
                      "classification": [
                        {
                          "lang": "fi",
                          "value": "Koodistopalvelin: THL - SOTE-organisaatiorekisteri 1.2.246.537.6.202"
                        }
                      ],
                      "classificationLink": [
                        {
                          "lang": "",
                          "value": "https://koodistopalvelu.kanta.fi/codeserver/pages/classification-view-page.xhtml?classificationKey\u003d421\u0026versionKey\u003d501"
                        }
                      ],
                      "classificationOid": [
                        {
                          "lang": "",
                          "value": "1.2.246.537.6.202"
                        }
                      ],
                      "representation": [
                        {
                          "lang": "fi",
                          "value": "Koodi"
                        }
                      ],
                      "repeatable": false,
                      "required": false,
                      "conditionalRequired": false,
                      "nationwideRecordedInformation": false,
                      "hiddenField": false,
                      "hiddenTitle": false,
                      "rowNumber": 50
                    },
                    "required": [
                      "system",
                      "code",
                      "display"
                    ],
                    "properties": {
                      "system": {
                        "type": "string",
                        "pattern": "^urn:oid:1\\.2\\.246\\.537\\.6\\.202(\\.\\d+)*$"
                      },
                      "code": {
                        "type": "string"
                      },
                      "display": {
                        "type": "string"
                      }
                    }
                  }
                }
              }
            },
            "tapaamiset": {
              "type": "array",
              "minItems": 1,
              "items": {
                "type": "object",
                "additionalProperties": false,
                "sosmeta": {
                  "name": [
                    {
                      "lang": "fi",
                      "value": "Tapaamiset"
                    }
                  ],
                  "description": [
                    {
                      "lang": "fi",
                      "value": "-"
                    }
                  ],
                  "repeatable": true,
                  "required": true,
                  "conditionalRequired": false,
                  "nationwideRecordedInformation": false,
                  "hiddenField": false,
                  "hiddenTitle": false,
                  "rowNumber": 51
                },
                "required": [
                  "paivamaara",
                  "paikka",
                  "osallistujat"
                ],
                "properties": {
                  "paivamaara": {
                    "type": "string",
                    "pattern": "^-?[0-9]{4}(-(0[1-9]|1[0-2])(-(0[0-9]|[1-2][0-9]|3[0-1]))?)?$",
                    "sosmeta": {
                      "name": [
                        {
                          "lang": "fi",
                          "value": "Päivämäärä"
                        }
                      ],
                      "description": [
                        {
                          "lang": "fi",
                          "value": "-"
                        }
                      ],
                      "implementationNote": [
                        {
                          "lang": "fi",
                          "value": "Kenttä on pakollinen TK Tapahtuman määrityksestä poiketen."
                        }
                      ],
                      "representation": [
                        {
                          "lang": "fi",
                          "value": "Pvm"
                        }
                      ],
                      "repeatable": false,
                      "required": true,
                      "conditionalRequired": false,
                      "nationwideRecordedInformation": false,
                      "hiddenField": false,
                      "hiddenTitle": false,
                      "rowNumber": 52
                    }
                  },
                  "paikka": {
                    "type": "string",
                    "minLength": 1,
                    "sosmeta": {
                      "name": [
                        {
                          "lang": "fi",
                          "value": "Paikka"
                        }
                      ],
                      "title": [
                        {
                          "lang": "fi",
                          "value": "Tapaamispaikka"
                        }
                      ],
                      "description": [
                        {
                          "lang": "fi",
                          "value": "-"
                        }
                      ],
                      "example": [
                        {
                          "lang": "fi",
                          "value": "Asiakkaan koti."
                        }
                      ],
                      "implementationNote": [
                        {
                          "lang": "fi",
                          "value": "Kenttä on pakollinen TK Ajanjakson määrityksestä poiketen."
                        }
                      ],
                      "representation": [
                        {
                          "lang": "fi",
                          "value": "Teksti"
                        }
                      ],
                      "repeatable": false,
                      "required": true,
                      "conditionalRequired": false,
                      "nationwideRecordedInformation": false,
                      "hiddenField": false,
                      "hiddenTitle": false,
                      "rowNumber": 53
                    }
                  },
                  "osallistujat": {
                    "type": "string",
                    "minLength": 1,
                    "sosmeta": {
                      "name": [
                        {
                          "lang": "fi",
                          "value": "Osallistujat"
                        }
                      ],
                      "description": [
                        {
                          "lang": "fi",
                          "value": "-"
                        }
                      ],
                      "implementationNote": [
                        {
                          "lang": "fi",
                          "value": "Kenttä on pakollinen TK Tapahtuman määrityksestä poiketen."
                        }
                      ],
                      "representation": [
                        {
                          "lang": "fi",
                          "value": "Teksti"
                        }
                      ],
                      "repeatable": false,
                      "required": true,
                      "conditionalRequired": false,
                      "nationwideRecordedInformation": false,
                      "hiddenField": false,
                      "hiddenTitle": false,
                      "rowNumber": 54
                    }
                  }
                }
              }
            },
            "lisatiedot_valmistelusta": {
              "type": "string",
              "minLength": 1,
              "sosmeta": {
                "name": [
                  {
                    "lang": "fi",
                    "value": "Lisätiedot valmistelusta"
                  }
                ],
                "description": [
                  {
                    "lang": "fi",
                    "value": "Kenttään kirjataan mahdolliset muut henkilöt, joilta asiassa on saatu tietoja, sekä tiedot rikosrekisteriotteesta, joka ei saa olla vuotta vanhempi adoptiolautakuntaan saapumishetkellä."
                  }
                ],
                "example": [
                  {
                    "lang": "fi",
                    "value": "Suomen oikeusrekisterikeskuksen tietojen (pvm) mukaan puolisot eivät ole syyllistyneet mihinkään rikokseen."
                  }
                ],
                "representation": [
                  {
                    "lang": "fi",
                    "value": "Teksti"
                  }
                ],
                "repeatable": false,
                "required": true,
                "conditionalRequired": false,
                "nationwideRecordedInformation": false,
                "hiddenField": false,
                "hiddenTitle": false,
                "rowNumber": 55
              }
            }
          }
        },
        "lisatiedot": {
          "type": "string",
          "sosmeta": {
            "name": [
              {
                "lang": "fi",
                "value": "Lisätiedot"
              }
            ],
            "representation": [
              {
                "lang": "fi",
                "value": "Teksti"
              }
            ],
            "repeatable": false,
            "required": false,
            "conditionalRequired": false,
            "nationwideRecordedInformation": false,
            "hiddenField": false,
            "hiddenTitle": false,
            "rowNumber": 56
          }
        },
        "lakiselostus": {
          "type": "string",
          "sosmeta": {
            "name": [
              {
                "lang": "fi",
                "value": "Lakiselostus"
              }
            ],
            "implementationNote": [
              {
                "lang": "fi",
                "value": "Kentässä voidaan käyttää automaattitekstiä, jonka organisaatio yhdessä tietojärjestelmätoimittajan kanssa laatii. THL ei laadi kentässä näytettäviä tekstejä."
              }
            ],
            "representation": [
              {
                "lang": "fi",
                "value": "Teksti"
              }
            ],
            "repeatable": false,
            "required": false,
            "conditionalRequired": false,
            "nationwideRecordedInformation": false,
            "hiddenField": false,
            "hiddenTitle": false,
            "rowNumber": 57
          }
        },
        "liiteluettelo": {
          "type": "string",
          "sosmeta": {
            "name": [
              {
                "lang": "fi",
                "value": "Liiteluettelo"
              }
            ],
            "example": [
              {
                "lang": "fi",
                "value": "Virkatodistukset, lääkärinlausunnot"
              }
            ],
            "representation": [
              {
                "lang": "fi",
                "value": "Teksti"
              }
            ],
            "repeatable": false,
            "required": false,
            "conditionalRequired": false,
            "nationwideRecordedInformation": false,
            "hiddenField": false,
            "hiddenTitle": false,
            "rowNumber": 58
          }
        },
        "paivamaara": {
          "type": "string",
          "pattern": "^-?[0-9]{4}(-(0[1-9]|1[0-2])(-(0[0-9]|[1-2][0-9]|3[0-1]))?)?$",
          "sosmeta": {
            "name": [
              {
                "lang": "fi",
                "value": "Päivämäärä"
              }
            ],
            "description": [
              {
                "lang": "fi",
                "value": "Kenttään kirjataan asiakirjan laatimisen päivämäärä."
              }
            ],
            "representation": [
              {
                "lang": "fi",
                "value": "Pvm"
              }
            ],
            "repeatable": false,
            "required": false,
            "conditionalRequired": false,
            "nationwideRecordedInformation": false,
            "hiddenField": false,
            "hiddenTitle": false,
            "rowNumber": 59
          }
        },
        "laatija": {
          "type": "array",
          "minItems": 1,
          "items": {
            "type": "object",
            "additionalProperties": false,
            "sosmeta": {
              "name": [
                {
                  "lang": "fi",
                  "value": "Laatija"
                }
              ],
              "description": [
                {
                  "lang": "fi",
                  "value": "-"
                }
              ],
              "repeatable": true,
              "required": true,
              "conditionalRequired": false,
              "nationwideRecordedInformation": false,
              "hiddenField": false,
              "hiddenTitle": false,
              "rowNumber": 60
            },
            "required": [
              "sukunimi",
              "etunimet"
            ],
            "properties": {
              "sukunimi": {
                "type": "string",
                "minLength": 1,
                "sosmeta": {
                  "name": [
                    {
                      "lang": "fi",
                      "value": "Sukunimi"
                    }
                  ],
                  "description": [
                    {
                      "lang": "fi",
                      "value": "-"
                    }
                  ],
                  "representation": [
                    {
                      "lang": "fi",
                      "value": "Nimi"
                    }
                  ],
                  "repeatable": false,
                  "required": true,
                  "conditionalRequired": false,
                  "nationwideRecordedInformation": false,
                  "hiddenField": false,
                  "hiddenTitle": false,
                  "rowNumber": 61
                }
              },
              "etunimet": {
                "type": "string",
                "minLength": 1,
                "sosmeta": {
                  "name": [
                    {
                      "lang": "fi",
                      "value": "Etunimet"
                    }
                  ],
                  "description": [
                    {
                      "lang": "fi",
                      "value": "-"
                    }
                  ],
                  "representation": [
                    {
                      "lang": "fi",
                      "value": "Nimi"
                    }
                  ],
                  "repeatable": false,
                  "required": true,
                  "conditionalRequired": false,
                  "nationwideRecordedInformation": false,
                  "hiddenField": false,
                  "hiddenTitle": false,
                  "rowNumber": 62
                }
              },
              "tehtavanimike": {
                "type": "string",
                "sosmeta": {
                  "name": [
                    {
                      "lang": "fi",
                      "value": "Tehtävänimike"
                    }
                  ],
                  "description": [
                    {
                      "lang": "fi",
                      "value": "-"
                    }
                  ],
                  "example": [
                    {
                      "lang": "fi",
                      "value": "-"
                    }
                  ],
                  "representation": [
                    {
                      "lang": "fi",
                      "value": "Teksti"
                    }
                  ],
                  "repeatable": false,
                  "required": false,
                  "conditionalRequired": false,
                  "nationwideRecordedInformation": false,
                  "hiddenField": false,
                  "hiddenTitle": false,
                  "rowNumber": 63
                }
              },
              "palveluyksikko": {
                "type": "object",
                "additionalProperties": false,
                "sosmeta": {
                  "name": [
                    {
                      "lang": "fi",
                      "value": "Palveluyksikkö"
                    }
                  ],
                  "description": [
                    {
                      "lang": "fi",
                      "value": "Kenttään kirjataan palveluyksikön nimi SOTE-organisaatiorekisterin avulla."
                    }
                  ],
                  "example": [
                    {
                      "lang": "fi",
                      "value": "1.2.246.10.1012636.10.1.1.100768 \u003d Espoon keskuksen lastensuojelu, Espoon kaupunki, sosiaali- ja terveystoimi"
                    }
                  ],
                  "classification": [
                    {
                      "lang": "fi",
                      "value": "Koodistopalvelin: THL - SOTE-organisaatiorekisteri 1.2.246.537.6.202"
                    }
                  ],
                  "classificationLink": [
                    {
                      "lang": "",
                      "value": "https://koodistopalvelu.kanta.fi/codeserver/pages/classification-view-page.xhtml?classificationKey\u003d421\u0026versionKey\u003d501"
                    }
                  ],
                  "classificationOid": [
                    {
                      "lang": "",
                      "value": "1.2.246.537.6.202"
                    }
                  ],
                  "representation": [
                    {
                      "lang": "fi",
                      "value": "Koodi"
                    }
                  ],
                  "repeatable": false,
                  "required": false,
                  "conditionalRequired": false,
                  "nationwideRecordedInformation": false,
                  "hiddenField": false,
                  "hiddenTitle": false,
                  "rowNumber": 64
                },
                "required": [
                  "system",
                  "code",
                  "display"
                ],
                "properties": {
                  "system": {
                    "type": "string",
                    "pattern": "^urn:oid:1\\.2\\.246\\.537\\.6\\.202(\\.\\d+)*$"
                  },
                  "code": {
                    "type": "string"
                  },
                  "display": {
                    "type": "string"
                  }
                }
              }
            }
          }
        },
        "allekirjoitus": {
          "type": "object",
          "additionalProperties": false,
          "sosmeta": {
            "name": [
              {
                "lang": "fi",
                "value": "Allekirjoitus"
              }
            ],
            "description": [
              {
                "lang": "fi",
                "value": "-"
              }
            ],
            "repeatable": false,
            "required": true,
            "conditionalRequired": false,
            "nationwideRecordedInformation": false,
            "hiddenField": false,
            "hiddenTitle": false,
            "rowNumber": 65
          },
          "required": [
            "allekirjoituksen_tyyppi"
          ],
          "properties": {
            "allekirjoituksen_tyyppi": {
              "type": "object",
              "additionalProperties": false,
              "sosmeta": {
                "name": [
                  {
                    "lang": "fi",
                    "value": "Allekirjoituksen tyyppi"
                  }
                ],
                "description": [
                  {
                    "lang": "fi",
                    "value": "Kenttään kirjataan luokituksen avulla allekirjoituksen tyyppi."
                  }
                ],
                "example": [
                  {
                    "lang": "fi",
                    "value": "1 \u003d Asiakirja on allekirjoitettu sähköisesti"
                  }
                ],
                "classification": [
                  {
                    "lang": "fi",
                    "value": "Koodistopalvelin: eArkisto - Allekirjoitus 1.2.246.537.5.40161"
                  }
                ],
                "classificationLink": [
                  {
                    "lang": "",
                    "value": "https://koodistopalvelu.kanta.fi/codeserver/pages/classification-view-page.xhtml?classificationKey\u003d252\u0026versionKey\u003d329"
                  }
                ],
                "classificationOid": [
                  {
                    "lang": "",
                    "value": "1.2.246.537.5.40161"
                  }
                ],
                "representation": [
                  {
                    "lang": "fi",
                    "value": "Koodi"
                  }
                ],
                "repeatable": false,
                "required": true,
                "conditionalRequired": false,
                "nationwideRecordedInformation": false,
                "hiddenField": false,
                "hiddenTitle": false,
                "rowNumber": 66
              },
              "required": [
                "system",
                "code",
                "display"
              ],
              "properties": {
                "system": {
                  "type": "string",
                  "pattern": "^urn:oid:1\\.2\\.246\\.537\\.5\\.40161(\\.\\d+)*$"
                },
                "code": {
                  "type": "string"
                },
                "display": {
                  "type": "string"
                }
              }
            }
          }
        }
      }
    }
  }
}