{
  "$schema": "http://json-schema.org/draft-07/schema#",
  "title": "\u0027Päätös lapsen elatussopimuksen vahvistamisesta\u0027 JSON schema",
  "type": "object",
  "additionalProperties": false,
  "sosmeta": {
    "title": "\u0027Päätös lapsen elatussopimuksen vahvistamisesta\u0027 JSON schema",
    "status": "Valmis",
    "documentDefinitionVersion": "2025-02-28",
    "dataComponentLibraryVersion": "2025-02-27R04",
    "oid": "1.2.246.537.6.1506.11018.2025.2.28",
    "documentType": "Päätös",
    "documentAuthor": "ammattihenkilö",
    "documentSubject": "Lapsen elatusavun turvaamisen asiakasasiakirjat"
  },
  "required": [
    "paatos_lapsen_elatussopimuksen_vahvistamisesta"
  ],
  "properties": {
    "paatos_lapsen_elatussopimuksen_vahvistamisesta": {
      "type": "object",
      "additionalProperties": false,
      "sosmeta": {
        "name": [
          {
            "lang": "fi",
            "value": "Päätös lapsen elatussopimuksen vahvistamisesta"
          },
          {
            "lang": "sv",
            "value": "Beslut om fastställande av avtal om underhållsbidrag till barn"
          }
        ]
      },
      "required": [
        "asiakas",
        "lapsi",
        "paatos",
        "allekirjoitus"
      ],
      "properties": {
        "asiatunnus": {
          "type": "object",
          "additionalProperties": false,
          "sosmeta": {
            "name": [
              {
                "lang": "fi",
                "value": "Asiatunnus"
              },
              {
                "lang": "sv",
                "value": "Ärendenummer"
              }
            ],
            "description": [
              {
                "lang": "fi",
                "value": "Asiatunnus voidaan näyttää asiakirjan ylätunnisteessa. Asiatunnuksen tulee olla sama kuin asiakirjan metatiedoissa oleva asiatunnus."
              },
              {
                "lang": "sv",
                "value": "Ärendenumret kan visas i handlingens sidhuvud. Ärendenumret ska vara samma nummer som ärendekoden i handlingens metadata."
              }
            ],
            "representation": [
              {
                "lang": "fi",
                "value": "Tunnus"
              },
              {
                "lang": "sv",
                "value": "Identifierare"
              }
            ],
            "repeatable": false,
            "required": false,
            "conditionalRequired": false,
            "nationwideRecordedInformation": false,
            "hiddenField": false,
            "hiddenTitle": false,
            "rowNumber": 1
          },
          "required": [
            "value"
          ],
          "properties": {
            "system": {
              "type": "string"
            },
            "value": {
              "type": "string"
            }
          }
        },
        "asiakas": {
          "type": "array",
          "minItems": 1,
          "items": {
            "type": "object",
            "additionalProperties": false,
            "sosmeta": {
              "name": [
                {
                  "lang": "fi",
                  "value": "Asiakas"
                },
                {
                  "lang": "sv",
                  "value": "Klient"
                }
              ],
              "description": [
                {
                  "lang": "fi",
                  "value": "Asiakirja voi kuulua vanhempien yhteiseen asiaan. Tällöin asiakkaaksi kirjataan molemmat vanhemmat, ja tällöin asiakirja näytetään molempien vanhempien asiakastiedoissa ja OmaKannassa. Lasta tai lapsia ei tarvitse kirjata asiakkaaksi, vaan heidän tiedot kirjataan Lapsi-kohtaan. Lapsi tai lapset ovat tällöin asianosaisia tässä asiassa. Poikkeuksena tähän ovat itsenäisesti asuvat 15 vuotta täyttäneet lapset. Heidät on tarkoitus kirjata asiakkaaksi."
                },
                {
                  "lang": "sv",
                  "value": "Handlingen kan hänföra sig till föräldrarnas gemensamma ärende. I detta fall anges båda föräldrarna som klient och handlingen visas i båda föräldrarnas klientuppgifter och i MittKanta. Barnet eller barnen behöver inte anges som klient, utan deras uppgifter antecknas under punkten Barn. I så fall är barnet eller barnen parter i detta ärende. Ett undantag till detta är självständigt boende barn som fyllt 15 år. De ska anges som klient."
                }
              ],
              "repeatable": true,
              "required": true,
              "conditionalRequired": false,
              "nationwideRecordedInformation": false,
              "hiddenField": false,
              "hiddenTitle": false,
              "rowNumber": 2
            },
            "required": [
              "sukunimi",
              "etunimet"
            ],
            "properties": {
              "sukunimi": {
                "type": "string",
                "minLength": 1,
                "sosmeta": {
                  "name": [
                    {
                      "lang": "fi",
                      "value": "Sukunimi"
                    },
                    {
                      "lang": "sv",
                      "value": "Efternamn"
                    }
                  ],
                  "description": [
                    {
                      "lang": "fi",
                      "value": "-"
                    },
                    {
                      "lang": "sv",
                      "value": "-"
                    }
                  ],
                  "example": [
                    {
                      "lang": "fi",
                      "value": "-"
                    },
                    {
                      "lang": "sv",
                      "value": "-"
                    }
                  ],
                  "representation": [
                    {
                      "lang": "fi",
                      "value": "Nimi"
                    },
                    {
                      "lang": "sv",
                      "value": "Namn"
                    }
                  ],
                  "repeatable": false,
                  "required": true,
                  "conditionalRequired": false,
                  "nationwideRecordedInformation": false,
                  "hiddenField": false,
                  "hiddenTitle": false,
                  "rowNumber": 3
                }
              },
              "etunimet": {
                "type": "string",
                "minLength": 1,
                "sosmeta": {
                  "name": [
                    {
                      "lang": "fi",
                      "value": "Etunimet"
                    },
                    {
                      "lang": "sv",
                      "value": "Samtliga förnamn"
                    }
                  ],
                  "description": [
                    {
                      "lang": "fi",
                      "value": "-"
                    },
                    {
                      "lang": "sv",
                      "value": "-"
                    }
                  ],
                  "example": [
                    {
                      "lang": "fi",
                      "value": "-"
                    },
                    {
                      "lang": "sv",
                      "value": "-"
                    }
                  ],
                  "representation": [
                    {
                      "lang": "fi",
                      "value": "Nimi"
                    },
                    {
                      "lang": "sv",
                      "value": "Namn"
                    }
                  ],
                  "repeatable": false,
                  "required": true,
                  "conditionalRequired": false,
                  "nationwideRecordedInformation": false,
                  "hiddenField": false,
                  "hiddenTitle": false,
                  "rowNumber": 4
                }
              },
              "henkilotunnus": {
                "type": "object",
                "additionalProperties": false,
                "sosmeta": {
                  "name": [
                    {
                      "lang": "fi",
                      "value": "Henkilötunnus"
                    },
                    {
                      "lang": "sv",
                      "value": "Personbeteckning"
                    }
                  ],
                  "description": [
                    {
                      "lang": "fi",
                      "value": "-"
                    },
                    {
                      "lang": "sv",
                      "value": "-"
                    }
                  ],
                  "example": [
                    {
                      "lang": "fi",
                      "value": "-"
                    },
                    {
                      "lang": "sv",
                      "value": "-"
                    }
                  ],
                  "implementationNote": [
                    {
                      "lang": "fi",
                      "value": "Ehdollisesti pakollinen: Henkilötunnus- ja Tilapäinen yksilöintitunnus -kentistä toinen on pakollinen."
                    },
                    {
                      "lang": "sv",
                      "value": "Ehdollisesti pakollinen: Henkilötunnus- ja Tilapäinen yksilöintitunnus -kentistä toinen on pakollinen."
                    }
                  ],
                  "representation": [
                    {
                      "lang": "fi",
                      "value": "Tunnus"
                    },
                    {
                      "lang": "sv",
                      "value": "Identifierare"
                    }
                  ],
                  "systemUri": [
                    {
                      "lang": "",
                      "value": "urn:oid:1.2.246.21"
                    }
                  ],
                  "repeatable": false,
                  "required": false,
                  "conditionalRequired": true,
                  "nationwideRecordedInformation": false,
                  "hiddenField": false,
                  "hiddenTitle": false,
                  "rowNumber": 5
                },
                "required": [
                  "value"
                ],
                "properties": {
                  "system": {
                    "type": "string"
                  },
                  "value": {
                    "type": "string"
                  }
                }
              },
              "tilapainen_yksilointitunnus": {
                "type": "object",
                "additionalProperties": false,
                "sosmeta": {
                  "name": [
                    {
                      "lang": "fi",
                      "value": "Tilapäinen yksilöintitunnus"
                    },
                    {
                      "lang": "sv",
                      "value": "Temporär identifikationskod"
                    }
                  ],
                  "description": [
                    {
                      "lang": "fi",
                      "value": "-"
                    },
                    {
                      "lang": "sv",
                      "value": "-"
                    }
                  ],
                  "example": [
                    {
                      "lang": "fi",
                      "value": "-"
                    },
                    {
                      "lang": "sv",
                      "value": "-"
                    }
                  ],
                  "implementationNote": [
                    {
                      "lang": "fi",
                      "value": "Ehdollisesti pakollinen: Henkilötunnus- ja Tilapäinen yksilöintitunnus -kentistä toinen on pakollinen."
                    },
                    {
                      "lang": "sv",
                      "value": "Ehdollisesti pakollinen: Henkilötunnus- ja Tilapäinen yksilöintitunnus -kentistä toinen on pakollinen."
                    }
                  ],
                  "representation": [
                    {
                      "lang": "fi",
                      "value": "Tunnus"
                    },
                    {
                      "lang": "sv",
                      "value": "Identifierare"
                    }
                  ],
                  "repeatable": false,
                  "required": false,
                  "conditionalRequired": true,
                  "nationwideRecordedInformation": false,
                  "hiddenField": false,
                  "hiddenTitle": false,
                  "rowNumber": 6
                },
                "required": [
                  "value"
                ],
                "properties": {
                  "system": {
                    "type": "string"
                  },
                  "value": {
                    "type": "string"
                  }
                }
              }
            }
          }
        },
        "lapsi": {
          "type": "array",
          "minItems": 1,
          "items": {
            "type": "object",
            "additionalProperties": false,
            "sosmeta": {
              "name": [
                {
                  "lang": "fi",
                  "value": "Lapsi"
                },
                {
                  "lang": "sv",
                  "value": "Barn"
                }
              ],
              "description": [
                {
                  "lang": "fi",
                  "value": "-"
                },
                {
                  "lang": "sv",
                  "value": "-"
                }
              ],
              "repeatable": true,
              "required": true,
              "conditionalRequired": false,
              "nationwideRecordedInformation": false,
              "hiddenField": false,
              "hiddenTitle": false,
              "rowNumber": 7
            },
            "required": [
              "sukunimi",
              "etunimet"
            ],
            "properties": {
              "sukunimi": {
                "type": "string",
                "minLength": 1,
                "sosmeta": {
                  "name": [
                    {
                      "lang": "fi",
                      "value": "Sukunimi"
                    },
                    {
                      "lang": "sv",
                      "value": "Efternamn"
                    }
                  ],
                  "description": [
                    {
                      "lang": "fi",
                      "value": "-"
                    },
                    {
                      "lang": "sv",
                      "value": "-"
                    }
                  ],
                  "representation": [
                    {
                      "lang": "fi",
                      "value": "Nimi"
                    },
                    {
                      "lang": "sv",
                      "value": "Namn"
                    }
                  ],
                  "repeatable": false,
                  "required": true,
                  "conditionalRequired": false,
                  "nationwideRecordedInformation": false,
                  "hiddenField": false,
                  "hiddenTitle": false,
                  "rowNumber": 8
                }
              },
              "etunimet": {
                "type": "string",
                "minLength": 1,
                "sosmeta": {
                  "name": [
                    {
                      "lang": "fi",
                      "value": "Etunimet"
                    },
                    {
                      "lang": "sv",
                      "value": "Samtliga förnamn"
                    }
                  ],
                  "description": [
                    {
                      "lang": "fi",
                      "value": "-"
                    },
                    {
                      "lang": "sv",
                      "value": "-"
                    }
                  ],
                  "representation": [
                    {
                      "lang": "fi",
                      "value": "Nimi"
                    },
                    {
                      "lang": "sv",
                      "value": "Namn"
                    }
                  ],
                  "repeatable": false,
                  "required": true,
                  "conditionalRequired": false,
                  "nationwideRecordedInformation": false,
                  "hiddenField": false,
                  "hiddenTitle": false,
                  "rowNumber": 9
                }
              },
              "henkilotunnus": {
                "type": "object",
                "additionalProperties": false,
                "sosmeta": {
                  "name": [
                    {
                      "lang": "fi",
                      "value": "Henkilötunnus"
                    },
                    {
                      "lang": "sv",
                      "value": "Personbeteckning"
                    }
                  ],
                  "description": [
                    {
                      "lang": "fi",
                      "value": "-"
                    },
                    {
                      "lang": "sv",
                      "value": "-"
                    }
                  ],
                  "implementationNote": [
                    {
                      "lang": "fi",
                      "value": "Ehdollisesti pakollinen: Henkilötunnus- ja Tilapäinen yksilöintitunnus -kentistä toinen on pakollinen."
                    },
                    {
                      "lang": "sv",
                      "value": "Ehdollisesti pakollinen: Henkilötunnus- ja Tilapäinen yksilöintitunnus -kentistä toinen on pakollinen."
                    }
                  ],
                  "representation": [
                    {
                      "lang": "fi",
                      "value": "Tunnus"
                    },
                    {
                      "lang": "sv",
                      "value": "Identifierare"
                    }
                  ],
                  "systemUri": [
                    {
                      "lang": "",
                      "value": "urn:oid:1.2.246.21"
                    }
                  ],
                  "repeatable": false,
                  "required": false,
                  "conditionalRequired": true,
                  "nationwideRecordedInformation": false,
                  "hiddenField": false,
                  "hiddenTitle": false,
                  "rowNumber": 10
                },
                "required": [
                  "value"
                ],
                "properties": {
                  "system": {
                    "type": "string"
                  },
                  "value": {
                    "type": "string"
                  }
                }
              },
              "tilapainen_yksilointitunnus": {
                "type": "object",
                "additionalProperties": false,
                "sosmeta": {
                  "name": [
                    {
                      "lang": "fi",
                      "value": "Tilapäinen yksilöintitunnus"
                    },
                    {
                      "lang": "sv",
                      "value": "Temporär identifikationskod"
                    }
                  ],
                  "description": [
                    {
                      "lang": "fi",
                      "value": "-"
                    },
                    {
                      "lang": "sv",
                      "value": "-"
                    }
                  ],
                  "example": [
                    {
                      "lang": "fi",
                      "value": "-"
                    },
                    {
                      "lang": "sv",
                      "value": "-"
                    }
                  ],
                  "implementationNote": [
                    {
                      "lang": "fi",
                      "value": "Ehdollisesti pakollinen: Henkilötunnus- ja Tilapäinen yksilöintitunnus -kentistä toinen on pakollinen."
                    },
                    {
                      "lang": "sv",
                      "value": "Ehdollisesti pakollinen: Henkilötunnus- ja Tilapäinen yksilöintitunnus -kentistä toinen on pakollinen."
                    }
                  ],
                  "representation": [
                    {
                      "lang": "fi",
                      "value": "Tunnus"
                    },
                    {
                      "lang": "sv",
                      "value": "Identifierare"
                    }
                  ],
                  "repeatable": false,
                  "required": false,
                  "conditionalRequired": true,
                  "nationwideRecordedInformation": false,
                  "hiddenField": false,
                  "hiddenTitle": false,
                  "rowNumber": 11
                },
                "required": [
                  "value"
                ],
                "properties": {
                  "system": {
                    "type": "string"
                  },
                  "value": {
                    "type": "string"
                  }
                }
              }
            }
          }
        },
        "paatos": {
          "type": "object",
          "additionalProperties": false,
          "sosmeta": {
            "name": [
              {
                "lang": "fi",
                "value": "Päätös"
              },
              {
                "lang": "sv",
                "value": "Beslut"
              }
            ],
            "description": [
              {
                "lang": "fi",
                "value": "-"
              },
              {
                "lang": "sv",
                "value": "-"
              }
            ],
            "repeatable": false,
            "required": true,
            "conditionalRequired": false,
            "nationwideRecordedInformation": false,
            "hiddenField": true,
            "hiddenTitle": false,
            "rowNumber": 12
          },
          "required": [
            "paatospaivamaara",
            "ratkaisu_ja_perustelut",
            "ratkaisun_lakiperuste",
            "paatoksentekija",
            "lisatietojen_antaja"
          ],
          "properties": {
            "paatostunnus": {
              "type": "object",
              "additionalProperties": false,
              "sosmeta": {
                "name": [
                  {
                    "lang": "fi",
                    "value": "Päätöstunnus"
                  },
                  {
                    "lang": "sv",
                    "value": "Beslutskod"
                  }
                ],
                "description": [
                  {
                    "lang": "fi",
                    "value": "-"
                  },
                  {
                    "lang": "sv",
                    "value": "-"
                  }
                ],
                "implementationNote": [
                  {
                    "lang": "fi",
                    "value": "Päätöstunnus voidaan näyttää asiakirjan ylätunnisteessa."
                  },
                  {
                    "lang": "sv",
                    "value": "Beslutskoden kan skrivas ut i handlingens sidhuvud."
                  }
                ],
                "representation": [
                  {
                    "lang": "fi",
                    "value": "Tunnus"
                  },
                  {
                    "lang": "sv",
                    "value": "Identifierare"
                  }
                ],
                "repeatable": false,
                "required": false,
                "conditionalRequired": false,
                "nationwideRecordedInformation": false,
                "hiddenField": false,
                "hiddenTitle": false,
                "rowNumber": 13
              },
              "required": [
                "value"
              ],
              "properties": {
                "system": {
                  "type": "string"
                },
                "value": {
                  "type": "string"
                }
              }
            },
            "vireilletulopaivamaara": {
              "type": "string",
              "pattern": "^-?[0-9]{4}(-(0[1-9]|1[0-2])(-(0[0-9]|[1-2][0-9]|3[0-1]))?)?$",
              "sosmeta": {
                "name": [
                  {
                    "lang": "fi",
                    "value": "Vireilletulopäivämäärä"
                  },
                  {
                    "lang": "sv",
                    "value": "Datum för inledande"
                  }
                ],
                "description": [
                  {
                    "lang": "fi",
                    "value": "Kenttään kirjataan päivämäärä, jolloin sosiaalihuollon asiakkaan hallintoasiassa ratkaisua vaativa asia on tullut vireille."
                  },
                  {
                    "lang": "sv",
                    "value": "I fältet antecknas datumet då ärendet för klienten inom socialvården inleddes, vilket kräver ett beslut i ett förvaltningsärende."
                  }
                ],
                "example": [
                  {
                    "lang": "fi",
                    "value": "5.4.2020"
                  },
                  {
                    "lang": "sv",
                    "value": "5.4.2020"
                  }
                ],
                "representation": [
                  {
                    "lang": "fi",
                    "value": "Pvm"
                  },
                  {
                    "lang": "sv",
                    "value": "Datum"
                  }
                ],
                "repeatable": false,
                "required": false,
                "conditionalRequired": false,
                "nationwideRecordedInformation": true,
                "hiddenField": false,
                "hiddenTitle": false,
                "rowNumber": 14
              }
            },
            "paatospaivamaara": {
              "type": "string",
              "pattern": "^-?[0-9]{4}(-(0[1-9]|1[0-2])(-(0[0-9]|[1-2][0-9]|3[0-1]))?)?$",
              "sosmeta": {
                "name": [
                  {
                    "lang": "fi",
                    "value": "Päätöspäivämäärä"
                  },
                  {
                    "lang": "sv",
                    "value": "Beslutsdatum"
                  }
                ],
                "description": [
                  {
                    "lang": "fi",
                    "value": "-"
                  },
                  {
                    "lang": "sv",
                    "value": "-"
                  }
                ],
                "representation": [
                  {
                    "lang": "fi",
                    "value": "Pvm"
                  },
                  {
                    "lang": "sv",
                    "value": "Datum"
                  }
                ],
                "repeatable": false,
                "required": true,
                "conditionalRequired": false,
                "nationwideRecordedInformation": true,
                "hiddenField": false,
                "hiddenTitle": false,
                "rowNumber": 15
              }
            },
            "sopimuksen_vahvistaminen": {
              "type": "object",
              "additionalProperties": false,
              "sosmeta": {
                "name": [
                  {
                    "lang": "fi",
                    "value": "Sopimuksen vahvistaminen"
                  },
                  {
                    "lang": "sv",
                    "value": "Fastställande av avtal"
                  }
                ],
                "repeatable": false,
                "required": false,
                "conditionalRequired": false,
                "nationwideRecordedInformation": false,
                "hiddenField": false,
                "hiddenTitle": false,
                "rowNumber": 16
              },
              "required": [],
              "properties": {
                "vahvistettavan_sopimuksen_asiakirjatunnus": {
                  "type": "object",
                  "additionalProperties": false,
                  "sosmeta": {
                    "name": [
                      {
                        "lang": "fi",
                        "value": "Vahvistettavan sopimuksen asiakirjatunnus"
                      },
                      {
                        "lang": "sv",
                        "value": "Handlingsnummer av det avtal som ska fastställas"
                      }
                    ],
                    "representation": [
                      {
                        "lang": "fi",
                        "value": "Tunnus"
                      },
                      {
                        "lang": "sv",
                        "value": "Identifierare"
                      }
                    ],
                    "repeatable": false,
                    "required": false,
                    "conditionalRequired": false,
                    "nationwideRecordedInformation": false,
                    "hiddenField": false,
                    "hiddenTitle": false,
                    "rowNumber": 17
                  },
                  "required": [
                    "value"
                  ],
                  "properties": {
                    "system": {
                      "type": "string"
                    },
                    "value": {
                      "type": "string"
                    }
                  }
                },
                "vahvistaminen": {
                  "type": "object",
                  "additionalProperties": false,
                  "sosmeta": {
                    "name": [
                      {
                        "lang": "fi",
                        "value": "Vahvistaminen"
                      },
                      {
                        "lang": "sv",
                        "value": "Fastställande"
                      }
                    ],
                    "implementationNote": [
                      {
                        "lang": "fi",
                        "value": "Kentässä käytetään sisäistä luokitusta eli luokitusta, jota ei ole kansallisella koodistopalvelimella. Kentässä sallitut arvot on esitetty Luokitus-kohdassa."
                      },
                      {
                        "lang": "sv",
                        "value": "Kentässä käytetään sisäistä luokitusta eli luokitusta, jota ei ole kansallisella koodistopalvelimella. Kentässä sallitut arvot on esitetty Luokitus-kohdassa."
                      }
                    ],
                    "classification": [
                      {
                        "lang": "fi",
                        "value": "Sisäinen luokitus: 1 \u003d Sopimus on vahvistettu, 2 \u003d Sopimusta ei ole vahvistettu"
                      },
                      {
                        "lang": "sv",
                        "value": "Internt kodsystem: 1 \u003d Avtalet är fastställt, 2 \u003d Avtalet är inte fastställt"
                      }
                    ],
                    "classificationOid": [
                      {
                        "lang": "",
                        "value": "Päätös lapsen elatussopimuksen vahvistamisesta/Vahvistaminen"
                      }
                    ],
                    "representation": [
                      {
                        "lang": "fi",
                        "value": "Koodi"
                      },
                      {
                        "lang": "sv",
                        "value": "Kod"
                      }
                    ],
                    "repeatable": false,
                    "required": false,
                    "conditionalRequired": false,
                    "nationwideRecordedInformation": true,
                    "hiddenField": false,
                    "hiddenTitle": true,
                    "acceptedValues": [
                      {
                        "lang": "",
                        "value": "1"
                      },
                      {
                        "lang": "",
                        "value": "2"
                      }
                    ],
                    "rowNumber": 18
                  },
                  "required": [
                    "system",
                    "code",
                    "display"
                  ],
                  "properties": {
                    "system": {
                      "type": "string",
                      "enum": [
                        "paatos_lapsen_elatussopimuksen_vahvistamisesta/vahvistaminen"
                      ]
                    },
                    "code": {
                      "type": "string",
                      "enum": [
                        "1",
                        "2"
                      ]
                    },
                    "display": {
                      "type": "string"
                    }
                  }
                }
              }
            },
            "ratkaisu_ja_perustelut": {
              "type": "string",
              "minLength": 1,
              "sosmeta": {
                "name": [
                  {
                    "lang": "fi",
                    "value": "Ratkaisu ja perustelut"
                  },
                  {
                    "lang": "sv",
                    "value": "Beslut och motiveringar"
                  }
                ],
                "title": [
                  {
                    "lang": "fi",
                    "value": "Perustelut"
                  },
                  {
                    "lang": "sv",
                    "value": "Motiveringar"
                  }
                ],
                "description": [
                  {
                    "lang": "fi",
                    "value": "-"
                  },
                  {
                    "lang": "sv",
                    "value": "-"
                  }
                ],
                "example": [
                  {
                    "lang": "fi",
                    "value": "-"
                  },
                  {
                    "lang": "sv",
                    "value": "-"
                  }
                ],
                "representation": [
                  {
                    "lang": "fi",
                    "value": "Teksti"
                  },
                  {
                    "lang": "sv",
                    "value": "Text"
                  }
                ],
                "repeatable": false,
                "required": true,
                "conditionalRequired": false,
                "nationwideRecordedInformation": false,
                "hiddenField": false,
                "hiddenTitle": false,
                "rowNumber": 19
              }
            },
            "ratkaisun_lakiperuste": {
              "type": "string",
              "minLength": 1,
              "sosmeta": {
                "name": [
                  {
                    "lang": "fi",
                    "value": "Ratkaisun lakiperuste"
                  },
                  {
                    "lang": "sv",
                    "value": "Laggrund för beslutet"
                  }
                ],
                "title": [
                  {
                    "lang": "fi",
                    "value": "Lainkohdat, joihin ratkaisu perustuu"
                  },
                  {
                    "lang": "sv",
                    "value": "Lagrum som beslutet grundar sig på"
                  }
                ],
                "description": [
                  {
                    "lang": "fi",
                    "value": "-"
                  },
                  {
                    "lang": "sv",
                    "value": "-"
                  }
                ],
                "representation": [
                  {
                    "lang": "fi",
                    "value": "Teksti"
                  },
                  {
                    "lang": "sv",
                    "value": "Text"
                  }
                ],
                "repeatable": false,
                "required": true,
                "conditionalRequired": false,
                "nationwideRecordedInformation": false,
                "hiddenField": false,
                "hiddenTitle": false,
                "rowNumber": 20
              }
            },
            "tama_paatos_annetaan_tiedoksi_seuraaville_henkiloille": {
              "type": "string",
              "sosmeta": {
                "name": [
                  {
                    "lang": "fi",
                    "value": "Tämä päätös annetaan tiedoksi seuraaville henkilöille"
                  },
                  {
                    "lang": "sv",
                    "value": "Detta beslut delges till följande personer"
                  }
                ],
                "description": [
                  {
                    "lang": "fi",
                    "value": "Kenttään voidaan kirjata niiden henkilöiden nimet, joille tämä päätös annetaan tiedoksi. Tiedoksiannosta laaditaan erilliset tiedoksiantoasiakirjat, joihin kirjataan tarkemmat tiedot, kuten esimerkiksi tiedoksiantotapa ja tiedoksiantopäivämäärä. Tiedoksiantoasiakirja laaditaan jokaiselle tiedoksiannettavalle erikseen."
                  },
                  {
                    "lang": "sv",
                    "value": "I fältet antecknas namnen på de personer som delges detta beslut. Om delgivningen upprättas separata delgivningshandlingar där noggrannare uppgifter antecknas, såsom delgivningsmetod och delgivningsdatum. Delgivningshandlingen upprättas separat för varje delgivningsmottagare."
                  }
                ],
                "representation": [
                  {
                    "lang": "fi",
                    "value": "Teksti"
                  },
                  {
                    "lang": "sv",
                    "value": "Text"
                  }
                ],
                "repeatable": false,
                "required": false,
                "conditionalRequired": false,
                "nationwideRecordedInformation": false,
                "hiddenField": false,
                "hiddenTitle": false,
                "rowNumber": 21
              }
            },
            "paatoksentekija": {
              "type": "object",
              "additionalProperties": false,
              "sosmeta": {
                "name": [
                  {
                    "lang": "fi",
                    "value": "Päätöksentekijä"
                  },
                  {
                    "lang": "sv",
                    "value": "Beslutsfattare"
                  }
                ],
                "description": [
                  {
                    "lang": "fi",
                    "value": "-"
                  },
                  {
                    "lang": "sv",
                    "value": "-"
                  }
                ],
                "repeatable": false,
                "required": true,
                "conditionalRequired": false,
                "nationwideRecordedInformation": false,
                "hiddenField": false,
                "hiddenTitle": false,
                "rowNumber": 22
              },
              "required": [
                "sukunimi",
                "etunimet"
              ],
              "properties": {
                "sukunimi": {
                  "type": "string",
                  "minLength": 1,
                  "sosmeta": {
                    "name": [
                      {
                        "lang": "fi",
                        "value": "Sukunimi"
                      },
                      {
                        "lang": "sv",
                        "value": "Efternamn"
                      }
                    ],
                    "description": [
                      {
                        "lang": "fi",
                        "value": "-"
                      },
                      {
                        "lang": "sv",
                        "value": "-"
                      }
                    ],
                    "representation": [
                      {
                        "lang": "fi",
                        "value": "Nimi"
                      },
                      {
                        "lang": "sv",
                        "value": "Namn"
                      }
                    ],
                    "repeatable": false,
                    "required": true,
                    "conditionalRequired": false,
                    "nationwideRecordedInformation": false,
                    "hiddenField": false,
                    "hiddenTitle": false,
                    "rowNumber": 23
                  }
                },
                "etunimet": {
                  "type": "string",
                  "minLength": 1,
                  "sosmeta": {
                    "name": [
                      {
                        "lang": "fi",
                        "value": "Etunimet"
                      },
                      {
                        "lang": "sv",
                        "value": "Samtliga förnamn"
                      }
                    ],
                    "description": [
                      {
                        "lang": "fi",
                        "value": "-"
                      },
                      {
                        "lang": "sv",
                        "value": "-"
                      }
                    ],
                    "representation": [
                      {
                        "lang": "fi",
                        "value": "Nimi"
                      },
                      {
                        "lang": "sv",
                        "value": "Namn"
                      }
                    ],
                    "repeatable": false,
                    "required": true,
                    "conditionalRequired": false,
                    "nationwideRecordedInformation": false,
                    "hiddenField": false,
                    "hiddenTitle": false,
                    "rowNumber": 24
                  }
                },
                "tehtavanimike": {
                  "type": "string",
                  "sosmeta": {
                    "name": [
                      {
                        "lang": "fi",
                        "value": "Tehtävänimike"
                      },
                      {
                        "lang": "sv",
                        "value": "Uppgiftsbeteckning"
                      }
                    ],
                    "description": [
                      {
                        "lang": "fi",
                        "value": "-"
                      },
                      {
                        "lang": "sv",
                        "value": "-"
                      }
                    ],
                    "example": [
                      {
                        "lang": "fi",
                        "value": "-"
                      },
                      {
                        "lang": "sv",
                        "value": "-"
                      }
                    ],
                    "representation": [
                      {
                        "lang": "fi",
                        "value": "Teksti"
                      },
                      {
                        "lang": "sv",
                        "value": "Text"
                      }
                    ],
                    "repeatable": false,
                    "required": false,
                    "conditionalRequired": false,
                    "nationwideRecordedInformation": false,
                    "hiddenField": false,
                    "hiddenTitle": false,
                    "rowNumber": 25
                  }
                },
                "palveluyksikko": {
                  "type": "object",
                  "additionalProperties": false,
                  "sosmeta": {
                    "name": [
                      {
                        "lang": "fi",
                        "value": "Palveluyksikkö"
                      },
                      {
                        "lang": "sv",
                        "value": "Serviceenhet"
                      }
                    ],
                    "description": [
                      {
                        "lang": "fi",
                        "value": "Kenttään kirjataan palveluyksikön nimi SOTE-organisaatiorekisterin avulla."
                      },
                      {
                        "lang": "sv",
                        "value": "I fältet antecknas namnet på serviceenheten enligt Organisationsregistret för social- och hälsovården."
                      }
                    ],
                    "example": [
                      {
                        "lang": "fi",
                        "value": "1.2.246.10.1012636.10.1.1.100768 \u003d Espoon keskuksen lastensuojelu, Espoon kaupunki, sosiaali- ja terveystoimi"
                      },
                      {
                        "lang": "sv",
                        "value": "1.2.246.10.1012636.10.1.1.100768 \u003d Esbo centrums barnskydd, Esbo stad, social- och hälsovårdssektorn"
                      }
                    ],
                    "classification": [
                      {
                        "lang": "fi",
                        "value": "Koodistopalvelin: THL - SOTE-organisaatiorekisteri 1.2.246.537.6.202"
                      },
                      {
                        "lang": "sv",
                        "value": "Kodtjänsten: THL - SOTE-organisationsregister 1.2.246.537.6.202"
                      }
                    ],
                    "classificationLink": [
                      {
                        "lang": "",
                        "value": "https://koodistopalvelu.kanta.fi/codeserver/pages/classification-view-page.xhtml?classificationKey\u003d421\u0026versionKey\u003d501"
                      }
                    ],
                    "classificationOid": [
                      {
                        "lang": "",
                        "value": "1.2.246.537.6.202"
                      }
                    ],
                    "representation": [
                      {
                        "lang": "fi",
                        "value": "Koodi"
                      },
                      {
                        "lang": "sv",
                        "value": "Kod"
                      }
                    ],
                    "repeatable": false,
                    "required": false,
                    "conditionalRequired": false,
                    "nationwideRecordedInformation": true,
                    "hiddenField": false,
                    "hiddenTitle": false,
                    "rowNumber": 26
                  },
                  "required": [
                    "system",
                    "code",
                    "display"
                  ],
                  "properties": {
                    "system": {
                      "type": "string",
                      "pattern": "^urn:oid:1\\.2\\.246\\.537\\.6\\.202(\\.\\d+)*$"
                    },
                    "code": {
                      "type": "string"
                    },
                    "display": {
                      "type": "string"
                    }
                  }
                },
                "yhteystiedot": {
                  "type": "object",
                  "additionalProperties": false,
                  "sosmeta": {
                    "name": [
                      {
                        "lang": "fi",
                        "value": "Yhteystiedot"
                      },
                      {
                        "lang": "sv",
                        "value": "Kontaktuppgifter"
                      }
                    ],
                    "description": [
                      {
                        "lang": "fi",
                        "value": "-"
                      },
                      {
                        "lang": "sv",
                        "value": "-"
                      }
                    ],
                    "repeatable": false,
                    "required": false,
                    "conditionalRequired": false,
                    "nationwideRecordedInformation": false,
                    "hiddenField": true,
                    "hiddenTitle": false,
                    "rowNumber": 27
                  },
                  "required": [],
                  "properties": {
                    "puhelinnumero": {
                      "type": "string",
                      "sosmeta": {
                        "name": [
                          {
                            "lang": "fi",
                            "value": "Puhelinnumero"
                          },
                          {
                            "lang": "sv",
                            "value": "Telefonnummer"
                          }
                        ],
                        "description": [
                          {
                            "lang": "fi",
                            "value": "-"
                          },
                          {
                            "lang": "sv",
                            "value": "-"
                          }
                        ],
                        "representation": [
                          {
                            "lang": "fi",
                            "value": "Teksti"
                          },
                          {
                            "lang": "sv",
                            "value": "Text"
                          }
                        ],
                        "repeatable": false,
                        "required": false,
                        "conditionalRequired": false,
                        "nationwideRecordedInformation": false,
                        "hiddenField": false,
                        "hiddenTitle": false,
                        "rowNumber": 28
                      }
                    }
                  }
                }
              }
            },
            "lisatietojen_antaja": {
              "type": "array",
              "minItems": 1,
              "items": {
                "type": "object",
                "additionalProperties": false,
                "sosmeta": {
                  "name": [
                    {
                      "lang": "fi",
                      "value": "Lisätietojen antaja"
                    },
                    {
                      "lang": "sv",
                      "value": "Lämnare av tilläggsuppgifter"
                    }
                  ],
                  "description": [
                    {
                      "lang": "fi",
                      "value": "Hallintolain 44 §:n mukaan päätöksestä on käytävä selvästi ilmi sen henkilön nimi ja yhteystiedot, jolta asianosainen voi pyytää tarvittaessa lisätietoja päätöksestä."
                    },
                    {
                      "lang": "sv",
                      "value": "Enligt 44 § i förvaltningslagen ska det av beslutet tydligt framgå namn och kontaktuppgifter för den person av vilken en part vid behov kan begära ytterligare uppgifter om beslutet."
                    }
                  ],
                  "implementationNote": [
                    {
                      "lang": "fi",
                      "value": "Tietokokonaisuus on pakollinen TK Päätöksen määrityksestä poiketen."
                    },
                    {
                      "lang": "sv",
                      "value": "Tietokokonaisuus on pakollinen TK Päätöksen määrityksestä poiketen."
                    }
                  ],
                  "repeatable": true,
                  "required": true,
                  "conditionalRequired": false,
                  "nationwideRecordedInformation": false,
                  "hiddenField": false,
                  "hiddenTitle": false,
                  "rowNumber": 29
                },
                "required": [
                  "sukunimi",
                  "etunimet",
                  "yhteystiedot"
                ],
                "properties": {
                  "sukunimi": {
                    "type": "string",
                    "minLength": 1,
                    "sosmeta": {
                      "name": [
                        {
                          "lang": "fi",
                          "value": "Sukunimi"
                        },
                        {
                          "lang": "sv",
                          "value": "Efternamn"
                        }
                      ],
                      "description": [
                        {
                          "lang": "fi",
                          "value": "-"
                        },
                        {
                          "lang": "sv",
                          "value": "-"
                        }
                      ],
                      "representation": [
                        {
                          "lang": "fi",
                          "value": "Nimi"
                        },
                        {
                          "lang": "sv",
                          "value": "Namn"
                        }
                      ],
                      "repeatable": false,
                      "required": true,
                      "conditionalRequired": false,
                      "nationwideRecordedInformation": false,
                      "hiddenField": false,
                      "hiddenTitle": false,
                      "rowNumber": 30
                    }
                  },
                  "etunimet": {
                    "type": "string",
                    "minLength": 1,
                    "sosmeta": {
                      "name": [
                        {
                          "lang": "fi",
                          "value": "Etunimet"
                        },
                        {
                          "lang": "sv",
                          "value": "Samtliga förnamn"
                        }
                      ],
                      "description": [
                        {
                          "lang": "fi",
                          "value": "-"
                        },
                        {
                          "lang": "sv",
                          "value": "-"
                        }
                      ],
                      "representation": [
                        {
                          "lang": "fi",
                          "value": "Nimi"
                        },
                        {
                          "lang": "sv",
                          "value": "Namn"
                        }
                      ],
                      "repeatable": false,
                      "required": true,
                      "conditionalRequired": false,
                      "nationwideRecordedInformation": false,
                      "hiddenField": false,
                      "hiddenTitle": false,
                      "rowNumber": 31
                    }
                  },
                  "tehtavanimike": {
                    "type": "string",
                    "sosmeta": {
                      "name": [
                        {
                          "lang": "fi",
                          "value": "Tehtävänimike"
                        },
                        {
                          "lang": "sv",
                          "value": "Uppgiftsbeteckning"
                        }
                      ],
                      "description": [
                        {
                          "lang": "fi",
                          "value": "-"
                        },
                        {
                          "lang": "sv",
                          "value": "-"
                        }
                      ],
                      "example": [
                        {
                          "lang": "fi",
                          "value": "-"
                        },
                        {
                          "lang": "sv",
                          "value": "-"
                        }
                      ],
                      "representation": [
                        {
                          "lang": "fi",
                          "value": "Teksti"
                        },
                        {
                          "lang": "sv",
                          "value": "Text"
                        }
                      ],
                      "repeatable": false,
                      "required": false,
                      "conditionalRequired": false,
                      "nationwideRecordedInformation": false,
                      "hiddenField": false,
                      "hiddenTitle": false,
                      "rowNumber": 32
                    }
                  },
                  "palveluyksikko": {
                    "type": "object",
                    "additionalProperties": false,
                    "sosmeta": {
                      "name": [
                        {
                          "lang": "fi",
                          "value": "Palveluyksikkö"
                        },
                        {
                          "lang": "sv",
                          "value": "Serviceenhet"
                        }
                      ],
                      "description": [
                        {
                          "lang": "fi",
                          "value": "Kenttään kirjataan palveluyksikön nimi SOTE-organisaatiorekisterin avulla."
                        },
                        {
                          "lang": "sv",
                          "value": "I fältet antecknas namnet på serviceenheten enligt Organisationsregistret för social- och hälsovården."
                        }
                      ],
                      "example": [
                        {
                          "lang": "fi",
                          "value": "1.2.246.10.1012636.10.1.1.100768 \u003d Espoon keskuksen lastensuojelu, Espoon kaupunki, sosiaali- ja terveystoimi"
                        },
                        {
                          "lang": "sv",
                          "value": "1.2.246.10.1012636.10.1.1.100768 \u003d Esbo centrums barnskydd, Esbo stad, social- och hälsovårdssektorn"
                        }
                      ],
                      "classification": [
                        {
                          "lang": "fi",
                          "value": "Koodistopalvelin: THL - SOTE-organisaatiorekisteri 1.2.246.537.6.202"
                        },
                        {
                          "lang": "sv",
                          "value": "Kodtjänsten: THL - SOTE-organisationsregister 1.2.246.537.6.202"
                        }
                      ],
                      "classificationLink": [
                        {
                          "lang": "",
                          "value": "https://koodistopalvelu.kanta.fi/codeserver/pages/classification-view-page.xhtml?classificationKey\u003d421\u0026versionKey\u003d501"
                        }
                      ],
                      "classificationOid": [
                        {
                          "lang": "",
                          "value": "1.2.246.537.6.202"
                        }
                      ],
                      "representation": [
                        {
                          "lang": "fi",
                          "value": "Koodi"
                        },
                        {
                          "lang": "sv",
                          "value": "Kod"
                        }
                      ],
                      "repeatable": false,
                      "required": false,
                      "conditionalRequired": false,
                      "nationwideRecordedInformation": false,
                      "hiddenField": false,
                      "hiddenTitle": false,
                      "rowNumber": 33
                    },
                    "required": [
                      "system",
                      "code",
                      "display"
                    ],
                    "properties": {
                      "system": {
                        "type": "string",
                        "pattern": "^urn:oid:1\\.2\\.246\\.537\\.6\\.202(\\.\\d+)*$"
                      },
                      "code": {
                        "type": "string"
                      },
                      "display": {
                        "type": "string"
                      }
                    }
                  },
                  "yhteystiedot": {
                    "type": "object",
                    "additionalProperties": false,
                    "sosmeta": {
                      "name": [
                        {
                          "lang": "fi",
                          "value": "Yhteystiedot"
                        },
                        {
                          "lang": "sv",
                          "value": "Kontaktuppgifter"
                        }
                      ],
                      "description": [
                        {
                          "lang": "fi",
                          "value": "-"
                        },
                        {
                          "lang": "sv",
                          "value": "-"
                        }
                      ],
                      "implementationNote": [
                        {
                          "lang": "fi",
                          "value": "Tietokokonaisuus on pakollinen TK Ammattihenkilön määrityksestä poiketen."
                        },
                        {
                          "lang": "sv",
                          "value": "Tietokokonaisuus on pakollinen TK Ammattihenkilön määrityksestä poiketen."
                        }
                      ],
                      "repeatable": false,
                      "required": true,
                      "conditionalRequired": false,
                      "nationwideRecordedInformation": false,
                      "hiddenField": false,
                      "hiddenTitle": false,
                      "rowNumber": 34
                    },
                    "required": [
                      "postiosoite",
                      "puhelinnumero"
                    ],
                    "properties": {
                      "kayntiosoite": {
                        "type": "object",
                        "additionalProperties": false,
                        "sosmeta": {
                          "name": [
                            {
                              "lang": "fi",
                              "value": "Käyntiosoite"
                            },
                            {
                              "lang": "sv",
                              "value": "Besöksadress"
                            }
                          ],
                          "description": [
                            {
                              "lang": "fi",
                              "value": "-"
                            },
                            {
                              "lang": "sv",
                              "value": "-"
                            }
                          ],
                          "repeatable": false,
                          "required": false,
                          "conditionalRequired": false,
                          "nationwideRecordedInformation": false,
                          "hiddenField": false,
                          "hiddenTitle": false,
                          "rowNumber": 35
                        },
                        "required": [],
                        "properties": {
                          "lahiosoite": {
                            "type": "string",
                            "sosmeta": {
                              "name": [
                                {
                                  "lang": "fi",
                                  "value": "Lähiosoite"
                                },
                                {
                                  "lang": "sv",
                                  "value": "Näradress"
                                }
                              ],
                              "description": [
                                {
                                  "lang": "fi",
                                  "value": "-"
                                },
                                {
                                  "lang": "sv",
                                  "value": "-"
                                }
                              ],
                              "example": [
                                {
                                  "lang": "fi",
                                  "value": "-"
                                },
                                {
                                  "lang": "sv",
                                  "value": "-"
                                }
                              ],
                              "representation": [
                                {
                                  "lang": "fi",
                                  "value": "Teksti"
                                },
                                {
                                  "lang": "sv",
                                  "value": "Text"
                                }
                              ],
                              "repeatable": false,
                              "required": false,
                              "conditionalRequired": false,
                              "nationwideRecordedInformation": false,
                              "hiddenField": false,
                              "hiddenTitle": false,
                              "rowNumber": 36
                            }
                          },
                          "postinumero": {
                            "type": "string",
                            "sosmeta": {
                              "name": [
                                {
                                  "lang": "fi",
                                  "value": "Postinumero"
                                },
                                {
                                  "lang": "sv",
                                  "value": "Postnummer"
                                }
                              ],
                              "description": [
                                {
                                  "lang": "fi",
                                  "value": "-"
                                },
                                {
                                  "lang": "sv",
                                  "value": "-"
                                }
                              ],
                              "example": [
                                {
                                  "lang": "fi",
                                  "value": "-"
                                },
                                {
                                  "lang": "sv",
                                  "value": "-"
                                }
                              ],
                              "representation": [
                                {
                                  "lang": "fi",
                                  "value": "Teksti"
                                },
                                {
                                  "lang": "sv",
                                  "value": "Text"
                                }
                              ],
                              "repeatable": false,
                              "required": false,
                              "conditionalRequired": false,
                              "nationwideRecordedInformation": false,
                              "hiddenField": false,
                              "hiddenTitle": false,
                              "rowNumber": 37
                            }
                          },
                          "postitoimipaikka": {
                            "type": "string",
                            "sosmeta": {
                              "name": [
                                {
                                  "lang": "fi",
                                  "value": "Postitoimipaikka"
                                },
                                {
                                  "lang": "sv",
                                  "value": "Postkontor"
                                }
                              ],
                              "description": [
                                {
                                  "lang": "fi",
                                  "value": "-"
                                },
                                {
                                  "lang": "sv",
                                  "value": "-"
                                }
                              ],
                              "example": [
                                {
                                  "lang": "fi",
                                  "value": "-"
                                },
                                {
                                  "lang": "sv",
                                  "value": "-"
                                }
                              ],
                              "representation": [
                                {
                                  "lang": "fi",
                                  "value": "Nimi"
                                },
                                {
                                  "lang": "sv",
                                  "value": "Namn"
                                }
                              ],
                              "repeatable": false,
                              "required": false,
                              "conditionalRequired": false,
                              "nationwideRecordedInformation": false,
                              "hiddenField": false,
                              "hiddenTitle": false,
                              "rowNumber": 38
                            }
                          }
                        }
                      },
                      "postiosoite": {
                        "type": "object",
                        "additionalProperties": false,
                        "sosmeta": {
                          "name": [
                            {
                              "lang": "fi",
                              "value": "Postiosoite"
                            },
                            {
                              "lang": "sv",
                              "value": "Postadress"
                            }
                          ],
                          "description": [
                            {
                              "lang": "fi",
                              "value": "-"
                            },
                            {
                              "lang": "sv",
                              "value": "-"
                            }
                          ],
                          "implementationNote": [
                            {
                              "lang": "fi",
                              "value": "Tietokokonaisuus on pakollinen TK Yhteystietojen määrityksestä poiketen."
                            },
                            {
                              "lang": "sv",
                              "value": "Tietokokonaisuus on pakollinen TK Yhteystietojen määrityksestä poiketen."
                            }
                          ],
                          "repeatable": false,
                          "required": true,
                          "conditionalRequired": false,
                          "nationwideRecordedInformation": false,
                          "hiddenField": false,
                          "hiddenTitle": false,
                          "rowNumber": 39
                        },
                        "required": [
                          "lahiosoite",
                          "postinumero",
                          "postitoimipaikka"
                        ],
                        "properties": {
                          "lahiosoite": {
                            "type": "string",
                            "minLength": 1,
                            "sosmeta": {
                              "name": [
                                {
                                  "lang": "fi",
                                  "value": "Lähiosoite"
                                },
                                {
                                  "lang": "sv",
                                  "value": "Näradress"
                                }
                              ],
                              "description": [
                                {
                                  "lang": "fi",
                                  "value": "-"
                                },
                                {
                                  "lang": "sv",
                                  "value": "-"
                                }
                              ],
                              "example": [
                                {
                                  "lang": "fi",
                                  "value": "-"
                                },
                                {
                                  "lang": "sv",
                                  "value": "-"
                                }
                              ],
                              "implementationNote": [
                                {
                                  "lang": "fi",
                                  "value": "Kenttä on pakollinen TK Osoitteen määrityksestä poiketen."
                                },
                                {
                                  "lang": "sv",
                                  "value": "Kenttä on pakollinen TK Osoitteen määrityksestä poiketen."
                                }
                              ],
                              "representation": [
                                {
                                  "lang": "fi",
                                  "value": "Teksti"
                                },
                                {
                                  "lang": "sv",
                                  "value": "Text"
                                }
                              ],
                              "repeatable": false,
                              "required": true,
                              "conditionalRequired": false,
                              "nationwideRecordedInformation": false,
                              "hiddenField": false,
                              "hiddenTitle": false,
                              "rowNumber": 40
                            }
                          },
                          "postinumero": {
                            "type": "string",
                            "minLength": 1,
                            "sosmeta": {
                              "name": [
                                {
                                  "lang": "fi",
                                  "value": "Postinumero"
                                },
                                {
                                  "lang": "sv",
                                  "value": "Postnummer"
                                }
                              ],
                              "description": [
                                {
                                  "lang": "fi",
                                  "value": "-"
                                },
                                {
                                  "lang": "sv",
                                  "value": "-"
                                }
                              ],
                              "example": [
                                {
                                  "lang": "fi",
                                  "value": "-"
                                },
                                {
                                  "lang": "sv",
                                  "value": "-"
                                }
                              ],
                              "implementationNote": [
                                {
                                  "lang": "fi",
                                  "value": "Kenttä on pakollinen TK Osoitteen määrityksestä poiketen."
                                },
                                {
                                  "lang": "sv",
                                  "value": "Kenttä on pakollinen TK Osoitteen määrityksestä poiketen."
                                }
                              ],
                              "representation": [
                                {
                                  "lang": "fi",
                                  "value": "Teksti"
                                },
                                {
                                  "lang": "sv",
                                  "value": "Text"
                                }
                              ],
                              "repeatable": false,
                              "required": true,
                              "conditionalRequired": false,
                              "nationwideRecordedInformation": false,
                              "hiddenField": false,
                              "hiddenTitle": false,
                              "rowNumber": 41
                            }
                          },
                          "postitoimipaikka": {
                            "type": "string",
                            "minLength": 1,
                            "sosmeta": {
                              "name": [
                                {
                                  "lang": "fi",
                                  "value": "Postitoimipaikka"
                                },
                                {
                                  "lang": "sv",
                                  "value": "Postkontor"
                                }
                              ],
                              "description": [
                                {
                                  "lang": "fi",
                                  "value": "-"
                                },
                                {
                                  "lang": "sv",
                                  "value": "-"
                                }
                              ],
                              "example": [
                                {
                                  "lang": "fi",
                                  "value": "-"
                                },
                                {
                                  "lang": "sv",
                                  "value": "-"
                                }
                              ],
                              "implementationNote": [
                                {
                                  "lang": "fi",
                                  "value": "Kenttä on pakollinen TK Osoitteen määrityksestä poiketen."
                                },
                                {
                                  "lang": "sv",
                                  "value": "Kenttä on pakollinen TK Osoitteen määrityksestä poiketen."
                                }
                              ],
                              "representation": [
                                {
                                  "lang": "fi",
                                  "value": "Nimi"
                                },
                                {
                                  "lang": "sv",
                                  "value": "Namn"
                                }
                              ],
                              "repeatable": false,
                              "required": true,
                              "conditionalRequired": false,
                              "nationwideRecordedInformation": false,
                              "hiddenField": false,
                              "hiddenTitle": false,
                              "rowNumber": 42
                            }
                          }
                        }
                      },
                      "puhelinnumero": {
                        "type": "string",
                        "minLength": 1,
                        "sosmeta": {
                          "name": [
                            {
                              "lang": "fi",
                              "value": "Puhelinnumero"
                            },
                            {
                              "lang": "sv",
                              "value": "Telefonnummer"
                            }
                          ],
                          "description": [
                            {
                              "lang": "fi",
                              "value": "-"
                            },
                            {
                              "lang": "sv",
                              "value": "-"
                            }
                          ],
                          "example": [
                            {
                              "lang": "fi",
                              "value": "-"
                            },
                            {
                              "lang": "sv",
                              "value": "-"
                            }
                          ],
                          "implementationNote": [
                            {
                              "lang": "fi",
                              "value": "Kenttä on pakollinen TK Yhteystietojen määrityksestä poiketen."
                            },
                            {
                              "lang": "sv",
                              "value": "Kenttä on pakollinen TK Yhteystietojen määrityksestä poiketen."
                            }
                          ],
                          "representation": [
                            {
                              "lang": "fi",
                              "value": "Teksti"
                            },
                            {
                              "lang": "sv",
                              "value": "Text"
                            }
                          ],
                          "repeatable": false,
                          "required": true,
                          "conditionalRequired": false,
                          "nationwideRecordedInformation": false,
                          "hiddenField": false,
                          "hiddenTitle": false,
                          "rowNumber": 43
                        }
                      },
                      "sahkopostiosoite": {
                        "type": "string",
                        "sosmeta": {
                          "name": [
                            {
                              "lang": "fi",
                              "value": "Sähköpostiosoite"
                            },
                            {
                              "lang": "sv",
                              "value": "E-postadress"
                            }
                          ],
                          "description": [
                            {
                              "lang": "fi",
                              "value": "-"
                            },
                            {
                              "lang": "sv",
                              "value": "-"
                            }
                          ],
                          "example": [
                            {
                              "lang": "fi",
                              "value": "-"
                            },
                            {
                              "lang": "sv",
                              "value": "-"
                            }
                          ],
                          "representation": [
                            {
                              "lang": "fi",
                              "value": "Teksti"
                            },
                            {
                              "lang": "sv",
                              "value": "Text"
                            }
                          ],
                          "repeatable": false,
                          "required": false,
                          "conditionalRequired": false,
                          "nationwideRecordedInformation": false,
                          "hiddenField": false,
                          "hiddenTitle": false,
                          "rowNumber": 44
                        }
                      }
                    }
                  }
                }
              }
            },
            "muutoksenhaku": {
              "type": "object",
              "additionalProperties": false,
              "sosmeta": {
                "name": [
                  {
                    "lang": "fi",
                    "value": "Muutoksenhaku"
                  },
                  {
                    "lang": "sv",
                    "value": "Ändringssökande"
                  }
                ],
                "description": [
                  {
                    "lang": "fi",
                    "value": "-"
                  },
                  {
                    "lang": "sv",
                    "value": "-"
                  }
                ],
                "repeatable": false,
                "required": false,
                "conditionalRequired": false,
                "nationwideRecordedInformation": false,
                "hiddenField": false,
                "hiddenTitle": false,
                "rowNumber": 45
              },
              "required": [
                "ohjeteksti"
              ],
              "properties": {
                "ohjeteksti": {
                  "type": "string",
                  "minLength": 1,
                  "sosmeta": {
                    "name": [
                      {
                        "lang": "fi",
                        "value": "Ohjeteksti"
                      },
                      {
                        "lang": "sv",
                        "value": "Anvisning"
                      }
                    ],
                    "description": [
                      {
                        "lang": "fi",
                        "value": "-"
                      },
                      {
                        "lang": "sv",
                        "value": "-"
                      }
                    ],
                    "example": [
                      {
                        "lang": "fi",
                        "value": "-"
                      },
                      {
                        "lang": "sv",
                        "value": "-"
                      }
                    ],
                    "representation": [
                      {
                        "lang": "fi",
                        "value": "Teksti"
                      },
                      {
                        "lang": "sv",
                        "value": "Text"
                      }
                    ],
                    "repeatable": false,
                    "required": true,
                    "conditionalRequired": false,
                    "nationwideRecordedInformation": false,
                    "hiddenField": false,
                    "hiddenTitle": false,
                    "rowNumber": 46
                  }
                },
                "maaraaika": {
                  "type": "string",
                  "sosmeta": {
                    "name": [
                      {
                        "lang": "fi",
                        "value": "Määräaika"
                      },
                      {
                        "lang": "sv",
                        "value": "Tidsfrist"
                      }
                    ],
                    "description": [
                      {
                        "lang": "fi",
                        "value": "Kenttään kuvataan muutoksenhaun määräajan laskemisen säännöt."
                      },
                      {
                        "lang": "sv",
                        "value": "I fältet beskrivs reglerna för beräkning av tidsfristen vid sökande av ändring."
                      }
                    ],
                    "example": [
                      {
                        "lang": "fi",
                        "value": "Muutoksenhaku on tehtävä 30 päivän kuluessa päätöksen tiedoksisaannista."
                      },
                      {
                        "lang": "sv",
                        "value": "Ändring ska sökas inom 30 dagar från delfåendet av beslutet."
                      }
                    ],
                    "representation": [
                      {
                        "lang": "fi",
                        "value": "Teksti"
                      },
                      {
                        "lang": "sv",
                        "value": "Text"
                      }
                    ],
                    "repeatable": false,
                    "required": false,
                    "conditionalRequired": false,
                    "nationwideRecordedInformation": false,
                    "hiddenField": false,
                    "hiddenTitle": false,
                    "rowNumber": 47
                  }
                }
              }
            }
          }
        },
        "lisatiedot": {
          "type": "string",
          "sosmeta": {
            "name": [
              {
                "lang": "fi",
                "value": "Lisätiedot"
              },
              {
                "lang": "sv",
                "value": "Mer information"
              }
            ],
            "representation": [
              {
                "lang": "fi",
                "value": "Teksti"
              },
              {
                "lang": "sv",
                "value": "Text"
              }
            ],
            "repeatable": false,
            "required": false,
            "conditionalRequired": false,
            "nationwideRecordedInformation": false,
            "hiddenField": false,
            "hiddenTitle": false,
            "rowNumber": 48
          }
        },
        "allekirjoitus": {
          "type": "object",
          "additionalProperties": false,
          "sosmeta": {
            "name": [
              {
                "lang": "fi",
                "value": "Allekirjoitus"
              },
              {
                "lang": "sv",
                "value": "Underskrift"
              }
            ],
            "description": [
              {
                "lang": "fi",
                "value": "-"
              },
              {
                "lang": "sv",
                "value": "-"
              }
            ],
            "repeatable": false,
            "required": true,
            "conditionalRequired": false,
            "nationwideRecordedInformation": false,
            "hiddenField": false,
            "hiddenTitle": false,
            "rowNumber": 49
          },
          "required": [
            "allekirjoituksen_tyyppi"
          ],
          "properties": {
            "allekirjoituksen_tyyppi": {
              "type": "object",
              "additionalProperties": false,
              "sosmeta": {
                "name": [
                  {
                    "lang": "fi",
                    "value": "Allekirjoituksen tyyppi"
                  },
                  {
                    "lang": "sv",
                    "value": "Typ av underskrift"
                  }
                ],
                "description": [
                  {
                    "lang": "fi",
                    "value": "Kenttään kirjataan luokituksen avulla allekirjoituksen tyyppi."
                  },
                  {
                    "lang": "sv",
                    "value": "I fältet antecknas underskriftens typ med hjälp av klassificeringen."
                  }
                ],
                "example": [
                  {
                    "lang": "fi",
                    "value": "1 \u003d Asiakirja on allekirjoitettu sähköisesti"
                  },
                  {
                    "lang": "sv",
                    "value": "1 \u003d Handlingen har undertecknats elektroniskt"
                  }
                ],
                "classification": [
                  {
                    "lang": "fi",
                    "value": "Koodistopalvelin: eArkisto - Allekirjoitus 1.2.246.537.5.40161"
                  },
                  {
                    "lang": "sv",
                    "value": "Kodtjänsten: eArkiv - Underskrift 1.2.246.537.5.40161"
                  }
                ],
                "classificationLink": [
                  {
                    "lang": "",
                    "value": "https://koodistopalvelu.kanta.fi/codeserver/pages/classification-view-page.xhtml?classificationKey\u003d252\u0026versionKey\u003d329"
                  }
                ],
                "classificationOid": [
                  {
                    "lang": "",
                    "value": "1.2.246.537.5.40161"
                  }
                ],
                "representation": [
                  {
                    "lang": "fi",
                    "value": "Koodi"
                  },
                  {
                    "lang": "sv",
                    "value": "Kod"
                  }
                ],
                "repeatable": false,
                "required": true,
                "conditionalRequired": false,
                "nationwideRecordedInformation": false,
                "hiddenField": false,
                "hiddenTitle": false,
                "rowNumber": 50
              },
              "required": [
                "system",
                "code",
                "display"
              ],
              "properties": {
                "system": {
                  "type": "string",
                  "pattern": "^urn:oid:1\\.2\\.246\\.537\\.5\\.40161(\\.\\d+)*$"
                },
                "code": {
                  "type": "string"
                },
                "display": {
                  "type": "string"
                }
              }
            }
          }
        }
      }
    }
  }
}