{
  "$schema": "http://json-schema.org/draft-07/schema#",
  "title": "\u0027Hoito- ja kasvatussuunnitelma\u0027 JSON schema",
  "type": "object",
  "additionalProperties": false,
  "sosmeta": {
    "title": "\u0027Hoito- ja kasvatussuunnitelma\u0027 JSON schema",
    "status": "Valmis",
    "documentDefinitionVersion": "2023-09-08",
    "dataComponentLibraryVersion": "2023-09-08",
    "oid": "1.2.246.537.6.1506.15002.2023.9.8",
    "documentType": "Suunnitelma",
    "documentAuthor": "Ammattihenkilö",
    "documentSubject": "Lastensuojelun yhteiset asiakasasiakirjat"
  },
  "required": [
    "hoito__ja_kasvatussuunnitelma"
  ],
  "properties": {
    "hoito__ja_kasvatussuunnitelma": {
      "type": "object",
      "additionalProperties": false,
      "sosmeta": {
        "name": [
          {
            "lang": "fi",
            "value": "Hoito- ja kasvatussuunnitelma"
          },
          {
            "lang": "sv",
            "value": "Plan för vård och fostran"
          }
        ]
      },
      "required": [
        "asiakas",
        "sosiaalipalvelu_jota_suunnitelma_koskee",
        "laatija"
      ],
      "properties": {
        "asiakas": {
          "type": "object",
          "additionalProperties": false,
          "sosmeta": {
            "name": [
              {
                "lang": "fi",
                "value": "Asiakas"
              },
              {
                "lang": "sv",
                "value": "Klient"
              }
            ],
            "description": [
              {
                "lang": "fi",
                "value": "-"
              },
              {
                "lang": "sv",
                "value": "-"
              }
            ],
            "repeatable": false,
            "required": true,
            "conditionalRequired": false,
            "nationwideRecordedInformation": false,
            "hiddenField": false,
            "hiddenTitle": false,
            "rowNumber": 1
          },
          "required": [
            "sukunimi",
            "etunimet"
          ],
          "properties": {
            "sukunimi": {
              "type": "string",
              "minLength": 1,
              "sosmeta": {
                "name": [
                  {
                    "lang": "fi",
                    "value": "Sukunimi"
                  },
                  {
                    "lang": "sv",
                    "value": "Efternamn"
                  }
                ],
                "description": [
                  {
                    "lang": "fi",
                    "value": "-"
                  },
                  {
                    "lang": "sv",
                    "value": "-"
                  }
                ],
                "example": [
                  {
                    "lang": "fi",
                    "value": "-"
                  },
                  {
                    "lang": "sv",
                    "value": "-"
                  }
                ],
                "representation": [
                  {
                    "lang": "fi",
                    "value": "Nimi"
                  },
                  {
                    "lang": "sv",
                    "value": "Namn"
                  }
                ],
                "repeatable": false,
                "required": true,
                "conditionalRequired": false,
                "nationwideRecordedInformation": false,
                "hiddenField": false,
                "hiddenTitle": false,
                "rowNumber": 2
              }
            },
            "etunimet": {
              "type": "string",
              "minLength": 1,
              "sosmeta": {
                "name": [
                  {
                    "lang": "fi",
                    "value": "Etunimet"
                  },
                  {
                    "lang": "sv",
                    "value": "Samtliga förnamn"
                  }
                ],
                "description": [
                  {
                    "lang": "fi",
                    "value": "-"
                  },
                  {
                    "lang": "sv",
                    "value": "-"
                  }
                ],
                "example": [
                  {
                    "lang": "fi",
                    "value": "-"
                  },
                  {
                    "lang": "sv",
                    "value": "-"
                  }
                ],
                "representation": [
                  {
                    "lang": "fi",
                    "value": "Nimi"
                  },
                  {
                    "lang": "sv",
                    "value": "Namn"
                  }
                ],
                "repeatable": false,
                "required": true,
                "conditionalRequired": false,
                "nationwideRecordedInformation": false,
                "hiddenField": false,
                "hiddenTitle": false,
                "rowNumber": 3
              }
            },
            "henkilotunnus": {
              "type": "object",
              "additionalProperties": false,
              "sosmeta": {
                "name": [
                  {
                    "lang": "fi",
                    "value": "Henkilötunnus"
                  },
                  {
                    "lang": "sv",
                    "value": "Personbeteckning"
                  }
                ],
                "description": [
                  {
                    "lang": "fi",
                    "value": "-"
                  },
                  {
                    "lang": "sv",
                    "value": "-"
                  }
                ],
                "example": [
                  {
                    "lang": "fi",
                    "value": "-"
                  },
                  {
                    "lang": "sv",
                    "value": "-"
                  }
                ],
                "implementationNote": [
                  {
                    "lang": "fi",
                    "value": "Ehdollisesti pakollinen: Henkilötunnus- ja Tilapäinen yksilöintitunnus -kentistä toinen on pakollinen."
                  },
                  {
                    "lang": "sv",
                    "value": "Ehdollisesti pakollinen: Henkilötunnus- ja Tilapäinen yksilöintitunnus -kentistä toinen on pakollinen."
                  }
                ],
                "representation": [
                  {
                    "lang": "fi",
                    "value": "Tunnus"
                  },
                  {
                    "lang": "sv",
                    "value": "Identifierare"
                  }
                ],
                "systemUri": [
                  {
                    "lang": "",
                    "value": "urn:oid:1.2.246.21"
                  }
                ],
                "repeatable": false,
                "required": false,
                "conditionalRequired": true,
                "nationwideRecordedInformation": false,
                "hiddenField": false,
                "hiddenTitle": false,
                "rowNumber": 4
              },
              "required": [
                "value"
              ],
              "properties": {
                "system": {
                  "type": "string"
                },
                "value": {
                  "type": "string"
                }
              }
            },
            "tilapainen_yksilointitunnus": {
              "type": "object",
              "additionalProperties": false,
              "sosmeta": {
                "name": [
                  {
                    "lang": "fi",
                    "value": "Tilapäinen yksilöintitunnus"
                  },
                  {
                    "lang": "sv",
                    "value": "Temporär identifikationskod"
                  }
                ],
                "description": [
                  {
                    "lang": "fi",
                    "value": "-"
                  },
                  {
                    "lang": "sv",
                    "value": "-"
                  }
                ],
                "example": [
                  {
                    "lang": "fi",
                    "value": "112233-445a"
                  },
                  {
                    "lang": "sv",
                    "value": "112233-445a"
                  }
                ],
                "implementationNote": [
                  {
                    "lang": "fi",
                    "value": "Ehdollisesti pakollinen: Henkilötunnus- ja Tilapäinen yksilöintitunnus -kentistä toinen on pakollinen."
                  },
                  {
                    "lang": "sv",
                    "value": "Ehdollisesti pakollinen: Henkilötunnus- ja Tilapäinen yksilöintitunnus -kentistä toinen on pakollinen."
                  }
                ],
                "representation": [
                  {
                    "lang": "fi",
                    "value": "Tunnus"
                  },
                  {
                    "lang": "sv",
                    "value": "Identifierare"
                  }
                ],
                "repeatable": false,
                "required": false,
                "conditionalRequired": true,
                "nationwideRecordedInformation": false,
                "hiddenField": false,
                "hiddenTitle": false,
                "rowNumber": 5
              },
              "required": [
                "value"
              ],
              "properties": {
                "system": {
                  "type": "string"
                },
                "value": {
                  "type": "string"
                }
              }
            }
          }
        },
        "lapsen_sijoitus": {
          "type": "object",
          "additionalProperties": false,
          "sosmeta": {
            "name": [
              {
                "lang": "fi",
                "value": "Lapsen sijoitus"
              },
              {
                "lang": "sv",
                "value": "Placering av ett barn"
              }
            ],
            "title": [
              {
                "lang": "fi",
                "value": "Sijoituksen tiedot"
              },
              {
                "lang": "sv",
                "value": "Information om placering"
              }
            ],
            "description": [
              {
                "lang": "fi",
                "value": "-"
              },
              {
                "lang": "sv",
                "value": "-"
              }
            ],
            "repeatable": false,
            "required": false,
            "conditionalRequired": false,
            "nationwideRecordedInformation": false,
            "hiddenField": false,
            "hiddenTitle": false,
            "rowNumber": 6
          },
          "required": [],
          "properties": {
            "sijoituksen_laji": {
              "type": "object",
              "additionalProperties": false,
              "sosmeta": {
                "name": [
                  {
                    "lang": "fi",
                    "value": "Sijoituksen laji"
                  },
                  {
                    "lang": "sv",
                    "value": "Placeringens typ"
                  }
                ],
                "description": [
                  {
                    "lang": "fi",
                    "value": "Kenttään kirjataan luokituksen avulla minkätyyppinen sijoitus on kyseessä."
                  },
                  {
                    "lang": "sv",
                    "value": "I fältet antecknas vilken typ av placering det är fråga om med hjälp av klassificeringen."
                  }
                ],
                "example": [
                  {
                    "lang": "fi",
                    "value": "1 \u003d Avohuollon sijoitus"
                  },
                  {
                    "lang": "sv",
                    "value": "1 \u003d Placering inom öppenvården"
                  }
                ],
                "classification": [
                  {
                    "lang": "fi",
                    "value": "Koodistopalvelin: Sosiaalihuolto - Lastensuojelun sijoituksen laji 1.2.246.537.6.1215"
                  },
                  {
                    "lang": "sv",
                    "value": "Kodtjänsten: Socialvård - Typ av placering i barnskyddssyfte 1.2.246.537.6.1215"
                  }
                ],
                "classificationLink": [
                  {
                    "lang": "",
                    "value": "https://koodistopalvelu.kanta.fi/codeserver/pages/classification-view-page.xhtml?classificationKey\u003d603\u0026versionKey\u003d703"
                  }
                ],
                "classificationOid": [
                  {
                    "lang": "",
                    "value": "1.2.246.537.6.1215"
                  }
                ],
                "representation": [
                  {
                    "lang": "fi",
                    "value": "Koodi"
                  },
                  {
                    "lang": "sv",
                    "value": "Kod"
                  }
                ],
                "repeatable": false,
                "required": false,
                "conditionalRequired": false,
                "nationwideRecordedInformation": true,
                "hiddenField": false,
                "hiddenTitle": false,
                "rowNumber": 7
              },
              "required": [
                "system",
                "code",
                "display"
              ],
              "properties": {
                "system": {
                  "type": "string",
                  "pattern": "^urn:oid:1\\.2\\.246\\.537\\.6\\.1215(\\.\\d+)*$"
                },
                "code": {
                  "type": "string"
                },
                "display": {
                  "type": "string"
                }
              }
            },
            "sijoituspaikan_nimi": {
              "type": "string",
              "sosmeta": {
                "name": [
                  {
                    "lang": "fi",
                    "value": "Sijoituspaikan nimi"
                  },
                  {
                    "lang": "sv",
                    "value": "Placeringsplatsens namn"
                  }
                ],
                "description": [
                  {
                    "lang": "fi",
                    "value": "Kenttään kirjataan lapsen sijoituspaikan nimi."
                  },
                  {
                    "lang": "sv",
                    "value": "I fältet antecknas namnet på barnets placeringsplats."
                  }
                ],
                "representation": [
                  {
                    "lang": "fi",
                    "value": "Teksti"
                  },
                  {
                    "lang": "sv",
                    "value": "Text"
                  }
                ],
                "repeatable": false,
                "required": false,
                "conditionalRequired": false,
                "nationwideRecordedInformation": false,
                "hiddenField": false,
                "hiddenTitle": false,
                "rowNumber": 8
              }
            },
            "alkamispaiva": {
              "type": "string",
              "pattern": "^-?[0-9]{4}(-(0[1-9]|1[0-2])(-(0[0-9]|[1-2][0-9]|3[0-1]))?)?$",
              "sosmeta": {
                "name": [
                  {
                    "lang": "fi",
                    "value": "Alkamispäivä"
                  },
                  {
                    "lang": "sv",
                    "value": "Inledningsdatum"
                  }
                ],
                "description": [
                  {
                    "lang": "fi",
                    "value": "Kenttään kirjataan lapsen sijoituksen alkamispäivämäärä."
                  },
                  {
                    "lang": "sv",
                    "value": "I fältet antecknas datumet då placeringen av barnet inleds."
                  }
                ],
                "example": [
                  {
                    "lang": "fi",
                    "value": "1.1.2020"
                  },
                  {
                    "lang": "sv",
                    "value": "1.1.2020"
                  }
                ],
                "representation": [
                  {
                    "lang": "fi",
                    "value": "Pvm"
                  },
                  {
                    "lang": "sv",
                    "value": "Datum"
                  }
                ],
                "repeatable": false,
                "required": false,
                "conditionalRequired": false,
                "nationwideRecordedInformation": true,
                "hiddenField": false,
                "hiddenTitle": false,
                "rowNumber": 9
              }
            },
            "paattymispaiva": {
              "type": "string",
              "pattern": "^-?[0-9]{4}(-(0[1-9]|1[0-2])(-(0[0-9]|[1-2][0-9]|3[0-1]))?)?$",
              "sosmeta": {
                "name": [
                  {
                    "lang": "fi",
                    "value": "Päättymispäivä"
                  },
                  {
                    "lang": "sv",
                    "value": "Avslutningsdatum"
                  }
                ],
                "title": [
                  {
                    "lang": "fi",
                    "value": "Suunniteltu päättymispäivä"
                  },
                  {
                    "lang": "sv",
                    "value": "Planerat datum för avslutning"
                  }
                ],
                "description": [
                  {
                    "lang": "fi",
                    "value": "Kenttään kirjataan lapsen sijoituksen suunniteltu päättymispäivämäärä, jos se on tiedossa."
                  },
                  {
                    "lang": "sv",
                    "value": "I fältet antecknas planerat avslutningsdatum för placering av ett barn, om det är känt."
                  }
                ],
                "example": [
                  {
                    "lang": "fi",
                    "value": "8.12.2020"
                  },
                  {
                    "lang": "sv",
                    "value": "8.12.2020"
                  }
                ],
                "representation": [
                  {
                    "lang": "fi",
                    "value": "Pvm"
                  },
                  {
                    "lang": "sv",
                    "value": "Datum"
                  }
                ],
                "repeatable": false,
                "required": false,
                "conditionalRequired": false,
                "nationwideRecordedInformation": true,
                "hiddenField": false,
                "hiddenTitle": false,
                "rowNumber": 10
              }
            }
          }
        },
        "sosiaalipalvelu_jota_suunnitelma_koskee": {
          "type": "object",
          "additionalProperties": false,
          "sosmeta": {
            "name": [
              {
                "lang": "fi",
                "value": "Sosiaalipalvelu jota suunnitelma koskee"
              },
              {
                "lang": "sv",
                "value": "Socialservice som planen gäller"
              }
            ],
            "description": [
              {
                "lang": "fi",
                "value": "Kenttään kirjataan luokituksen avulla sosiaalipalvelu, jota toteuttamissuunnitelma koskee."
              },
              {
                "lang": "sv",
                "value": "I fältet antecknas med hjälp av klassificeringen den socialservice, som genomförandeplanen gäller."
              }
            ],
            "classification": [
              {
                "lang": "fi",
                "value": "Koodistopalvelin: Sosiaalihuolto - Sosiaalipalvelut 1.2.246.537.6.1222"
              },
              {
                "lang": "sv",
                "value": "Kodtjänsten: Socialvård - Socialservice 1.2.246.537.6.1222"
              }
            ],
            "classificationLink": [
              {
                "lang": "",
                "value": "https://koodistopalvelu.kanta.fi/codeserver/pages/classification-view-page.xhtml?classificationKey\u003d703\u0026versionKey\u003d2683"
              }
            ],
            "classificationOid": [
              {
                "lang": "",
                "value": "1.2.246.537.6.1222"
              }
            ],
            "representation": [
              {
                "lang": "fi",
                "value": "Koodi"
              },
              {
                "lang": "sv",
                "value": "Kod"
              }
            ],
            "repeatable": false,
            "required": true,
            "conditionalRequired": false,
            "nationwideRecordedInformation": true,
            "hiddenField": false,
            "hiddenTitle": false,
            "rowNumber": 11
          },
          "required": [
            "system",
            "code",
            "display"
          ],
          "properties": {
            "system": {
              "type": "string",
              "pattern": "^urn:oid:1\\.2\\.246\\.537\\.6\\.1222(\\.\\d+)*$"
            },
            "code": {
              "type": "string"
            },
            "display": {
              "type": "string"
            }
          }
        },
        "sosiaalipalvelun_alkamispaivamaara": {
          "type": "string",
          "pattern": "^-?[0-9]{4}(-(0[1-9]|1[0-2])(-(0[0-9]|[1-2][0-9]|3[0-1]))?)?$",
          "sosmeta": {
            "name": [
              {
                "lang": "fi",
                "value": "Sosiaalipalvelun alkamispäivämäärä"
              },
              {
                "lang": "sv",
                "value": "Begynnelsedatum för socialservicen"
              }
            ],
            "description": [
              {
                "lang": "fi",
                "value": "Kenttään kirjataan sen palvelun alkamispäivämäärä, jota tämä suunnitelma koskee."
              },
              {
                "lang": "sv",
                "value": "I fältet antecknas begynnelsedatum för den service som den här planen gäller."
              }
            ],
            "representation": [
              {
                "lang": "fi",
                "value": "Pvm"
              },
              {
                "lang": "sv",
                "value": "Datum"
              }
            ],
            "repeatable": false,
            "required": false,
            "conditionalRequired": false,
            "nationwideRecordedInformation": true,
            "hiddenField": false,
            "hiddenTitle": false,
            "rowNumber": 12
          }
        },
        "tiedot_neuvottelusta_jossa_tama_suunnitelma_on_tehty": {
          "type": "array",
          "minItems": 0,
          "items": {
            "type": "object",
            "additionalProperties": false,
            "sosmeta": {
              "name": [
                {
                  "lang": "fi",
                  "value": "Tiedot neuvottelusta jossa tämä suunnitelma on tehty"
                },
                {
                  "lang": "sv",
                  "value": "Uppgifter om överläggning där denna plan har upprättats"
                }
              ],
              "description": [
                {
                  "lang": "fi",
                  "value": "-"
                },
                {
                  "lang": "sv",
                  "value": "-"
                }
              ],
              "implementationNote": [
                {
                  "lang": "fi",
                  "value": "Otsikko näytetään vain kerran, vaikka tietokokonaisuus toistuu."
                },
                {
                  "lang": "sv",
                  "value": "Otsikko näytetään vain kerran, vaikka tietokokonaisuus toistuu."
                }
              ],
              "repeatable": true,
              "required": false,
              "conditionalRequired": false,
              "nationwideRecordedInformation": false,
              "hiddenField": false,
              "hiddenTitle": false,
              "rowNumber": 13
            },
            "required": [
              "osallistujat"
            ],
            "properties": {
              "paivamaara": {
                "type": "string",
                "pattern": "^-?[0-9]{4}(-(0[1-9]|1[0-2])(-(0[0-9]|[1-2][0-9]|3[0-1]))?)?$",
                "sosmeta": {
                  "name": [
                    {
                      "lang": "fi",
                      "value": "Päivämäärä"
                    },
                    {
                      "lang": "sv",
                      "value": "Datum"
                    }
                  ],
                  "description": [
                    {
                      "lang": "fi",
                      "value": "Kenttään kirjataan neuvottelun päivämäärä."
                    },
                    {
                      "lang": "sv",
                      "value": "I fältet antecknas datum för överläggningen."
                    }
                  ],
                  "representation": [
                    {
                      "lang": "fi",
                      "value": "Pvm"
                    },
                    {
                      "lang": "sv",
                      "value": "Datum"
                    }
                  ],
                  "repeatable": false,
                  "required": false,
                  "conditionalRequired": false,
                  "nationwideRecordedInformation": true,
                  "hiddenField": false,
                  "hiddenTitle": false,
                  "rowNumber": 14
                }
              },
              "paikka": {
                "type": "string",
                "sosmeta": {
                  "name": [
                    {
                      "lang": "fi",
                      "value": "Paikka"
                    },
                    {
                      "lang": "sv",
                      "value": "Plats"
                    }
                  ],
                  "description": [
                    {
                      "lang": "fi",
                      "value": "Kenttään kirjataan paikka, jossa suunnitelmaneuvottelu pidettiin."
                    },
                    {
                      "lang": "sv",
                      "value": "I fältet antecknas den ort, där överläggningen om planen hölls."
                    }
                  ],
                  "example": [
                    {
                      "lang": "fi",
                      "value": "-"
                    },
                    {
                      "lang": "sv",
                      "value": "-"
                    }
                  ],
                  "representation": [
                    {
                      "lang": "fi",
                      "value": "Teksti"
                    },
                    {
                      "lang": "sv",
                      "value": "Text"
                    }
                  ],
                  "repeatable": false,
                  "required": false,
                  "conditionalRequired": false,
                  "nationwideRecordedInformation": false,
                  "hiddenField": false,
                  "hiddenTitle": false,
                  "rowNumber": 15
                }
              },
              "osallistujat": {
                "type": "string",
                "minLength": 1,
                "sosmeta": {
                  "name": [
                    {
                      "lang": "fi",
                      "value": "Osallistujat"
                    },
                    {
                      "lang": "sv",
                      "value": "Deltagare"
                    }
                  ],
                  "description": [
                    {
                      "lang": "fi",
                      "value": "Kenttään kirjataan suunnitelmaneuvotteluun osallistuneiden yksityis- ja ammattihenkilöiden tiedot. Kenttään kirjataan osallistujien nimet ja kuvataan osallistujan suhde asiakkaaseen tai rooli asiassa. Ammattihenkilöltä kirjataan organisaatio ja tehtävänimike."
                    },
                    {
                      "lang": "sv",
                      "value": "I fältet antecknas uppgifter om privatpersonerna och de yrkesutbildade personerna som deltog i överläggningen. I fältet antecknas deltagarnas namn och deras relation till klienten eller roll i ärendet. För en yrkesutbildad person antecknas organisationen och uppgiftsbeteckningen."
                    }
                  ],
                  "implementationNote": [
                    {
                      "lang": "fi",
                      "value": "Kenttä on pakollinen TK Tapahtuman määrityksistä poiketen."
                    },
                    {
                      "lang": "sv",
                      "value": "Kenttä on pakollinen TK Tapahtuman määrityksistä poiketen."
                    }
                  ],
                  "representation": [
                    {
                      "lang": "fi",
                      "value": "Teksti"
                    },
                    {
                      "lang": "sv",
                      "value": "Text"
                    }
                  ],
                  "repeatable": false,
                  "required": true,
                  "conditionalRequired": false,
                  "nationwideRecordedInformation": false,
                  "hiddenField": false,
                  "hiddenTitle": false,
                  "rowNumber": 16
                }
              }
            }
          }
        },
        "lapsen_tilanne": {
          "type": "object",
          "additionalProperties": false,
          "sosmeta": {
            "name": [
              {
                "lang": "fi",
                "value": "Lapsen tilanne"
              },
              {
                "lang": "sv",
                "value": "Barnets situation"
              }
            ],
            "description": [
              {
                "lang": "fi",
                "value": "Pyritään selvittämään ja kirjaamaan lapsen omat ajatukset jokaiseen kohtaan."
              },
              {
                "lang": "sv",
                "value": "Man försöker utreda och anteckna barnets egna tankar i varje punkt."
              }
            ],
            "representation": [
              {
                "lang": "fi",
                "value": "Otsikko"
              },
              {
                "lang": "sv",
                "value": "Rubrik"
              }
            ],
            "repeatable": false,
            "required": false,
            "conditionalRequired": false,
            "nationwideRecordedInformation": false,
            "hiddenField": false,
            "hiddenTitle": false,
            "rowNumber": 17
          },
          "required": [],
          "properties": {
            "arki_sijoituspaikassa": {
              "type": "string",
              "sosmeta": {
                "name": [
                  {
                    "lang": "fi",
                    "value": "Arki sijoituspaikassa"
                  },
                  {
                    "lang": "sv",
                    "value": "Vardagen på placeringsplatsen"
                  }
                ],
                "representation": [
                  {
                    "lang": "fi",
                    "value": "Teksti"
                  },
                  {
                    "lang": "sv",
                    "value": "Text"
                  }
                ],
                "repeatable": false,
                "required": false,
                "conditionalRequired": false,
                "nationwideRecordedInformation": false,
                "hiddenField": false,
                "hiddenTitle": false,
                "rowNumber": 18
              }
            },
            "arki_sijoituspaikan_ulkopuolella": {
              "type": "string",
              "sosmeta": {
                "name": [
                  {
                    "lang": "fi",
                    "value": "Arki sijoituspaikan ulkopuolella"
                  },
                  {
                    "lang": "sv",
                    "value": "Vardagen utanför placeringsplatsen"
                  }
                ],
                "description": [
                  {
                    "lang": "fi",
                    "value": "Kenttään kuvataan asiakkaan arkea esimerkiksi päivähoidossa, koulussa, opiskelupaikassa, työpaikassa tai työkokeilupaikassa."
                  },
                  {
                    "lang": "sv",
                    "value": "I fältet beskrivs klientens vardag till exempel i dagvården, i skolan, på studieplatsen, på arbetsplatsen eller på arbetsplatsen för arbetsprövning."
                  }
                ],
                "representation": [
                  {
                    "lang": "fi",
                    "value": "Teksti"
                  },
                  {
                    "lang": "sv",
                    "value": "Text"
                  }
                ],
                "repeatable": false,
                "required": false,
                "conditionalRequired": false,
                "nationwideRecordedInformation": false,
                "hiddenField": false,
                "hiddenTitle": false,
                "rowNumber": 19
              }
            },
            "harrastukset_ja_ystavat": {
              "type": "string",
              "sosmeta": {
                "name": [
                  {
                    "lang": "fi",
                    "value": "Harrastukset ja ystävät"
                  },
                  {
                    "lang": "sv",
                    "value": "Hobbyer och vänner"
                  }
                ],
                "representation": [
                  {
                    "lang": "fi",
                    "value": "Teksti"
                  },
                  {
                    "lang": "sv",
                    "value": "Text"
                  }
                ],
                "repeatable": false,
                "required": false,
                "conditionalRequired": false,
                "nationwideRecordedInformation": false,
                "hiddenField": false,
                "hiddenTitle": false,
                "rowNumber": 20
              }
            },
            "lapsen_terveydentila": {
              "type": "string",
              "sosmeta": {
                "name": [
                  {
                    "lang": "fi",
                    "value": "Lapsen terveydentila"
                  },
                  {
                    "lang": "sv",
                    "value": "Barnets hälsotillstånd"
                  }
                ],
                "representation": [
                  {
                    "lang": "fi",
                    "value": "Teksti"
                  },
                  {
                    "lang": "sv",
                    "value": "Text"
                  }
                ],
                "repeatable": false,
                "required": false,
                "conditionalRequired": false,
                "nationwideRecordedInformation": false,
                "hiddenField": false,
                "hiddenTitle": false,
                "rowNumber": 21
              }
            },
            "voimavarat_vahvuudet_ja_ilonaiheet": {
              "type": "string",
              "sosmeta": {
                "name": [
                  {
                    "lang": "fi",
                    "value": "Voimavarat, vahvuudet ja ilonaiheet"
                  },
                  {
                    "lang": "sv",
                    "value": "Resurser, styrkor och glädjeämnen"
                  }
                ],
                "representation": [
                  {
                    "lang": "fi",
                    "value": "Teksti"
                  },
                  {
                    "lang": "sv",
                    "value": "Text"
                  }
                ],
                "repeatable": false,
                "required": false,
                "conditionalRequired": false,
                "nationwideRecordedInformation": false,
                "hiddenField": false,
                "hiddenTitle": false,
                "rowNumber": 22
              }
            },
            "kokemukset_palvelusta": {
              "type": "string",
              "sosmeta": {
                "name": [
                  {
                    "lang": "fi",
                    "value": "Kokemukset palvelusta"
                  },
                  {
                    "lang": "sv",
                    "value": "Erfarenheter av servicen"
                  }
                ],
                "description": [
                  {
                    "lang": "fi",
                    "value": "Kenttään kirjataan asiakkaan kokemuksia sijoituksessa saadusta palvelusta. Kenttään voidaan kirjata myös palveluntuottajan näkemykset esimerkiksi palvelun vaikuttavuudesta asiakkaan tilanteeseen. Kenttään voidaan arvioida esimerkiksi kuinka asiakkaan arki on sujunut ja kuinka sovitut asiat ovat onnistuneet. Kenttää ei käytetä ensimmäisessä suunnitelmassa."
                  },
                  {
                    "lang": "sv",
                    "value": "I fältet antecknas klientens upplevelser av den service som han eller hon har fått inom placeringen. I fältet kan man också anteckna serviceproducentens åsikter till exempel om servicens effekter på klientens situation. I fältet kan man bedöma till exempel hur klientens vardag har förlöpt och hur det man har kommit överens om har lyckats. Fältet används inte vid den första planen."
                  }
                ],
                "representation": [
                  {
                    "lang": "fi",
                    "value": "Teksti"
                  },
                  {
                    "lang": "sv",
                    "value": "Text"
                  }
                ],
                "repeatable": false,
                "required": false,
                "conditionalRequired": false,
                "nationwideRecordedInformation": false,
                "hiddenField": false,
                "hiddenTitle": false,
                "rowNumber": 23
              }
            },
            "huolenaiheet": {
              "type": "string",
              "sosmeta": {
                "name": [
                  {
                    "lang": "fi",
                    "value": "Huolenaiheet"
                  },
                  {
                    "lang": "sv",
                    "value": "Bekymmer"
                  }
                ],
                "representation": [
                  {
                    "lang": "fi",
                    "value": "Teksti"
                  },
                  {
                    "lang": "sv",
                    "value": "Text"
                  }
                ],
                "repeatable": false,
                "required": false,
                "conditionalRequired": false,
                "nationwideRecordedInformation": false,
                "hiddenField": false,
                "hiddenTitle": false,
                "rowNumber": 24
              }
            },
            "lapsen_tuen_tarve": {
              "type": "string",
              "sosmeta": {
                "name": [
                  {
                    "lang": "fi",
                    "value": "Lapsen tuen tarve"
                  },
                  {
                    "lang": "sv",
                    "value": "Barnets behov av stöd"
                  }
                ],
                "description": [
                  {
                    "lang": "fi",
                    "value": "Kenttään kirjataan lapsen oma mielipide siitä millaista tukea hän tarvitsee, ja sen lisäksi huoltajien/vanhempien ja työntekijän arvio lapsen tuen tarpeesta."
                  },
                  {
                    "lang": "sv",
                    "value": "I fältet antecknas barnets egen åsikt om vilket slags stöd det behöver, och dessutom vårdnadshavarnas/föräldrarnas och arbetstagarens bedömning av barnets behov av stöd."
                  }
                ],
                "representation": [
                  {
                    "lang": "fi",
                    "value": "Teksti"
                  },
                  {
                    "lang": "sv",
                    "value": "Text"
                  }
                ],
                "repeatable": false,
                "required": false,
                "conditionalRequired": false,
                "nationwideRecordedInformation": false,
                "hiddenField": false,
                "hiddenTitle": false,
                "rowNumber": 25
              }
            }
          }
        },
        "perhe_ja_lahiverkosto": {
          "type": "object",
          "additionalProperties": false,
          "sosmeta": {
            "name": [
              {
                "lang": "fi",
                "value": "Perhe ja lähiverkosto"
              },
              {
                "lang": "sv",
                "value": "Familj och närståendenätverk"
              }
            ],
            "representation": [
              {
                "lang": "fi",
                "value": "Otsikko"
              },
              {
                "lang": "sv",
                "value": "Rubrik"
              }
            ],
            "repeatable": false,
            "required": false,
            "conditionalRequired": false,
            "nationwideRecordedInformation": false,
            "hiddenField": false,
            "hiddenTitle": false,
            "rowNumber": 26
          },
          "required": [],
          "properties": {
            "perheen_ja_laheisten_elamantilanne": {
              "type": "string",
              "sosmeta": {
                "name": [
                  {
                    "lang": "fi",
                    "value": "Perheen ja läheisten elämäntilanne"
                  },
                  {
                    "lang": "sv",
                    "value": "Familjens och närståendes livssituation"
                  }
                ],
                "representation": [
                  {
                    "lang": "fi",
                    "value": "Teksti"
                  },
                  {
                    "lang": "sv",
                    "value": "Text"
                  }
                ],
                "repeatable": false,
                "required": false,
                "conditionalRequired": false,
                "nationwideRecordedInformation": false,
                "hiddenField": false,
                "hiddenTitle": false,
                "rowNumber": 27
              }
            },
            "perheen_odotukset_ja_toiveet_sijaishuollolta": {
              "type": "string",
              "sosmeta": {
                "name": [
                  {
                    "lang": "fi",
                    "value": "Perheen odotukset ja toiveet sijaishuollolta"
                  },
                  {
                    "lang": "sv",
                    "value": "Familjens förväntningar och önskemål gällande vård utom hemmet"
                  }
                ],
                "representation": [
                  {
                    "lang": "fi",
                    "value": "Teksti"
                  },
                  {
                    "lang": "sv",
                    "value": "Text"
                  }
                ],
                "repeatable": false,
                "required": false,
                "conditionalRequired": false,
                "nationwideRecordedInformation": false,
                "hiddenField": false,
                "hiddenTitle": false,
                "rowNumber": 28
              }
            },
            "perheen_ja_laheisten_osallistuminen_lapsen_hoitoon_ja_kasvatukseen": {
              "type": "string",
              "sosmeta": {
                "name": [
                  {
                    "lang": "fi",
                    "value": "Perheen ja läheisten osallistuminen lapsen hoitoon ja kasvatukseen"
                  },
                  {
                    "lang": "sv",
                    "value": "Familjens och närståendes deltagande i vården och fostran av barnet."
                  }
                ],
                "description": [
                  {
                    "lang": "fi",
                    "value": "Kenttään voi kuvata myös vanhemmuuteen liittyviä asioita."
                  },
                  {
                    "lang": "sv",
                    "value": "I fältet kan man också beskriva sådant som anknyter till föräldraskapet."
                  }
                ],
                "representation": [
                  {
                    "lang": "fi",
                    "value": "Teksti"
                  },
                  {
                    "lang": "sv",
                    "value": "Text"
                  }
                ],
                "repeatable": false,
                "required": false,
                "conditionalRequired": false,
                "nationwideRecordedInformation": false,
                "hiddenField": false,
                "hiddenTitle": false,
                "rowNumber": 29
              }
            }
          }
        },
        "edellisen_suunnitelman_tavoitteiden_saavuttaminen": {
          "type": "object",
          "additionalProperties": false,
          "sosmeta": {
            "name": [
              {
                "lang": "fi",
                "value": "Edellisen suunnitelman tavoitteiden saavuttaminen"
              },
              {
                "lang": "sv",
                "value": "Uppnående av målen i föregående plan"
              }
            ],
            "description": [
              {
                "lang": "fi",
                "value": "Tähän kirjataan arvio siitä, miten edellisessä suunnitelmassa asetetut tavoitteet ovat kokonaisuutena toteutuneet."
              },
              {
                "lang": "sv",
                "value": "Här antecknas en bedömning av, hur de mål som fastställdes i föregående plan har förverkligats i sin helhet."
              }
            ],
            "repeatable": false,
            "required": false,
            "conditionalRequired": false,
            "nationwideRecordedInformation": false,
            "hiddenField": false,
            "hiddenTitle": false,
            "rowNumber": 30
          },
          "required": [],
          "properties": {
            "arvio": {
              "type": "object",
              "additionalProperties": false,
              "sosmeta": {
                "name": [
                  {
                    "lang": "fi",
                    "value": "Arvio"
                  },
                  {
                    "lang": "sv",
                    "value": "Bedömning"
                  }
                ],
                "description": [
                  {
                    "lang": "fi",
                    "value": "Kenttään kirjataan luokituksen avulla arvio edellisessä suunnitelmassa asetettujen tavoitteiden saavuttamisesta."
                  },
                  {
                    "lang": "sv",
                    "value": "I fältet antecknas en bedömning av hur målen som fastställts i tidigare planen har uppnåtts med hjälp av klassificeringen."
                  }
                ],
                "classification": [
                  {
                    "lang": "fi",
                    "value": "Koodistopalvelin: Sosiaalihuolto - Tavoitteen saavuttamisen arvio 1.2.246.537.6.1253"
                  },
                  {
                    "lang": "sv",
                    "value": "Kodtjänsten: Socialvård - Bedömning av hur mål har uppnåtts 1.2.246.537.6.1253"
                  }
                ],
                "classificationLink": [
                  {
                    "lang": "",
                    "value": "https://koodistopalvelu.kanta.fi/codeserver/pages/classification-view-page.xhtml?classificationKey\u003d1806\u0026versionKey\u003d2046"
                  }
                ],
                "classificationOid": [
                  {
                    "lang": "",
                    "value": "1.2.246.537.6.1253"
                  }
                ],
                "representation": [
                  {
                    "lang": "fi",
                    "value": "Koodi"
                  },
                  {
                    "lang": "sv",
                    "value": "Kod"
                  }
                ],
                "repeatable": false,
                "required": false,
                "conditionalRequired": false,
                "nationwideRecordedInformation": true,
                "hiddenField": false,
                "hiddenTitle": false,
                "rowNumber": 31
              },
              "required": [
                "system",
                "code",
                "display"
              ],
              "properties": {
                "system": {
                  "type": "string",
                  "pattern": "^urn:oid:1\\.2\\.246\\.537\\.6\\.1253(\\.\\d+)*$"
                },
                "code": {
                  "type": "string"
                },
                "display": {
                  "type": "string"
                }
              }
            },
            "sanallinen_arvio": {
              "type": "string",
              "sosmeta": {
                "name": [
                  {
                    "lang": "fi",
                    "value": "Sanallinen arvio"
                  },
                  {
                    "lang": "sv",
                    "value": "Verbal bedömning"
                  }
                ],
                "description": [
                  {
                    "lang": "fi",
                    "value": "Kenttään kuvataan ja arvioidaan tekstinä edellisessä suunnitelmassa asetettujen tavoitteiden saavuttamista."
                  },
                  {
                    "lang": "sv",
                    "value": "I fältet beskrivs hur målen som fastställts i tidigare planen har uppnåtts med fri text."
                  }
                ],
                "representation": [
                  {
                    "lang": "fi",
                    "value": "Teksti"
                  },
                  {
                    "lang": "sv",
                    "value": "Text"
                  }
                ],
                "repeatable": false,
                "required": false,
                "conditionalRequired": false,
                "nationwideRecordedInformation": false,
                "hiddenField": false,
                "hiddenTitle": false,
                "rowNumber": 32
              }
            }
          }
        },
        "asetettavat_tavoitteet": {
          "type": "array",
          "minItems": 0,
          "items": {
            "type": "object",
            "additionalProperties": false,
            "sosmeta": {
              "name": [
                {
                  "lang": "fi",
                  "value": "Asetettavat tavoitteet"
                },
                {
                  "lang": "sv",
                  "value": "Mål som ska fastställas"
                }
              ],
              "description": [
                {
                  "lang": "fi",
                  "value": "Lastensuojelulain 30 a §:n mukaan hoito- ja kasvatussuunnitelman tarkoituksena on havainnollistaa asiakassuunnitelmaan kirjatut tavoitteet ja kuvata yksityiskohtaisesti, miten lapsen tarpeisiin vastataan turvaten lapsen hyvä kohtelu. Hoito- ja kasvatussuunnitelmassa tulisi myös arvioida etukäteen, kuinka mahdollisia rajoituksia voitaisiin sijaishuollon aikana välttää tai vähentää. Suunnitelman tarkoituksena olisi tätä kautta vahvistaa sijaishuollossa olevien lasten itsemääräämisoikeutta sekä kiinnittää huomiota rajoitusten käyttöön sekä mahdollisuuksiin ja toimiin niiden vähentämiseksi.\nTavoitteet kirjataan yksitellen ja jokaisen tavoitteen kohdalla kirjataan miten tavoite pyritään saavuttamaan ja missä aikataulussa. Tarvittaessa voidaan kirjata erikseen hoidon ja kasvatuksen pääasiallinen tavoite ja välitavoitteet. Tavoitteet voivat koskea myös lapsen päivähoitoa, esiopetusta ja koulunkäyntiä ja lapsen terveyttä. Lapsen omat tavoitteet ja odotukset kirjataan erikseen."
                },
                {
                  "lang": "sv",
                  "value": "Enligt 30 a § i barnskyddslagen är syftet med planen för vård och fostran att åskådliggöra målen i klientplanen och att detaljerat beskriva hur barnets behov möts medan ett gott bemötande av barnet tryggas. I planen för vård och fostran ska man också i förväg bedöma, hur man skulle kunna undvika eller minska eventuella begränsningar under vården utom hemmet. Syftet med planen är därigenom att stärka självbestämmanderätten för barn i vård utom hemmet samt att fästa uppmärksamhet vid användning av begränsningar samt möjligheter och åtgärder för att minska dem. Man antecknar målen separat och för varje mål antecknar man hur man försöker uppnå målet och med vilken tidtabell. Vid behov kan man separat anteckna det huvudsakliga målet för vården och fostran och delmålen. Målen kan också gälla barnets dagvård, förskoleundervisning och skolgång samt hälsa. Barnets egna mål och förväntningar antecknas separat."
                }
              ],
              "implementationNote": [
                {
                  "lang": "fi",
                  "value": "Otsikko näytetään vain kerran, vaikka tietokokonaisuus toistuu."
                },
                {
                  "lang": "sv",
                  "value": "Otsikko näytetään vain kerran, vaikka tietokokonaisuus toistuu."
                }
              ],
              "repeatable": true,
              "required": false,
              "conditionalRequired": false,
              "nationwideRecordedInformation": false,
              "hiddenField": false,
              "hiddenTitle": false,
              "rowNumber": 33
            },
            "required": [],
            "properties": {
              "nimi": {
                "type": "string",
                "sosmeta": {
                  "name": [
                    {
                      "lang": "fi",
                      "value": "Nimi"
                    },
                    {
                      "lang": "sv",
                      "value": "Namn"
                    }
                  ],
                  "description": [
                    {
                      "lang": "fi",
                      "value": "Kenttään kirjataan tavoitteen nimi."
                    },
                    {
                      "lang": "sv",
                      "value": "I fältet antecknas målets benämning."
                    }
                  ],
                  "example": [
                    {
                      "lang": "fi",
                      "value": "Lapsen päivähoito"
                    },
                    {
                      "lang": "sv",
                      "value": "Barnets dagvård"
                    }
                  ],
                  "representation": [
                    {
                      "lang": "fi",
                      "value": "Nimi"
                    },
                    {
                      "lang": "sv",
                      "value": "Namn"
                    }
                  ],
                  "repeatable": false,
                  "required": false,
                  "conditionalRequired": false,
                  "nationwideRecordedInformation": false,
                  "hiddenField": false,
                  "hiddenTitle": false,
                  "rowNumber": 34
                }
              },
              "kuvaus": {
                "type": "string",
                "sosmeta": {
                  "name": [
                    {
                      "lang": "fi",
                      "value": "Kuvaus"
                    },
                    {
                      "lang": "sv",
                      "value": "Beskrivning"
                    }
                  ],
                  "description": [
                    {
                      "lang": "fi",
                      "value": "Kenttään kuvataan tekstinä tavoitetta."
                    },
                    {
                      "lang": "sv",
                      "value": "I fältet beskrivs målet i textform."
                    }
                  ],
                  "representation": [
                    {
                      "lang": "fi",
                      "value": "Teksti"
                    },
                    {
                      "lang": "sv",
                      "value": "Text"
                    }
                  ],
                  "repeatable": false,
                  "required": false,
                  "conditionalRequired": false,
                  "nationwideRecordedInformation": false,
                  "hiddenField": false,
                  "hiddenTitle": false,
                  "rowNumber": 35
                }
              },
              "keinot_ja_aikataulu_tavoitteen_saavuttamiseksi": {
                "type": "string",
                "sosmeta": {
                  "name": [
                    {
                      "lang": "fi",
                      "value": "Keinot ja aikataulu tavoitteen saavuttamiseksi"
                    },
                    {
                      "lang": "sv",
                      "value": "Metoder och tidtabell för uppnåendet av målet"
                    }
                  ],
                  "title": [
                    {
                      "lang": "fi",
                      "value": "Keinot tavoitteen saavuttamiseksi"
                    },
                    {
                      "lang": "sv",
                      "value": "Metoder för uppnåendet av målet"
                    }
                  ],
                  "description": [
                    {
                      "lang": "fi",
                      "value": "Kenttään kuvataan keinoja, joiden avulla tavoite pyritään saavuttamaan. Kenttään arvioidaan tarvittaessa myös sitä, missä ajassa tavoite saadaan saavutettua."
                    },
                    {
                      "lang": "sv",
                      "value": "I fältet beskrivs metoder, med vars hjälp man försöker uppnå målet. I fältet bedömer man också vid behov, inom vilken tid man kan nå målet."
                    }
                  ],
                  "representation": [
                    {
                      "lang": "fi",
                      "value": "Teksti"
                    },
                    {
                      "lang": "sv",
                      "value": "Text"
                    }
                  ],
                  "repeatable": false,
                  "required": false,
                  "conditionalRequired": false,
                  "nationwideRecordedInformation": false,
                  "hiddenField": false,
                  "hiddenTitle": false,
                  "rowNumber": 36
                }
              }
            }
          }
        },
        "muut_asiat": {
          "type": "string",
          "sosmeta": {
            "name": [
              {
                "lang": "fi",
                "value": "Muut asiat"
              },
              {
                "lang": "sv",
                "value": "Övriga ärenden"
              }
            ],
            "description": [
              {
                "lang": "fi",
                "value": "Kenttään kirjataan muut huomioitavat asiat tai asiat, joista on sovittu."
              },
              {
                "lang": "sv",
                "value": "I fältet antecknas andra faktorer som ska beaktas eller sådant som har överenskommits."
              }
            ],
            "representation": [
              {
                "lang": "fi",
                "value": "Teksti"
              },
              {
                "lang": "sv",
                "value": "Text"
              }
            ],
            "repeatable": false,
            "required": false,
            "conditionalRequired": false,
            "nationwideRecordedInformation": false,
            "hiddenField": false,
            "hiddenTitle": false,
            "rowNumber": 37
          }
        },
        "ulkopuolisilta_hankittavat_palvelut": {
          "type": "string",
          "sosmeta": {
            "name": [
              {
                "lang": "fi",
                "value": "Ulkopuolisilta hankittavat palvelut"
              },
              {
                "lang": "sv",
                "value": "Service som anskaffas av utomstående"
              }
            ],
            "description": [
              {
                "lang": "fi",
                "value": "Kenttään kirjataan ulkopuolisilta hankittavat palvelut, joiden avulla pyritään saavuttamaan tavoitteet."
              },
              {
                "lang": "sv",
                "value": "I fältet antecknar man service som anskaffas av utomstående och med vars hjälp man försöker nå målen."
              }
            ],
            "representation": [
              {
                "lang": "fi",
                "value": "Teksti"
              },
              {
                "lang": "sv",
                "value": "Text"
              }
            ],
            "repeatable": false,
            "required": false,
            "conditionalRequired": false,
            "nationwideRecordedInformation": false,
            "hiddenField": false,
            "hiddenTitle": false,
            "rowNumber": 38
          }
        },
        "kuvaus_muusta_tuesta_ja_toimista_joilla_tavoitteisiin_pyritaan": {
          "type": "string",
          "sosmeta": {
            "name": [
              {
                "lang": "fi",
                "value": "Kuvaus muusta tuesta ja toimista, joilla tavoitteisiin pyritään"
              },
              {
                "lang": "sv",
                "value": "Beskrivning av andra former av stöd och åtgärder, med vilka man försöker nå målen"
              }
            ],
            "representation": [
              {
                "lang": "fi",
                "value": "Teksti"
              },
              {
                "lang": "sv",
                "value": "Text"
              }
            ],
            "repeatable": false,
            "required": false,
            "conditionalRequired": false,
            "nationwideRecordedInformation": false,
            "hiddenField": false,
            "hiddenTitle": false,
            "rowNumber": 39
          }
        },
        "yhteydenpito": {
          "type": "object",
          "additionalProperties": false,
          "sosmeta": {
            "name": [
              {
                "lang": "fi",
                "value": "Yhteydenpito"
              },
              {
                "lang": "sv",
                "value": "Kontakt"
              }
            ],
            "representation": [
              {
                "lang": "fi",
                "value": "Otsikko"
              },
              {
                "lang": "sv",
                "value": "Rubrik"
              }
            ],
            "repeatable": false,
            "required": false,
            "conditionalRequired": false,
            "nationwideRecordedInformation": false,
            "hiddenField": false,
            "hiddenTitle": false,
            "rowNumber": 40
          },
          "required": [],
          "properties": {
            "lapsen_yhteydenpito_perheeseen_ja_muihin_laheisiin": {
              "type": "string",
              "sosmeta": {
                "name": [
                  {
                    "lang": "fi",
                    "value": "Lapsen yhteydenpito perheeseen ja muihin läheisiin"
                  },
                  {
                    "lang": "sv",
                    "value": "Barnets kontakt med familjen och andra närstående"
                  }
                ],
                "representation": [
                  {
                    "lang": "fi",
                    "value": "Teksti"
                  },
                  {
                    "lang": "sv",
                    "value": "Text"
                  }
                ],
                "repeatable": false,
                "required": false,
                "conditionalRequired": false,
                "nationwideRecordedInformation": false,
                "hiddenField": false,
                "hiddenTitle": false,
                "rowNumber": 41
              }
            },
            "perheenjasenten_vierailut_lapsen_sijoituspaikassa": {
              "type": "string",
              "sosmeta": {
                "name": [
                  {
                    "lang": "fi",
                    "value": "Perheenjäsenten vierailut lapsen sijoituspaikassa"
                  },
                  {
                    "lang": "sv",
                    "value": "Besök av familjemedlemmar vid barnets placeringsplats"
                  }
                ],
                "representation": [
                  {
                    "lang": "fi",
                    "value": "Teksti"
                  },
                  {
                    "lang": "sv",
                    "value": "Text"
                  }
                ],
                "repeatable": false,
                "required": false,
                "conditionalRequired": false,
                "nationwideRecordedInformation": false,
                "hiddenField": false,
                "hiddenTitle": false,
                "rowNumber": 42
              }
            },
            "perheen_parissa_vietettavat_kotijaksot": {
              "type": "string",
              "sosmeta": {
                "name": [
                  {
                    "lang": "fi",
                    "value": "Perheen parissa vietettävät kotijaksot"
                  },
                  {
                    "lang": "sv",
                    "value": "Perioder hemma tillsammans med familjen"
                  }
                ],
                "representation": [
                  {
                    "lang": "fi",
                    "value": "Teksti"
                  },
                  {
                    "lang": "sv",
                    "value": "Text"
                  }
                ],
                "repeatable": false,
                "required": false,
                "conditionalRequired": false,
                "nationwideRecordedInformation": false,
                "hiddenField": false,
                "hiddenTitle": false,
                "rowNumber": 43
              }
            }
          }
        },
        "lapselle_annettavat_kayttovarat": {
          "type": "string",
          "sosmeta": {
            "name": [
              {
                "lang": "fi",
                "value": "Lapselle annettavat käyttövarat"
              },
              {
                "lang": "sv",
                "value": "Dispositionsmedel som ges till barnet"
              }
            ],
            "representation": [
              {
                "lang": "fi",
                "value": "Teksti"
              },
              {
                "lang": "sv",
                "value": "Text"
              }
            ],
            "repeatable": false,
            "required": false,
            "conditionalRequired": false,
            "nationwideRecordedInformation": false,
            "hiddenField": false,
            "hiddenTitle": false,
            "rowNumber": 44
          }
        },
        "rajoitukset": {
          "type": "string",
          "sosmeta": {
            "name": [
              {
                "lang": "fi",
                "value": "Rajoitukset"
              },
              {
                "lang": "sv",
                "value": "Begränsningar"
              }
            ],
            "description": [
              {
                "lang": "fi",
                "value": "Lastensuojelulain 30 a §:n mukaan hoito- ja kasvatussuunnitelma tulee laatia viipymättä, jos  lapseen on kohdistettu sijaishuollossa rajoituksia tai on todennäköistä, että lapseen tullaan kohdistamaan rajoituksia. Tähän kenttään voidaan kirjata tarvittavat tiedot rajoituksista."
              },
              {
                "lang": "sv",
                "value": "Enligt 30 a § i barnskyddslagen ska planen för vård och fostran göras upp utan dröjsmål, om begränsningar har riktats mot barnet i vård utom hemmet eller om det är sannolikt att begränsningar kommer att riktas mot barnet. I det här fältet kan man anteckna behövliga uppgifter om begränsningar."
              }
            ],
            "representation": [
              {
                "lang": "fi",
                "value": "Teksti"
              },
              {
                "lang": "sv",
                "value": "Text"
              }
            ],
            "repeatable": false,
            "required": false,
            "conditionalRequired": false,
            "nationwideRecordedInformation": false,
            "hiddenField": false,
            "hiddenTitle": false,
            "rowNumber": 45
          }
        },
        "huoltajien_kuuleminen": {
          "type": "string",
          "sosmeta": {
            "name": [
              {
                "lang": "fi",
                "value": "Huoltajien kuuleminen"
              },
              {
                "lang": "sv",
                "value": "Hörande av vårdnadshavare"
              }
            ],
            "description": [
              {
                "lang": "fi",
                "value": "Lastensuojelulain 30 a §:n mukaan hoito- ja kasvatussuunnitelmaa varten on kuultava myös lapsen huoltajaa. Kenttään kuvataan kuinka huoltajia on kuultu ja huoltajien näkemykset. Tarvittaessa tarkempi kuulemisen sisältö kirjataan erillisiin kuulemisasiakirjoihin."
              },
              {
                "lang": "sv",
                "value": "Enligt 30 a § i barnskyddslagen ska även barnets vårdnadshavare höras för upprättandet av planen för vård och fostran. I fältet beskriver man hur vårdnadshavarna har hörts och vårdnadshavarnas åsikter. Vid behov antecknas utförligare innehåll för hörandet i separata samrådshandlingar."
              }
            ],
            "representation": [
              {
                "lang": "fi",
                "value": "Teksti"
              },
              {
                "lang": "sv",
                "value": "Text"
              }
            ],
            "repeatable": false,
            "required": false,
            "conditionalRequired": false,
            "nationwideRecordedInformation": false,
            "hiddenField": false,
            "hiddenTitle": false,
            "rowNumber": 46
          }
        },
        "osallistujien_eriavat_nakemykset": {
          "type": "string",
          "sosmeta": {
            "name": [
              {
                "lang": "fi",
                "value": "Osallistujien eriävät näkemykset"
              },
              {
                "lang": "sv",
                "value": "Deltagarnas avvikande åsikter"
              }
            ],
            "title": [
              {
                "lang": "fi",
                "value": "Suunnitelman tekoon osallistuneiden henkilöiden eriävät näkemykset suunnitelman sisällöstä"
              },
              {
                "lang": "sv",
                "value": "Avvikande åsikter om planens innehåll bland de personer som har medverkat i upprättandet av planen"
              }
            ],
            "representation": [
              {
                "lang": "fi",
                "value": "Teksti"
              },
              {
                "lang": "sv",
                "value": "Text"
              }
            ],
            "repeatable": false,
            "required": false,
            "conditionalRequired": false,
            "nationwideRecordedInformation": false,
            "hiddenField": false,
            "hiddenTitle": false,
            "rowNumber": 47
          }
        },
        "suunnitelman_tarkistaminen": {
          "type": "object",
          "additionalProperties": false,
          "sosmeta": {
            "name": [
              {
                "lang": "fi",
                "value": "Suunnitelman tarkistaminen"
              },
              {
                "lang": "sv",
                "value": "Granskning av planen"
              }
            ],
            "description": [
              {
                "lang": "fi",
                "value": "-"
              },
              {
                "lang": "sv",
                "value": "-"
              }
            ],
            "repeatable": false,
            "required": false,
            "conditionalRequired": false,
            "nationwideRecordedInformation": false,
            "hiddenField": false,
            "hiddenTitle": false,
            "rowNumber": 48
          },
          "required": [],
          "properties": {
            "paivamaara_ja_kellonaika": {
              "type": "string",
              "pattern": "^-?[0-9]{4}(-(0[1-9]|1[0-2])(-(0[0-9]|[1-2][0-9]|3[0-1])(T([01][0-9]|2[0-3]):[0-5][0-9]:[0-5][0-9](\\.[0-9]+)?(Z|(\\+|-)((0[0-9]|1[0-3]):[0-5][0-9]|14:00)))?)?)?$",
              "sosmeta": {
                "name": [
                  {
                    "lang": "fi",
                    "value": "Päivämäärä ja kellonaika"
                  },
                  {
                    "lang": "sv",
                    "value": "Datum och klockslag"
                  }
                ],
                "description": [
                  {
                    "lang": "fi",
                    "value": "Kenttään kirjataan seuraavan neuvottelun päivämäärä ja kellonaika, jos ne jo tiedetään."
                  },
                  {
                    "lang": "sv",
                    "value": "I fältet antecknas datum och klockslag för följande överläggning, om detta redan är känt."
                  }
                ],
                "representation": [
                  {
                    "lang": "fi",
                    "value": "Hetki"
                  },
                  {
                    "lang": "sv",
                    "value": "Datum och klockslag"
                  }
                ],
                "repeatable": false,
                "required": false,
                "conditionalRequired": false,
                "nationwideRecordedInformation": true,
                "hiddenField": false,
                "hiddenTitle": false,
                "rowNumber": 49
              }
            },
            "ajankohta": {
              "type": "string",
              "sosmeta": {
                "name": [
                  {
                    "lang": "fi",
                    "value": "Ajankohta"
                  },
                  {
                    "lang": "sv",
                    "value": "Tidpunkt"
                  }
                ],
                "description": [
                  {
                    "lang": "fi",
                    "value": "Kenttää käytetään, jos ei tiedetä tarkkaa päivämäärää eikä kellonaikaa."
                  },
                  {
                    "lang": "sv",
                    "value": "Fältet används, om exakt datum och klockslag inte är kända."
                  }
                ],
                "representation": [
                  {
                    "lang": "fi",
                    "value": "Teksti"
                  },
                  {
                    "lang": "sv",
                    "value": "Text"
                  }
                ],
                "repeatable": false,
                "required": false,
                "conditionalRequired": false,
                "nationwideRecordedInformation": false,
                "hiddenField": false,
                "hiddenTitle": false,
                "rowNumber": 50
              }
            },
            "paikka": {
              "type": "string",
              "sosmeta": {
                "name": [
                  {
                    "lang": "fi",
                    "value": "Paikka"
                  },
                  {
                    "lang": "sv",
                    "value": "Plats"
                  }
                ],
                "description": [
                  {
                    "lang": "fi",
                    "value": "-"
                  },
                  {
                    "lang": "sv",
                    "value": "-"
                  }
                ],
                "example": [
                  {
                    "lang": "fi",
                    "value": "-"
                  },
                  {
                    "lang": "sv",
                    "value": "-"
                  }
                ],
                "representation": [
                  {
                    "lang": "fi",
                    "value": "Teksti"
                  },
                  {
                    "lang": "sv",
                    "value": "Text"
                  }
                ],
                "repeatable": false,
                "required": false,
                "conditionalRequired": false,
                "nationwideRecordedInformation": false,
                "hiddenField": false,
                "hiddenTitle": false,
                "rowNumber": 51
              }
            }
          }
        },
        "jakelu": {
          "type": "string",
          "sosmeta": {
            "name": [
              {
                "lang": "fi",
                "value": "Jakelu"
              },
              {
                "lang": "sv",
                "value": "Sändlista"
              }
            ],
            "title": [
              {
                "lang": "fi",
                "value": "Henkilöt joille tämä suunnitelma toimitetaan"
              },
              {
                "lang": "sv",
                "value": "Personer som planen ska ges till"
              }
            ],
            "representation": [
              {
                "lang": "fi",
                "value": "Teksti"
              },
              {
                "lang": "sv",
                "value": "Text"
              }
            ],
            "repeatable": false,
            "required": false,
            "conditionalRequired": false,
            "nationwideRecordedInformation": false,
            "hiddenField": false,
            "hiddenTitle": false,
            "rowNumber": 52
          }
        },
        "lakiselostus": {
          "type": "string",
          "sosmeta": {
            "name": [
              {
                "lang": "fi",
                "value": "Lakiselostus"
              },
              {
                "lang": "sv",
                "value": "Lagförklaring"
              }
            ],
            "implementationNote": [
              {
                "lang": "fi",
                "value": "Kentässä voidaan käyttää automaattitekstiä, jonka organisaatio yhdessä tietojärjestelmätoimittajan kanssa laatii. THL ei laadi kentässä näytettäviä tekstejä."
              },
              {
                "lang": "sv",
                "value": "Kentässä voidaan käyttää automaattitekstiä, jonka organisaatio yhdessä tietojärjestelmätoimittajan kanssa laatii. THL ei laadi kentässä näytettäviä tekstejä."
              }
            ],
            "representation": [
              {
                "lang": "fi",
                "value": "Teksti"
              },
              {
                "lang": "sv",
                "value": "Text"
              }
            ],
            "repeatable": false,
            "required": false,
            "conditionalRequired": false,
            "nationwideRecordedInformation": false,
            "hiddenField": false,
            "hiddenTitle": false,
            "rowNumber": 53
          }
        },
        "paivamaara": {
          "type": "string",
          "pattern": "^-?[0-9]{4}(-(0[1-9]|1[0-2])(-(0[0-9]|[1-2][0-9]|3[0-1]))?)?$",
          "sosmeta": {
            "name": [
              {
                "lang": "fi",
                "value": "Päivämäärä"
              },
              {
                "lang": "sv",
                "value": "Datum"
              }
            ],
            "description": [
              {
                "lang": "fi",
                "value": "Kenttään kirjataan suunnitelman laatimispäivämäärä."
              },
              {
                "lang": "sv",
                "value": "I fältet antecknas datum för upprättandet av planen."
              }
            ],
            "representation": [
              {
                "lang": "fi",
                "value": "Pvm"
              },
              {
                "lang": "sv",
                "value": "Datum"
              }
            ],
            "repeatable": false,
            "required": false,
            "conditionalRequired": false,
            "nationwideRecordedInformation": true,
            "hiddenField": false,
            "hiddenTitle": false,
            "rowNumber": 54
          }
        },
        "laatija": {
          "type": "array",
          "minItems": 1,
          "items": {
            "type": "object",
            "additionalProperties": false,
            "sosmeta": {
              "name": [
                {
                  "lang": "fi",
                  "value": "Laatija"
                },
                {
                  "lang": "sv",
                  "value": "Upprättare"
                }
              ],
              "description": [
                {
                  "lang": "fi",
                  "value": "-"
                },
                {
                  "lang": "sv",
                  "value": "-"
                }
              ],
              "repeatable": true,
              "required": true,
              "conditionalRequired": false,
              "nationwideRecordedInformation": false,
              "hiddenField": false,
              "hiddenTitle": false,
              "rowNumber": 55
            },
            "required": [
              "sukunimi",
              "etunimet"
            ],
            "properties": {
              "sukunimi": {
                "type": "string",
                "minLength": 1,
                "sosmeta": {
                  "name": [
                    {
                      "lang": "fi",
                      "value": "Sukunimi"
                    },
                    {
                      "lang": "sv",
                      "value": "Efternamn"
                    }
                  ],
                  "description": [
                    {
                      "lang": "fi",
                      "value": "-"
                    },
                    {
                      "lang": "sv",
                      "value": "-"
                    }
                  ],
                  "representation": [
                    {
                      "lang": "fi",
                      "value": "Nimi"
                    },
                    {
                      "lang": "sv",
                      "value": "Namn"
                    }
                  ],
                  "repeatable": false,
                  "required": true,
                  "conditionalRequired": false,
                  "nationwideRecordedInformation": false,
                  "hiddenField": false,
                  "hiddenTitle": false,
                  "rowNumber": 56
                }
              },
              "etunimet": {
                "type": "string",
                "minLength": 1,
                "sosmeta": {
                  "name": [
                    {
                      "lang": "fi",
                      "value": "Etunimet"
                    },
                    {
                      "lang": "sv",
                      "value": "Samtliga förnamn"
                    }
                  ],
                  "description": [
                    {
                      "lang": "fi",
                      "value": "-"
                    },
                    {
                      "lang": "sv",
                      "value": "-"
                    }
                  ],
                  "representation": [
                    {
                      "lang": "fi",
                      "value": "Nimi"
                    },
                    {
                      "lang": "sv",
                      "value": "Namn"
                    }
                  ],
                  "repeatable": false,
                  "required": true,
                  "conditionalRequired": false,
                  "nationwideRecordedInformation": false,
                  "hiddenField": false,
                  "hiddenTitle": false,
                  "rowNumber": 57
                }
              },
              "tehtavanimike": {
                "type": "string",
                "sosmeta": {
                  "name": [
                    {
                      "lang": "fi",
                      "value": "Tehtävänimike"
                    },
                    {
                      "lang": "sv",
                      "value": "Uppgiftsbeteckning"
                    }
                  ],
                  "description": [
                    {
                      "lang": "fi",
                      "value": "-"
                    },
                    {
                      "lang": "sv",
                      "value": "-"
                    }
                  ],
                  "example": [
                    {
                      "lang": "fi",
                      "value": "-"
                    },
                    {
                      "lang": "sv",
                      "value": "-"
                    }
                  ],
                  "representation": [
                    {
                      "lang": "fi",
                      "value": "Teksti"
                    },
                    {
                      "lang": "sv",
                      "value": "Text"
                    }
                  ],
                  "repeatable": false,
                  "required": false,
                  "conditionalRequired": false,
                  "nationwideRecordedInformation": false,
                  "hiddenField": false,
                  "hiddenTitle": false,
                  "rowNumber": 58
                }
              },
              "palveluyksikko": {
                "type": "object",
                "additionalProperties": false,
                "sosmeta": {
                  "name": [
                    {
                      "lang": "fi",
                      "value": "Palveluyksikkö"
                    },
                    {
                      "lang": "sv",
                      "value": "Serviceenhet"
                    }
                  ],
                  "description": [
                    {
                      "lang": "fi",
                      "value": "Kenttään kirjataan palveluyksikön nimi SOTE-organisaatiorekisterin avulla."
                    },
                    {
                      "lang": "sv",
                      "value": "I fältet antecknas namnet på serviceenheten enligt Organisationsregistret för social- och hälsovården."
                    }
                  ],
                  "example": [
                    {
                      "lang": "fi",
                      "value": "1.2.246.10.1012636.10.1.1.100768 \u003d Espoon keskuksen lastensuojelu, Espoon kaupunki, sosiaali- ja terveystoimi"
                    },
                    {
                      "lang": "sv",
                      "value": "1.2.246.10.1012636.10.1.1.100768 \u003d Esbo centrums barnskydd, Esbo stad, social- och hälsovårdssektorn"
                    }
                  ],
                  "classification": [
                    {
                      "lang": "fi",
                      "value": "Koodistopalvelin: THL - SOTE-organisaatiorekisteri 1.2.246.537.6.202"
                    },
                    {
                      "lang": "sv",
                      "value": "Kodtjänsten: THL - SOTE-organisationsregister 1.2.246.537.6.202"
                    }
                  ],
                  "classificationLink": [
                    {
                      "lang": "",
                      "value": "https://koodistopalvelu.kanta.fi/codeserver/pages/classification-view-page.xhtml?classificationKey\u003d421\u0026versionKey\u003d501"
                    }
                  ],
                  "classificationOid": [
                    {
                      "lang": "",
                      "value": "1.2.246.537.6.202"
                    }
                  ],
                  "representation": [
                    {
                      "lang": "fi",
                      "value": "Koodi"
                    },
                    {
                      "lang": "sv",
                      "value": "Kod"
                    }
                  ],
                  "repeatable": false,
                  "required": false,
                  "conditionalRequired": false,
                  "nationwideRecordedInformation": true,
                  "hiddenField": false,
                  "hiddenTitle": false,
                  "rowNumber": 59
                },
                "required": [
                  "system",
                  "code",
                  "display"
                ],
                "properties": {
                  "system": {
                    "type": "string",
                    "pattern": "^urn:oid:1\\.2\\.246\\.537\\.6\\.202(\\.\\d+)*$"
                  },
                  "code": {
                    "type": "string"
                  },
                  "display": {
                    "type": "string"
                  }
                }
              }
            }
          }
        }
      }
    }
  }
}