{
  "$schema": "http://json-schema.org/draft-07/schema#",
  "title": "\u0027Tukisuhdesuunnitelma\u0027 JSON schema",
  "type": "object",
  "additionalProperties": false,
  "sosmeta": {
    "title": "\u0027Tukisuhdesuunnitelma\u0027 JSON schema",
    "status": "Valmis",
    "documentDefinitionVersion": "2023-09-27",
    "dataComponentLibraryVersion": "2022-06-27",
    "oid": "1.2.246.537.6.1506.15018.2023.9.27",
    "documentType": "Suunnitelma",
    "documentAuthor": "Ammattihenkilö",
    "documentSubject": "Tukisuhdetoiminnan asiakasasiakirjat"
  },
  "required": [
    "tukisuhdesuunnitelma"
  ],
  "properties": {
    "tukisuhdesuunnitelma": {
      "type": "object",
      "additionalProperties": false,
      "sosmeta": {
        "name": [
          {
            "lang": "fi",
            "value": "Tukisuhdesuunnitelma"
          },
          {
            "lang": "sv",
            "value": "Stödrelationsplan"
          }
        ]
      },
      "required": [
        "asiakas",
        "laatija"
      ],
      "properties": {
        "asiakas": {
          "type": "object",
          "additionalProperties": false,
          "sosmeta": {
            "name": [
              {
                "lang": "fi",
                "value": "Asiakas"
              },
              {
                "lang": "sv",
                "value": "Klient"
              }
            ],
            "description": [
              {
                "lang": "fi",
                "value": "-"
              },
              {
                "lang": "sv",
                "value": "-"
              }
            ],
            "repeatable": false,
            "required": true,
            "conditionalRequired": false,
            "nationwideRecordedInformation": false,
            "hiddenField": false,
            "hiddenTitle": false,
            "rowNumber": 1
          },
          "required": [
            "sukunimi",
            "etunimet",
            "henkilotunnus"
          ],
          "properties": {
            "sukunimi": {
              "type": "string",
              "minLength": 1,
              "sosmeta": {
                "name": [
                  {
                    "lang": "fi",
                    "value": "Sukunimi"
                  },
                  {
                    "lang": "sv",
                    "value": "Efternamn"
                  }
                ],
                "description": [
                  {
                    "lang": "fi",
                    "value": "-"
                  },
                  {
                    "lang": "sv",
                    "value": "-"
                  }
                ],
                "example": [
                  {
                    "lang": "fi",
                    "value": "-"
                  },
                  {
                    "lang": "sv",
                    "value": "-"
                  }
                ],
                "representation": [
                  {
                    "lang": "fi",
                    "value": "Nimi"
                  },
                  {
                    "lang": "sv",
                    "value": "Namn"
                  }
                ],
                "repeatable": false,
                "required": true,
                "conditionalRequired": false,
                "nationwideRecordedInformation": false,
                "hiddenField": false,
                "hiddenTitle": false,
                "rowNumber": 2
              }
            },
            "etunimet": {
              "type": "string",
              "minLength": 1,
              "sosmeta": {
                "name": [
                  {
                    "lang": "fi",
                    "value": "Etunimet"
                  },
                  {
                    "lang": "sv",
                    "value": "Samtliga förnamn"
                  }
                ],
                "description": [
                  {
                    "lang": "fi",
                    "value": "-"
                  },
                  {
                    "lang": "sv",
                    "value": "-"
                  }
                ],
                "example": [
                  {
                    "lang": "fi",
                    "value": "-"
                  },
                  {
                    "lang": "sv",
                    "value": "-"
                  }
                ],
                "representation": [
                  {
                    "lang": "fi",
                    "value": "Nimi"
                  },
                  {
                    "lang": "sv",
                    "value": "Namn"
                  }
                ],
                "repeatable": false,
                "required": true,
                "conditionalRequired": false,
                "nationwideRecordedInformation": false,
                "hiddenField": false,
                "hiddenTitle": false,
                "rowNumber": 3
              }
            },
            "henkilotunnus": {
              "type": "object",
              "additionalProperties": false,
              "sosmeta": {
                "name": [
                  {
                    "lang": "fi",
                    "value": "Henkilötunnus"
                  },
                  {
                    "lang": "sv",
                    "value": "Personbeteckning"
                  }
                ],
                "description": [
                  {
                    "lang": "fi",
                    "value": "-"
                  },
                  {
                    "lang": "sv",
                    "value": "-"
                  }
                ],
                "example": [
                  {
                    "lang": "fi",
                    "value": "-"
                  },
                  {
                    "lang": "sv",
                    "value": "-"
                  }
                ],
                "implementationNote": [
                  {
                    "lang": "fi",
                    "value": "Kenttä on pakollinen TK Yksityishenkilön määrityksestä poiketen."
                  },
                  {
                    "lang": "sv",
                    "value": "Kenttä on pakollinen TK Yksityishenkilön määrityksestä poiketen."
                  }
                ],
                "representation": [
                  {
                    "lang": "fi",
                    "value": "Tunnus"
                  },
                  {
                    "lang": "sv",
                    "value": "Identifierare"
                  }
                ],
                "systemUri": [
                  {
                    "lang": "",
                    "value": "urn:oid:1.2.246.21"
                  }
                ],
                "repeatable": false,
                "required": true,
                "conditionalRequired": false,
                "nationwideRecordedInformation": false,
                "hiddenField": false,
                "hiddenTitle": false,
                "rowNumber": 4
              },
              "required": [
                "value"
              ],
              "properties": {
                "system": {
                  "type": "string"
                },
                "value": {
                  "type": "string"
                }
              }
            }
          }
        },
        "palvelutehtava": {
          "type": "object",
          "additionalProperties": false,
          "sosmeta": {
            "name": [
              {
                "lang": "fi",
                "value": "Palvelutehtävä"
              },
              {
                "lang": "sv",
                "value": "Serviceuppgift"
              }
            ],
            "description": [
              {
                "lang": "fi",
                "value": "Kenttään kirjataan luokituksen avulla palvelutehtävä, johon asiakirja kuuluu."
              },
              {
                "lang": "sv",
                "value": "I fältet antecknas med hjälp av klassificeringen den serviceuppgift till vilken handlingen hör."
              }
            ],
            "classification": [
              {
                "lang": "fi",
                "value": "Koodistopalvelin: Sosiaalihuolto - Palvelutehtävä 1.2.246.537.6.1221"
              }
            ],
            "classificationLink": [
              {
                "lang": "",
                "value": "https://koodistopalvelu.kanta.fi/codeserver/pages/classification-view-page.xhtml?classificationKey\u003d704\u0026versionKey\u003d2563"
              }
            ],
            "classificationOid": [
              {
                "lang": "",
                "value": "1.2.246.537.6.1221"
              }
            ],
            "representation": [
              {
                "lang": "fi",
                "value": "Koodi"
              },
              {
                "lang": "sv",
                "value": "Kod"
              }
            ],
            "repeatable": false,
            "required": false,
            "conditionalRequired": false,
            "nationwideRecordedInformation": true,
            "hiddenField": false,
            "hiddenTitle": false,
            "rowNumber": 5
          },
          "required": [
            "system",
            "code",
            "display"
          ],
          "properties": {
            "system": {
              "type": "string",
              "pattern": "^urn:oid:1\\.2\\.246\\.537\\.6\\.1221(\\.\\d+)*$"
            },
            "code": {
              "type": "string"
            },
            "display": {
              "type": "string"
            }
          }
        },
        "tiedot_neuvottelusta_jossa_tama_suunnitelma_on_tehty": {
          "type": "array",
          "minItems": 0,
          "items": {
            "type": "object",
            "additionalProperties": false,
            "sosmeta": {
              "name": [
                {
                  "lang": "fi",
                  "value": "Tiedot neuvottelusta jossa tämä suunnitelma on tehty"
                },
                {
                  "lang": "sv",
                  "value": "Uppgifter om den överläggning där denna plan har upprättats"
                }
              ],
              "description": [
                {
                  "lang": "fi",
                  "value": "-"
                },
                {
                  "lang": "sv",
                  "value": "-"
                }
              ],
              "implementationNote": [
                {
                  "lang": "fi",
                  "value": "Otsikko näytetään vain kerran, vaikka tietokokonaisuus toistuu."
                },
                {
                  "lang": "sv",
                  "value": "Otsikko näytetään vain kerran, vaikka tietokokonaisuus toistuu."
                }
              ],
              "repeatable": true,
              "required": false,
              "conditionalRequired": false,
              "nationwideRecordedInformation": false,
              "hiddenField": false,
              "hiddenTitle": false,
              "rowNumber": 6
            },
            "required": [],
            "properties": {
              "paivamaara": {
                "type": "string",
                "pattern": "^-?[0-9]{4}(-(0[1-9]|1[0-2])(-(0[0-9]|[1-2][0-9]|3[0-1]))?)?$",
                "sosmeta": {
                  "name": [
                    {
                      "lang": "fi",
                      "value": "Päivämäärä"
                    },
                    {
                      "lang": "sv",
                      "value": "Datum"
                    }
                  ],
                  "description": [
                    {
                      "lang": "fi",
                      "value": "Kenttään kirjataan neuvottelun päivämäärä."
                    },
                    {
                      "lang": "sv",
                      "value": "I fältet antecknas datum för överläggningen."
                    }
                  ],
                  "representation": [
                    {
                      "lang": "fi",
                      "value": "Pvm"
                    },
                    {
                      "lang": "sv",
                      "value": "Datum"
                    }
                  ],
                  "repeatable": false,
                  "required": false,
                  "conditionalRequired": false,
                  "nationwideRecordedInformation": true,
                  "hiddenField": false,
                  "hiddenTitle": false,
                  "rowNumber": 7
                }
              },
              "paikka": {
                "type": "string",
                "sosmeta": {
                  "name": [
                    {
                      "lang": "fi",
                      "value": "Paikka"
                    },
                    {
                      "lang": "sv",
                      "value": "Plats"
                    }
                  ],
                  "description": [
                    {
                      "lang": "fi",
                      "value": "Kenttään kirjataan neuvottelupaikka."
                    },
                    {
                      "lang": "sv",
                      "value": "I fältet antecknas platsen för överläggningen."
                    }
                  ],
                  "example": [
                    {
                      "lang": "fi",
                      "value": "Asiakkaan koti."
                    },
                    {
                      "lang": "sv",
                      "value": "Klientens hem."
                    }
                  ],
                  "representation": [
                    {
                      "lang": "fi",
                      "value": "Teksti"
                    },
                    {
                      "lang": "sv",
                      "value": "Text"
                    }
                  ],
                  "repeatable": false,
                  "required": false,
                  "conditionalRequired": false,
                  "nationwideRecordedInformation": false,
                  "hiddenField": false,
                  "hiddenTitle": false,
                  "rowNumber": 8
                }
              },
              "osallistujat": {
                "type": "string",
                "sosmeta": {
                  "name": [
                    {
                      "lang": "fi",
                      "value": "Osallistujat"
                    },
                    {
                      "lang": "sv",
                      "value": "Deltagare"
                    }
                  ],
                  "description": [
                    {
                      "lang": "fi",
                      "value": "Kenttään kirjataan suunnitelmaneuvotteluun osallistuneiden yksityis- ja ammattihenkilöiden tiedot. Kenttään kirjataan osallistujien nimet ja kuvataan osallistujan suhde asiakkaaseen tai rooli asiassa. Ammattihenkilöltä kirjataan organisaatio ja tehtävänimike."
                    },
                    {
                      "lang": "sv",
                      "value": "I fältet antecknas uppgifter om privatpersonerna och de yrkesutbildade personerna som deltog i överläggningen. I fältet antecknas deltagarnas namn och deras relation till klienten eller roll i ärendet. För en yrkesutbildad person antecknas organisationen och uppgiftsbeteckningen."
                    }
                  ],
                  "representation": [
                    {
                      "lang": "fi",
                      "value": "Teksti"
                    },
                    {
                      "lang": "sv",
                      "value": "Text"
                    }
                  ],
                  "repeatable": false,
                  "required": false,
                  "conditionalRequired": false,
                  "nationwideRecordedInformation": false,
                  "hiddenField": false,
                  "hiddenTitle": false,
                  "rowNumber": 9
                }
              }
            }
          }
        },
        "kuvaus_lapsen_tai_nuoren_tilanteesta": {
          "type": "string",
          "sosmeta": {
            "name": [
              {
                "lang": "fi",
                "value": "Kuvaus lapsen tai nuoren tilanteesta"
              },
              {
                "lang": "sv",
                "value": "Beskrivning av barnets eller den ungas situation"
              }
            ],
            "representation": [
              {
                "lang": "fi",
                "value": "Teksti"
              },
              {
                "lang": "sv",
                "value": "Text"
              }
            ],
            "repeatable": false,
            "required": false,
            "conditionalRequired": false,
            "nationwideRecordedInformation": false,
            "hiddenField": false,
            "hiddenTitle": false,
            "rowNumber": 10
          }
        },
        "tukisuhteeseen_vaikuttavat_tiedot": {
          "type": "string",
          "sosmeta": {
            "name": [
              {
                "lang": "fi",
                "value": "Tukisuhteeseen vaikuttavat tiedot"
              },
              {
                "lang": "sv",
                "value": "Uppgifter som påverkar stödrelationen"
              }
            ],
            "description": [
              {
                "lang": "fi",
                "value": "Kenttään kuvataan sellaisia tietoja lapsesta tai nuoresta ja hänen perheestään, jotka ovat oleellisia tukisuhteen näkökulmasta. Voidaan esimerkiksi kuvata lapsen tai nuoren ja perheen erityistarpeita, lapsen hoitoon vaikuttavia olennaisia tietoja ja lapsen perhetilanteesta johtuvia asioita, joilla on vaikutusta lapsen hoitoon. Kenttään voidaan kuvata tarvittaessa myös mahdollisia lapsen kokemia traumoja tai kriisejä."
              },
              {
                "lang": "sv",
                "value": "I fältet beskrivs sådana uppgifter om barnet eller den unga och familjen som är väsentliga med tanke på stödrelationen. Man kan till exempel beskriva barnets eller den ungas och familjens särskilda behov, väsentliga uppgifter som påverkar vården av barnet och faktorer som beror på barnets familjesituation och som påverkar vården av barnet. I fältet kan man vid behov också beskriva eventuella trauman eller kriser som barnet upplevt."
              }
            ],
            "representation": [
              {
                "lang": "fi",
                "value": "Teksti"
              },
              {
                "lang": "sv",
                "value": "Text"
              }
            ],
            "repeatable": false,
            "required": false,
            "conditionalRequired": false,
            "nationwideRecordedInformation": false,
            "hiddenField": false,
            "hiddenTitle": false,
            "rowNumber": 11
          }
        },
        "lapsen_tai_nuoren_sairaudet": {
          "type": "string",
          "sosmeta": {
            "name": [
              {
                "lang": "fi",
                "value": "Lapsen tai nuoren sairaudet"
              },
              {
                "lang": "sv",
                "value": "Barnets eller den ungas sjukdomar"
              }
            ],
            "description": [
              {
                "lang": "fi",
                "value": "Kenttään kirjataan tukisuhdetoiminnan kannalta olennaiset tiedot sairauksista ja allergioista."
              },
              {
                "lang": "sv",
                "value": "I fältet antecknas uppgifter om sjukdomar och allergier som är väsentliga med tanke på stödrelationen."
              }
            ],
            "representation": [
              {
                "lang": "fi",
                "value": "Teksti"
              },
              {
                "lang": "sv",
                "value": "Text"
              }
            ],
            "repeatable": false,
            "required": false,
            "conditionalRequired": false,
            "nationwideRecordedInformation": false,
            "hiddenField": false,
            "hiddenTitle": false,
            "rowNumber": 12
          }
        },
        "sopimuksen_toimiminen": {
          "type": "string",
          "sosmeta": {
            "name": [
              {
                "lang": "fi",
                "value": "Sopimuksen toimiminen"
              },
              {
                "lang": "sv",
                "value": "Hur avtalet fungerar"
              }
            ],
            "title": [
              {
                "lang": "fi",
                "value": "Tukiperhe- tai tukihenkilösopimuksen toimiminen käytännössä"
              },
              {
                "lang": "sv",
                "value": "Hur avtalet om stödfamilj eller stödperson fungerar i praktiken"
              }
            ],
            "description": [
              {
                "lang": "fi",
                "value": "Kenttää ei käytetä ensimmäisessä suunnitelmassa."
              },
              {
                "lang": "sv",
                "value": "Fältet används inte vid den första planen."
              }
            ],
            "representation": [
              {
                "lang": "fi",
                "value": "Teksti"
              },
              {
                "lang": "sv",
                "value": "Text"
              }
            ],
            "repeatable": false,
            "required": false,
            "conditionalRequired": false,
            "nationwideRecordedInformation": false,
            "hiddenField": false,
            "hiddenTitle": false,
            "rowNumber": 13
          }
        },
        "lapsen_tai_nuoren_kokemukset": {
          "type": "string",
          "sosmeta": {
            "name": [
              {
                "lang": "fi",
                "value": "Lapsen tai nuoren kokemukset"
              },
              {
                "lang": "sv",
                "value": "Barnets eller den ungas erfarenheter"
              }
            ],
            "title": [
              {
                "lang": "fi",
                "value": "Lapsen tai nuoren kokemukset tukiperhe- tai tukihenkilötoiminnasta"
              },
              {
                "lang": "sv",
                "value": "Barnets eller den ungas erfarenheter av stödfamiljs- eller stödpersonsverksamhet"
              }
            ],
            "description": [
              {
                "lang": "fi",
                "value": "Kenttää ei käytetä ensimmäisessä suunnitelmassa"
              },
              {
                "lang": "sv",
                "value": "Fältet används inte vid den första planen"
              }
            ],
            "representation": [
              {
                "lang": "fi",
                "value": "Teksti"
              },
              {
                "lang": "sv",
                "value": "Text"
              }
            ],
            "repeatable": false,
            "required": false,
            "conditionalRequired": false,
            "nationwideRecordedInformation": false,
            "hiddenField": false,
            "hiddenTitle": false,
            "rowNumber": 14
          }
        },
        "vanhempien_kokemukset": {
          "type": "string",
          "sosmeta": {
            "name": [
              {
                "lang": "fi",
                "value": "Vanhempien kokemukset"
              },
              {
                "lang": "sv",
                "value": "Föräldrarnas erfarenheter"
              }
            ],
            "title": [
              {
                "lang": "fi",
                "value": "Vanhempien kokemukset tukiperhe- tai tukihenkilötoiminnasta"
              },
              {
                "lang": "sv",
                "value": "Föräldrarnas erfarenheter av stödfamiljs- eller stödpersonsverksamhet"
              }
            ],
            "description": [
              {
                "lang": "fi",
                "value": "Kenttää ei käytetä ensimmäisessä suunnitelmassa"
              },
              {
                "lang": "sv",
                "value": "Fältet används inte vid den första planen"
              }
            ],
            "representation": [
              {
                "lang": "fi",
                "value": "Teksti"
              },
              {
                "lang": "sv",
                "value": "Text"
              }
            ],
            "repeatable": false,
            "required": false,
            "conditionalRequired": false,
            "nationwideRecordedInformation": false,
            "hiddenField": false,
            "hiddenTitle": false,
            "rowNumber": 15
          }
        },
        "tukiperheen_tai_tukihenkilon_kokemukset": {
          "type": "string",
          "sosmeta": {
            "name": [
              {
                "lang": "fi",
                "value": "Tukiperheen tai tukihenkilön kokemukset"
              },
              {
                "lang": "sv",
                "value": "Stödfamiljens eller stödpersonens erfarenheter"
              }
            ],
            "description": [
              {
                "lang": "fi",
                "value": "Kenttää ei käytetä ensimmäisessä suunnitelmassa."
              },
              {
                "lang": "sv",
                "value": "Fältet används inte vid den första planen."
              }
            ],
            "representation": [
              {
                "lang": "fi",
                "value": "Teksti"
              },
              {
                "lang": "sv",
                "value": "Text"
              }
            ],
            "repeatable": false,
            "required": false,
            "conditionalRequired": false,
            "nationwideRecordedInformation": false,
            "hiddenField": false,
            "hiddenTitle": false,
            "rowNumber": 16
          }
        },
        "sosiaalihuollon_ammattihenkilon_nakemys": {
          "type": "string",
          "sosmeta": {
            "name": [
              {
                "lang": "fi",
                "value": "Sosiaalihuollon ammattihenkilön näkemys"
              },
              {
                "lang": "sv",
                "value": "Åsikt hos en yrkesutbildad person inom socialvården"
              }
            ],
            "title": [
              {
                "lang": "fi",
                "value": "Sosiaalihuollon ammattihenkilön näkemys tukiperhe- tai tukihenkilötoiminnasta"
              },
              {
                "lang": "sv",
                "value": "Åsikt hos den yrkesutbildade personen inom socialvården om stödfamiljs- eller stödpersonsverksamheten"
              }
            ],
            "description": [
              {
                "lang": "fi",
                "value": "Kenttää ei käytetä ensimmäisessä suunnitelmassa."
              },
              {
                "lang": "sv",
                "value": "Fältet används inte vid den första planen."
              }
            ],
            "representation": [
              {
                "lang": "fi",
                "value": "Teksti"
              },
              {
                "lang": "sv",
                "value": "Text"
              }
            ],
            "repeatable": false,
            "required": false,
            "conditionalRequired": false,
            "nationwideRecordedInformation": false,
            "hiddenField": false,
            "hiddenTitle": false,
            "rowNumber": 17
          }
        },
        "edellisen_suunnitelman_tavoitteiden_saavuttaminen": {
          "type": "object",
          "additionalProperties": false,
          "sosmeta": {
            "name": [
              {
                "lang": "fi",
                "value": "Edellisen suunnitelman tavoitteiden saavuttaminen"
              },
              {
                "lang": "sv",
                "value": "Uppnående av målen i föregående plan"
              }
            ],
            "description": [
              {
                "lang": "fi",
                "value": "Tähän kirjataan kuinka edellisessä suunnitelmassa asetut tavoitteet on kokonaisuudessaan saavutettu."
              },
              {
                "lang": "sv",
                "value": "Här antecknar man hur de mål som fastställdes i den föregående planen har uppnåtts i sin helhet."
              }
            ],
            "repeatable": false,
            "required": false,
            "conditionalRequired": false,
            "nationwideRecordedInformation": false,
            "hiddenField": false,
            "hiddenTitle": false,
            "rowNumber": 18
          },
          "required": [],
          "properties": {
            "arvio": {
              "type": "object",
              "additionalProperties": false,
              "sosmeta": {
                "name": [
                  {
                    "lang": "fi",
                    "value": "Arvio"
                  },
                  {
                    "lang": "sv",
                    "value": "Bedömning"
                  }
                ],
                "description": [
                  {
                    "lang": "fi",
                    "value": "Kenttään kirjataan luokituksen avulla arvio edellisessä suunnitelmassa asetettujen tavoitteiden saavuttamisesta."
                  },
                  {
                    "lang": "sv",
                    "value": "I fältet antecknas en bedömning av hur målen som fastställts i tidigare planen har uppnåtts med hjälp av klassificeringen."
                  }
                ],
                "classification": [
                  {
                    "lang": "fi",
                    "value": "Koodistopalvelin: Sosiaalihuolto - Tavoitteiden saavuttamisen arvio"
                  }
                ],
                "classificationLink": [
                  {
                    "lang": "",
                    "value": "https://koodistopalvelu.kanta.fi/codeserver/pages/classification-view-page.xhtml?classificationKey\u003d1806\u0026versionKey\u003d2046"
                  }
                ],
                "classificationOid": [
                  {
                    "lang": "",
                    "value": "1.2.246.537.6.1253"
                  }
                ],
                "representation": [
                  {
                    "lang": "fi",
                    "value": "Koodi"
                  },
                  {
                    "lang": "sv",
                    "value": "Kod"
                  }
                ],
                "repeatable": false,
                "required": false,
                "conditionalRequired": false,
                "nationwideRecordedInformation": true,
                "hiddenField": false,
                "hiddenTitle": false,
                "rowNumber": 19
              },
              "required": [
                "system",
                "code",
                "display"
              ],
              "properties": {
                "system": {
                  "type": "string",
                  "pattern": "^urn:oid:1\\.2\\.246\\.537\\.6\\.1253(\\.\\d+)*$"
                },
                "code": {
                  "type": "string"
                },
                "display": {
                  "type": "string"
                }
              }
            },
            "sanallinen_arvio": {
              "type": "string",
              "sosmeta": {
                "name": [
                  {
                    "lang": "fi",
                    "value": "Sanallinen arvio"
                  },
                  {
                    "lang": "sv",
                    "value": "Verbal bedömning"
                  }
                ],
                "description": [
                  {
                    "lang": "fi",
                    "value": "Kenttään kuvataan tekstinä edellisessä suunnitelmassa asetettujen tavoitteiden saavuttamista."
                  },
                  {
                    "lang": "sv",
                    "value": "I fältet beskriver man i textform hur de mål som fastställdes i den föregående planen har uppnåtts."
                  }
                ],
                "representation": [
                  {
                    "lang": "fi",
                    "value": "Teksti"
                  },
                  {
                    "lang": "sv",
                    "value": "Text"
                  }
                ],
                "repeatable": false,
                "required": false,
                "conditionalRequired": false,
                "nationwideRecordedInformation": false,
                "hiddenField": false,
                "hiddenTitle": false,
                "rowNumber": 20
              }
            }
          }
        },
        "asetettavat_tavoitteet": {
          "type": "array",
          "minItems": 0,
          "items": {
            "type": "object",
            "additionalProperties": false,
            "sosmeta": {
              "name": [
                {
                  "lang": "fi",
                  "value": "Asetettavat tavoitteet"
                },
                {
                  "lang": "sv",
                  "value": "Mål som ska fastställas"
                }
              ],
              "description": [
                {
                  "lang": "fi",
                  "value": "Tähän kirjataan yksitellen tukisuhdetoiminnalle asetettavat tavoitteet. Tietokokonaisuus toistuu niin monta kertaa kuin tavoitteita asetetaan."
                },
                {
                  "lang": "sv",
                  "value": "Här antecknas målen för stödrelationsverksamheten var för sig. Uppgiftshelheten upprepas lika många gånger som antalet mål som fastställs."
                }
              ],
              "implementationNote": [
                {
                  "lang": "fi",
                  "value": "Otsikko näytetään vain kerran, vaikka tietokokonaisuus toistuu."
                },
                {
                  "lang": "sv",
                  "value": "Otsikko näytetään vain kerran, vaikka tietokokonaisuus toistuu."
                }
              ],
              "repeatable": true,
              "required": false,
              "conditionalRequired": false,
              "nationwideRecordedInformation": false,
              "hiddenField": false,
              "hiddenTitle": false,
              "rowNumber": 21
            },
            "required": [],
            "properties": {
              "nimi": {
                "type": "string",
                "sosmeta": {
                  "name": [
                    {
                      "lang": "fi",
                      "value": "Nimi"
                    },
                    {
                      "lang": "sv",
                      "value": "Namn"
                    }
                  ],
                  "description": [
                    {
                      "lang": "fi",
                      "value": "Kenttään kirjataan tavoitteen nimi."
                    },
                    {
                      "lang": "sv",
                      "value": "I fältet antecknas namnet på målet."
                    }
                  ],
                  "representation": [
                    {
                      "lang": "fi",
                      "value": "Nimi"
                    },
                    {
                      "lang": "sv",
                      "value": "Namn"
                    }
                  ],
                  "repeatable": false,
                  "required": false,
                  "conditionalRequired": false,
                  "nationwideRecordedInformation": false,
                  "hiddenField": false,
                  "hiddenTitle": false,
                  "rowNumber": 22
                }
              },
              "kuvaus": {
                "type": "string",
                "sosmeta": {
                  "name": [
                    {
                      "lang": "fi",
                      "value": "Kuvaus"
                    },
                    {
                      "lang": "sv",
                      "value": "Beskrivning"
                    }
                  ],
                  "description": [
                    {
                      "lang": "fi",
                      "value": "Kenttään kuvataan tekstinä tavoitetta."
                    },
                    {
                      "lang": "sv",
                      "value": "I fältet beskrivs målet i textform."
                    }
                  ],
                  "representation": [
                    {
                      "lang": "fi",
                      "value": "Teksti"
                    },
                    {
                      "lang": "sv",
                      "value": "Text"
                    }
                  ],
                  "repeatable": false,
                  "required": false,
                  "conditionalRequired": false,
                  "nationwideRecordedInformation": false,
                  "hiddenField": false,
                  "hiddenTitle": false,
                  "rowNumber": 23
                }
              },
              "keinot_ja_aikataulu_tavoitteen_saavuttamiseksi": {
                "type": "string",
                "sosmeta": {
                  "name": [
                    {
                      "lang": "fi",
                      "value": "Keinot ja aikataulu tavoitteen saavuttamiseksi"
                    },
                    {
                      "lang": "sv",
                      "value": "Metoder och tidtabell för uppnåendet av målet"
                    }
                  ],
                  "description": [
                    {
                      "lang": "fi",
                      "value": "Kenttään kuvataan keinoja, joiden avulla tavoite pyritään saavuttamaan sekä aikataulu tavoitteen saavuttamiselle."
                    },
                    {
                      "lang": "sv",
                      "value": "I fältet beskrivs metoder, med vars hjälp man försöker uppnå målet och en tidtabell för att uppnå målet."
                    }
                  ],
                  "representation": [
                    {
                      "lang": "fi",
                      "value": "Teksti"
                    },
                    {
                      "lang": "sv",
                      "value": "Text"
                    }
                  ],
                  "repeatable": false,
                  "required": false,
                  "conditionalRequired": false,
                  "nationwideRecordedInformation": false,
                  "hiddenField": false,
                  "hiddenTitle": false,
                  "rowNumber": 24
                }
              }
            }
          }
        },
        "tukiperhe__tai_tukihenkilotoiminnan_kaytannon_toteutus": {
          "type": "object",
          "additionalProperties": false,
          "sosmeta": {
            "name": [
              {
                "lang": "fi",
                "value": "Tukiperhe- tai tukihenkilötoiminnan käytännön toteutus"
              },
              {
                "lang": "sv",
                "value": "Genomförande av stödfamiljs- eller stödpersonsverksamheten i praktiken"
              }
            ],
            "representation": [
              {
                "lang": "fi",
                "value": "Otsikko"
              },
              {
                "lang": "sv",
                "value": "Rubrik"
              }
            ],
            "repeatable": false,
            "required": false,
            "conditionalRequired": false,
            "nationwideRecordedInformation": false,
            "hiddenField": false,
            "hiddenTitle": false,
            "rowNumber": 25
          },
          "required": [],
          "properties": {
            "kayntien_maara_ja_ajankohta": {
              "type": "string",
              "sosmeta": {
                "name": [
                  {
                    "lang": "fi",
                    "value": "Käyntien määrä ja ajankohta"
                  },
                  {
                    "lang": "sv",
                    "value": "Antal besök och tidpunkt"
                  }
                ],
                "representation": [
                  {
                    "lang": "fi",
                    "value": "Teksti"
                  },
                  {
                    "lang": "sv",
                    "value": "Text"
                  }
                ],
                "repeatable": false,
                "required": false,
                "conditionalRequired": false,
                "nationwideRecordedInformation": false,
                "hiddenField": false,
                "hiddenTitle": false,
                "rowNumber": 26
              }
            },
            "kuljetuksesta_sopiminen": {
              "type": "string",
              "sosmeta": {
                "name": [
                  {
                    "lang": "fi",
                    "value": "Kuljetuksesta sopiminen"
                  },
                  {
                    "lang": "sv",
                    "value": "Avtal om transport"
                  }
                ],
                "title": [
                  {
                    "lang": "fi",
                    "value": "Tieto siitä, kuka vastaa lapsen kuljettamisesta tukiperheeseen tai tapaamisiin"
                  },
                  {
                    "lang": "sv",
                    "value": "Uppgifter om vem som ansvarar för transporten av barnet till stödfamiljen eller till träffarna"
                  }
                ],
                "representation": [
                  {
                    "lang": "fi",
                    "value": "Teksti"
                  },
                  {
                    "lang": "sv",
                    "value": "Text"
                  }
                ],
                "repeatable": false,
                "required": false,
                "conditionalRequired": false,
                "nationwideRecordedInformation": false,
                "hiddenField": false,
                "hiddenTitle": false,
                "rowNumber": 27
              }
            },
            "yhteydenotto": {
              "type": "string",
              "sosmeta": {
                "name": [
                  {
                    "lang": "fi",
                    "value": "Yhteydenotto"
                  },
                  {
                    "lang": "sv",
                    "value": "Kontakt"
                  }
                ],
                "title": [
                  {
                    "lang": "fi",
                    "value": "Tieto siitä, miten osapuolet ottavat toisiinsa yhteyttä ja miten tapaamisista sovitaan"
                  },
                  {
                    "lang": "sv",
                    "value": "Uppgifter om hur parterna kontaktar varandra och hur man kommer överens om träffarna"
                  }
                ],
                "representation": [
                  {
                    "lang": "fi",
                    "value": "Teksti"
                  },
                  {
                    "lang": "sv",
                    "value": "Text"
                  }
                ],
                "repeatable": false,
                "required": false,
                "conditionalRequired": false,
                "nationwideRecordedInformation": false,
                "hiddenField": false,
                "hiddenTitle": false,
                "rowNumber": 28
              }
            }
          }
        },
        "tukisuhdetoiminnan_vastuuhenkilo": {
          "type": "object",
          "additionalProperties": false,
          "sosmeta": {
            "name": [
              {
                "lang": "fi",
                "value": "Tukisuhdetoiminnan vastuuhenkilö"
              },
              {
                "lang": "sv",
                "value": "Ansvarig person för stödrelationsverksamheten"
              }
            ],
            "description": [
              {
                "lang": "fi",
                "value": "-"
              },
              {
                "lang": "sv",
                "value": "-"
              }
            ],
            "repeatable": false,
            "required": false,
            "conditionalRequired": false,
            "nationwideRecordedInformation": false,
            "hiddenField": false,
            "hiddenTitle": false,
            "rowNumber": 29
          },
          "required": [
            "sukunimi",
            "etunimet"
          ],
          "properties": {
            "sukunimi": {
              "type": "string",
              "minLength": 1,
              "sosmeta": {
                "name": [
                  {
                    "lang": "fi",
                    "value": "Sukunimi"
                  },
                  {
                    "lang": "sv",
                    "value": "Efternamn"
                  }
                ],
                "description": [
                  {
                    "lang": "fi",
                    "value": "-"
                  },
                  {
                    "lang": "sv",
                    "value": "-"
                  }
                ],
                "representation": [
                  {
                    "lang": "fi",
                    "value": "Nimi"
                  },
                  {
                    "lang": "sv",
                    "value": "Namn"
                  }
                ],
                "repeatable": false,
                "required": true,
                "conditionalRequired": false,
                "nationwideRecordedInformation": false,
                "hiddenField": false,
                "hiddenTitle": false,
                "rowNumber": 30
              }
            },
            "etunimet": {
              "type": "string",
              "minLength": 1,
              "sosmeta": {
                "name": [
                  {
                    "lang": "fi",
                    "value": "Etunimet"
                  },
                  {
                    "lang": "sv",
                    "value": "Samtliga förnamn"
                  }
                ],
                "description": [
                  {
                    "lang": "fi",
                    "value": "-"
                  },
                  {
                    "lang": "sv",
                    "value": "-"
                  }
                ],
                "representation": [
                  {
                    "lang": "fi",
                    "value": "Nimi"
                  },
                  {
                    "lang": "sv",
                    "value": "Namn"
                  }
                ],
                "repeatable": false,
                "required": true,
                "conditionalRequired": false,
                "nationwideRecordedInformation": false,
                "hiddenField": false,
                "hiddenTitle": false,
                "rowNumber": 31
              }
            },
            "yhteystiedot": {
              "type": "object",
              "additionalProperties": false,
              "sosmeta": {
                "name": [
                  {
                    "lang": "fi",
                    "value": "Yhteystiedot"
                  },
                  {
                    "lang": "sv",
                    "value": "Kontaktuppgifter"
                  }
                ],
                "description": [
                  {
                    "lang": "fi",
                    "value": "-"
                  },
                  {
                    "lang": "sv",
                    "value": "-"
                  }
                ],
                "example": [
                  {
                    "lang": "fi",
                    "value": "-"
                  },
                  {
                    "lang": "sv",
                    "value": "-"
                  }
                ],
                "repeatable": false,
                "required": false,
                "conditionalRequired": false,
                "nationwideRecordedInformation": false,
                "hiddenField": false,
                "hiddenTitle": false,
                "rowNumber": 32
              },
              "required": [],
              "properties": {
                "puhelinnumero": {
                  "type": "string",
                  "sosmeta": {
                    "name": [
                      {
                        "lang": "fi",
                        "value": "Puhelinnumero"
                      },
                      {
                        "lang": "sv",
                        "value": "Telefonnummer"
                      }
                    ],
                    "description": [
                      {
                        "lang": "fi",
                        "value": "-"
                      },
                      {
                        "lang": "sv",
                        "value": "-"
                      }
                    ],
                    "example": [
                      {
                        "lang": "fi",
                        "value": "-"
                      },
                      {
                        "lang": "sv",
                        "value": "-"
                      }
                    ],
                    "representation": [
                      {
                        "lang": "fi",
                        "value": "Teksti"
                      },
                      {
                        "lang": "sv",
                        "value": "Text"
                      }
                    ],
                    "repeatable": false,
                    "required": false,
                    "conditionalRequired": false,
                    "nationwideRecordedInformation": false,
                    "hiddenField": false,
                    "hiddenTitle": false,
                    "rowNumber": 33
                  }
                }
              }
            }
          }
        },
        "osallistujien_eriavat_nakemykset": {
          "type": "string",
          "sosmeta": {
            "name": [
              {
                "lang": "fi",
                "value": "Osallistujien eriävät näkemykset"
              },
              {
                "lang": "sv",
                "value": "Deltagarnas avvikande åsikter"
              }
            ],
            "title": [
              {
                "lang": "fi",
                "value": "Suunnitelman tekoon osallistuneiden henkilöiden eriävät näkemykset suunnitelman sisällöstä"
              },
              {
                "lang": "sv",
                "value": "Avvikande åsikter om planens innehåll bland de personer som har medverkat i utarbetandet av planen"
              }
            ],
            "description": [
              {
                "lang": "fi",
                "value": "Kenttään kuvataan suunnitelmaan tekoon osallistuneiden henkilöiden eriäviä näkemyksiä tai mielipiteitä suunnitelman sisällön suhteen."
              },
              {
                "lang": "sv",
                "value": "I fältet antecknas avvikande åsikter om planens innehåll bland de personer som har medverkat i utarbetandet av planen."
              }
            ],
            "representation": [
              {
                "lang": "fi",
                "value": "Teksti"
              },
              {
                "lang": "sv",
                "value": "Text"
              }
            ],
            "repeatable": false,
            "required": false,
            "conditionalRequired": false,
            "nationwideRecordedInformation": false,
            "hiddenField": false,
            "hiddenTitle": false,
            "rowNumber": 34
          }
        },
        "sopimuksen_paattymispaiva": {
          "type": "string",
          "pattern": "^-?[0-9]{4}(-(0[1-9]|1[0-2])(-(0[0-9]|[1-2][0-9]|3[0-1]))?)?$",
          "sosmeta": {
            "name": [
              {
                "lang": "fi",
                "value": "Sopimuksen päättymispäivä"
              },
              {
                "lang": "sv",
                "value": "Avtalets slutdatum"
              }
            ],
            "representation": [
              {
                "lang": "fi",
                "value": "Pvm"
              },
              {
                "lang": "sv",
                "value": "Datum"
              }
            ],
            "repeatable": false,
            "required": false,
            "conditionalRequired": false,
            "nationwideRecordedInformation": true,
            "hiddenField": false,
            "hiddenTitle": false,
            "rowNumber": 35
          }
        },
        "suunnitelman_tarkistaminen": {
          "type": "object",
          "additionalProperties": false,
          "sosmeta": {
            "name": [
              {
                "lang": "fi",
                "value": "Suunnitelman tarkistaminen"
              },
              {
                "lang": "sv",
                "value": "Granskning av planen"
              }
            ],
            "description": [
              {
                "lang": "fi",
                "value": "Tähän kirjataan tiedot seuraavasta neuvottelusta, jossa suunnitelma tarkistetaan."
              },
              {
                "lang": "sv",
                "value": "Här antecknas uppgifter om följande överläggning där planen granskas."
              }
            ],
            "repeatable": false,
            "required": false,
            "conditionalRequired": false,
            "nationwideRecordedInformation": false,
            "hiddenField": false,
            "hiddenTitle": false,
            "rowNumber": 36
          },
          "required": [],
          "properties": {
            "paivamaara_ja_kellonaika": {
              "type": "string",
              "pattern": "^-?[0-9]{4}(-(0[1-9]|1[0-2])(-(0[0-9]|[1-2][0-9]|3[0-1])(T([01][0-9]|2[0-3]):[0-5][0-9]:[0-5][0-9](\\.[0-9]+)?(Z|(\\+|-)((0[0-9]|1[0-3]):[0-5][0-9]|14:00)))?)?)?$",
              "sosmeta": {
                "name": [
                  {
                    "lang": "fi",
                    "value": "Päivämäärä ja kellonaika"
                  },
                  {
                    "lang": "sv",
                    "value": "Datum och klockslag"
                  }
                ],
                "description": [
                  {
                    "lang": "fi",
                    "value": "Kenttään kirjataan seuraavan neuvottelun päivämäärä ja kellonaika, jos ne tiedetään."
                  },
                  {
                    "lang": "sv",
                    "value": "I fältet antecknas datum och klockslag för följande överläggning, om detta redan är känt."
                  }
                ],
                "representation": [
                  {
                    "lang": "fi",
                    "value": "Hetki"
                  },
                  {
                    "lang": "sv",
                    "value": "Datum och klockslag"
                  }
                ],
                "repeatable": false,
                "required": false,
                "conditionalRequired": false,
                "nationwideRecordedInformation": true,
                "hiddenField": false,
                "hiddenTitle": false,
                "rowNumber": 37
              }
            },
            "ajankohta": {
              "type": "string",
              "sosmeta": {
                "name": [
                  {
                    "lang": "fi",
                    "value": "Ajankohta"
                  },
                  {
                    "lang": "sv",
                    "value": "Tidpunkt"
                  }
                ],
                "description": [
                  {
                    "lang": "fi",
                    "value": "Kenttään kirjataan tekstinä neuvottelun suunniteltu ajankohta silloin, kun tarkkaa päivämäärää ja kellonaikaa ei sovita."
                  },
                  {
                    "lang": "sv",
                    "value": "I fältet antecknas i textform den planerade tidpunkten för överläggningen, om exakt datum och klockslag inte avtalas."
                  }
                ],
                "example": [
                  {
                    "lang": "fi",
                    "value": "Syyskuussa 2020."
                  },
                  {
                    "lang": "sv",
                    "value": "September 2020."
                  }
                ],
                "representation": [
                  {
                    "lang": "fi",
                    "value": "Teksti"
                  },
                  {
                    "lang": "sv",
                    "value": "Text"
                  }
                ],
                "repeatable": false,
                "required": false,
                "conditionalRequired": false,
                "nationwideRecordedInformation": false,
                "hiddenField": false,
                "hiddenTitle": false,
                "rowNumber": 38
              }
            },
            "paikka": {
              "type": "string",
              "sosmeta": {
                "name": [
                  {
                    "lang": "fi",
                    "value": "Paikka"
                  },
                  {
                    "lang": "sv",
                    "value": "Plats"
                  }
                ],
                "description": [
                  {
                    "lang": "fi",
                    "value": "Kenttään kirjataan neuvottelupaikka."
                  },
                  {
                    "lang": "sv",
                    "value": "I fältet antecknas platsen för överläggningen."
                  }
                ],
                "example": [
                  {
                    "lang": "fi",
                    "value": "-"
                  },
                  {
                    "lang": "sv",
                    "value": "-"
                  }
                ],
                "representation": [
                  {
                    "lang": "fi",
                    "value": "Teksti"
                  },
                  {
                    "lang": "sv",
                    "value": "Text"
                  }
                ],
                "repeatable": false,
                "required": false,
                "conditionalRequired": false,
                "nationwideRecordedInformation": false,
                "hiddenField": false,
                "hiddenTitle": false,
                "rowNumber": 39
              }
            }
          }
        },
        "jakelu": {
          "type": "string",
          "sosmeta": {
            "name": [
              {
                "lang": "fi",
                "value": "Jakelu"
              },
              {
                "lang": "sv",
                "value": "Sändlista"
              }
            ],
            "title": [
              {
                "lang": "fi",
                "value": "Henkilöt joille tämä suunnitelma toimitetaan"
              },
              {
                "lang": "sv",
                "value": "Personer som planen ska ges till"
              }
            ],
            "representation": [
              {
                "lang": "fi",
                "value": "Teksti"
              },
              {
                "lang": "sv",
                "value": "Text"
              }
            ],
            "repeatable": false,
            "required": false,
            "conditionalRequired": false,
            "nationwideRecordedInformation": false,
            "hiddenField": false,
            "hiddenTitle": false,
            "rowNumber": 40
          }
        },
        "lakiselostus": {
          "type": "string",
          "sosmeta": {
            "name": [
              {
                "lang": "fi",
                "value": "Lakiselostus"
              },
              {
                "lang": "sv",
                "value": "Lagförklaring"
              }
            ],
            "implementationNote": [
              {
                "lang": "fi",
                "value": "Kentässä voidaan käyttää automaattitekstiä, jonka organisaatio itse yhdessä tietojärjestelmätoimittajan kanssa laativat. THL ei vastaa kentän automaattitekstien tuottamisesta."
              },
              {
                "lang": "sv",
                "value": "Kentässä voidaan käyttää automaattitekstiä, jonka organisaatio itse yhdessä tietojärjestelmätoimittajan kanssa laativat. THL ei vastaa kentän automaattitekstien tuottamisesta."
              }
            ],
            "representation": [
              {
                "lang": "fi",
                "value": "Teksti"
              },
              {
                "lang": "sv",
                "value": "Text"
              }
            ],
            "repeatable": false,
            "required": false,
            "conditionalRequired": false,
            "nationwideRecordedInformation": false,
            "hiddenField": false,
            "hiddenTitle": false,
            "rowNumber": 41
          }
        },
        "paivamaara": {
          "type": "string",
          "pattern": "^-?[0-9]{4}(-(0[1-9]|1[0-2])(-(0[0-9]|[1-2][0-9]|3[0-1]))?)?$",
          "sosmeta": {
            "name": [
              {
                "lang": "fi",
                "value": "Päivämäärä"
              },
              {
                "lang": "sv",
                "value": "Datum"
              }
            ],
            "description": [
              {
                "lang": "fi",
                "value": "Kenttään kirjataan suunnitelman laatimisen päivämäärä."
              },
              {
                "lang": "sv",
                "value": "I fältet antecknas datum för upprättandet av planen."
              }
            ],
            "representation": [
              {
                "lang": "fi",
                "value": "Pvm"
              },
              {
                "lang": "sv",
                "value": "Datum"
              }
            ],
            "repeatable": false,
            "required": false,
            "conditionalRequired": false,
            "nationwideRecordedInformation": true,
            "hiddenField": false,
            "hiddenTitle": false,
            "rowNumber": 42
          }
        },
        "laatija": {
          "type": "array",
          "minItems": 1,
          "items": {
            "type": "object",
            "additionalProperties": false,
            "sosmeta": {
              "name": [
                {
                  "lang": "fi",
                  "value": "Laatija"
                },
                {
                  "lang": "sv",
                  "value": "Upprättare"
                }
              ],
              "description": [
                {
                  "lang": "fi",
                  "value": "-"
                },
                {
                  "lang": "sv",
                  "value": "-"
                }
              ],
              "repeatable": true,
              "required": true,
              "conditionalRequired": false,
              "nationwideRecordedInformation": false,
              "hiddenField": false,
              "hiddenTitle": false,
              "rowNumber": 43
            },
            "required": [
              "sukunimi",
              "etunimet"
            ],
            "properties": {
              "sukunimi": {
                "type": "string",
                "minLength": 1,
                "sosmeta": {
                  "name": [
                    {
                      "lang": "fi",
                      "value": "Sukunimi"
                    },
                    {
                      "lang": "sv",
                      "value": "Efternamn"
                    }
                  ],
                  "description": [
                    {
                      "lang": "fi",
                      "value": "-"
                    },
                    {
                      "lang": "sv",
                      "value": "-"
                    }
                  ],
                  "representation": [
                    {
                      "lang": "fi",
                      "value": "Nimi"
                    },
                    {
                      "lang": "sv",
                      "value": "Namn"
                    }
                  ],
                  "repeatable": false,
                  "required": true,
                  "conditionalRequired": false,
                  "nationwideRecordedInformation": false,
                  "hiddenField": false,
                  "hiddenTitle": false,
                  "rowNumber": 44
                }
              },
              "etunimet": {
                "type": "string",
                "minLength": 1,
                "sosmeta": {
                  "name": [
                    {
                      "lang": "fi",
                      "value": "Etunimet"
                    },
                    {
                      "lang": "sv",
                      "value": "Samtliga förnamn"
                    }
                  ],
                  "description": [
                    {
                      "lang": "fi",
                      "value": "-"
                    },
                    {
                      "lang": "sv",
                      "value": "-"
                    }
                  ],
                  "representation": [
                    {
                      "lang": "fi",
                      "value": "Nimi"
                    },
                    {
                      "lang": "sv",
                      "value": "Namn"
                    }
                  ],
                  "repeatable": false,
                  "required": true,
                  "conditionalRequired": false,
                  "nationwideRecordedInformation": false,
                  "hiddenField": false,
                  "hiddenTitle": false,
                  "rowNumber": 45
                }
              },
              "tehtavanimike": {
                "type": "string",
                "sosmeta": {
                  "name": [
                    {
                      "lang": "fi",
                      "value": "Tehtävänimike"
                    },
                    {
                      "lang": "sv",
                      "value": "Uppgiftsbeteckning"
                    }
                  ],
                  "description": [
                    {
                      "lang": "fi",
                      "value": "-"
                    },
                    {
                      "lang": "sv",
                      "value": "-"
                    }
                  ],
                  "example": [
                    {
                      "lang": "fi",
                      "value": "-"
                    },
                    {
                      "lang": "sv",
                      "value": "-"
                    }
                  ],
                  "representation": [
                    {
                      "lang": "fi",
                      "value": "Teksti"
                    },
                    {
                      "lang": "sv",
                      "value": "Text"
                    }
                  ],
                  "repeatable": false,
                  "required": false,
                  "conditionalRequired": false,
                  "nationwideRecordedInformation": false,
                  "hiddenField": false,
                  "hiddenTitle": false,
                  "rowNumber": 46
                }
              },
              "palveluyksikko": {
                "type": "object",
                "additionalProperties": false,
                "sosmeta": {
                  "name": [
                    {
                      "lang": "fi",
                      "value": "Palveluyksikkö"
                    },
                    {
                      "lang": "sv",
                      "value": "Serviceenhet"
                    }
                  ],
                  "description": [
                    {
                      "lang": "fi",
                      "value": "Kenttään kirjataan palveluyksikön nimi SOTE-organisaatiorekisterin avulla."
                    },
                    {
                      "lang": "sv",
                      "value": "I fältet antecknas namnet på serviceenheten enligt Organisationsregistret för social- och hälsovården."
                    }
                  ],
                  "example": [
                    {
                      "lang": "fi",
                      "value": "1.2.246.10.1012636.10.1.1.100768 \u003d Espoon keskuksen lastensuojelu, Espoon kaupunki, sosiaali- ja terveystoimi"
                    },
                    {
                      "lang": "sv",
                      "value": "1.2.246.10.1012636.10.1.1.100768 \u003d Esbo centrums barnskydd, Esbo stad, social- och hälsovårdssektorn"
                    }
                  ],
                  "implementationNote": [
                    {
                      "lang": "fi",
                      "value": "Järjestelmä suodattaa SOTE-organisaatiorekisteristä oleelliset koodit."
                    },
                    {
                      "lang": "sv",
                      "value": "Järjestelmä suodattaa SOTE-organisaatiorekisteristä oleelliset koodit."
                    }
                  ],
                  "classification": [
                    {
                      "lang": "fi",
                      "value": "Koodistopalvelin: THL - SOTE-organisaatiorekisteri 1.2.246.537.6.202"
                    },
                    {
                      "lang": "sv",
                      "value": "Kodtjänsten: THL - SOTE-organisationsregister 1.2.246.537.6.202"
                    }
                  ],
                  "classificationLink": [
                    {
                      "lang": "",
                      "value": "https://koodistopalvelu.kanta.fi/codeserver/pages/classification-view-page.xhtml?classificationKey\u003d421\u0026versionKey\u003d501"
                    }
                  ],
                  "classificationOid": [
                    {
                      "lang": "",
                      "value": "1.2.246.537.6.202"
                    }
                  ],
                  "representation": [
                    {
                      "lang": "fi",
                      "value": "Koodi"
                    },
                    {
                      "lang": "sv",
                      "value": "Kod"
                    }
                  ],
                  "repeatable": false,
                  "required": false,
                  "conditionalRequired": false,
                  "nationwideRecordedInformation": true,
                  "hiddenField": false,
                  "hiddenTitle": false,
                  "rowNumber": 47
                },
                "required": [
                  "system",
                  "code",
                  "display"
                ],
                "properties": {
                  "system": {
                    "type": "string",
                    "pattern": "^urn:oid:1\\.2\\.246\\.537\\.6\\.202(\\.\\d+)*$"
                  },
                  "code": {
                    "type": "string"
                  },
                  "display": {
                    "type": "string"
                  }
                }
              }
            }
          }
        }
      }
    }
  }
}