{
  "$schema": "http://json-schema.org/draft-07/schema#",
  "title": "\u0027Perhetyön suunnitelma\u0027 JSON schema",
  "type": "object",
  "additionalProperties": false,
  "sosmeta": {
    "title": "\u0027Perhetyön suunnitelma\u0027 JSON schema",
    "status": "Valmis",
    "documentDefinitionVersion": "2023-09-27",
    "dataComponentLibraryVersion": "2023-09-27",
    "oid": "1.2.246.537.6.1506.15014.2023.9.27",
    "documentType": "Suunnitelma",
    "documentAuthor": "Ammattihenkilö",
    "documentSubject": "Perhetyön asiakasasiakirjat"
  },
  "required": [
    "perhetyon_suunnitelma"
  ],
  "properties": {
    "perhetyon_suunnitelma": {
      "type": "object",
      "additionalProperties": false,
      "sosmeta": {
        "name": [
          {
            "lang": "fi",
            "value": "Perhetyön suunnitelma"
          },
          {
            "lang": "sv",
            "value": "Plan för familjearbetet"
          }
        ]
      },
      "required": [
        "asiakas",
        "laatija"
      ],
      "properties": {
        "asiakas": {
          "type": "array",
          "minItems": 1,
          "items": {
            "type": "object",
            "additionalProperties": false,
            "sosmeta": {
              "name": [
                {
                  "lang": "fi",
                  "value": "Asiakas"
                },
                {
                  "lang": "sv",
                  "value": "Klient"
                }
              ],
              "description": [
                {
                  "lang": "fi",
                  "value": "Asiakkaita ovat henkilöt, joille perhetyön palvelu on myönnetty. Tähän kirjataan kaikkien niiden henkilöiden nimet ja henkilötunnukset. Asiakirja näytetään näiden henkilöiden Omakannassa."
                },
                {
                  "lang": "sv",
                  "value": "De personer som beviljats service inom familjearbetet är klienter. Här antecknas namn och personbeteckningar för alla dessa personer. Handlingen visas på Mina Kanta-sidorna för dessa personer."
                }
              ],
              "repeatable": true,
              "required": true,
              "conditionalRequired": false,
              "nationwideRecordedInformation": false,
              "hiddenField": false,
              "hiddenTitle": false,
              "rowNumber": 1
            },
            "required": [
              "sukunimi",
              "etunimet",
              "henkilotunnus"
            ],
            "properties": {
              "sukunimi": {
                "type": "string",
                "minLength": 1,
                "sosmeta": {
                  "name": [
                    {
                      "lang": "fi",
                      "value": "Sukunimi"
                    },
                    {
                      "lang": "sv",
                      "value": "Efternamn"
                    }
                  ],
                  "description": [
                    {
                      "lang": "fi",
                      "value": "-"
                    },
                    {
                      "lang": "sv",
                      "value": "-"
                    }
                  ],
                  "example": [
                    {
                      "lang": "fi",
                      "value": "-"
                    },
                    {
                      "lang": "sv",
                      "value": "-"
                    }
                  ],
                  "representation": [
                    {
                      "lang": "fi",
                      "value": "Nimi"
                    },
                    {
                      "lang": "sv",
                      "value": "Namn"
                    }
                  ],
                  "repeatable": false,
                  "required": true,
                  "conditionalRequired": false,
                  "nationwideRecordedInformation": false,
                  "hiddenField": false,
                  "hiddenTitle": false,
                  "rowNumber": 2
                }
              },
              "etunimet": {
                "type": "string",
                "minLength": 1,
                "sosmeta": {
                  "name": [
                    {
                      "lang": "fi",
                      "value": "Etunimet"
                    },
                    {
                      "lang": "sv",
                      "value": "Samtliga förnamn"
                    }
                  ],
                  "description": [
                    {
                      "lang": "fi",
                      "value": "-"
                    },
                    {
                      "lang": "sv",
                      "value": "-"
                    }
                  ],
                  "example": [
                    {
                      "lang": "fi",
                      "value": "-"
                    },
                    {
                      "lang": "sv",
                      "value": "-"
                    }
                  ],
                  "representation": [
                    {
                      "lang": "fi",
                      "value": "Nimi"
                    },
                    {
                      "lang": "sv",
                      "value": "Namn"
                    }
                  ],
                  "repeatable": false,
                  "required": true,
                  "conditionalRequired": false,
                  "nationwideRecordedInformation": false,
                  "hiddenField": false,
                  "hiddenTitle": false,
                  "rowNumber": 3
                }
              },
              "henkilotunnus": {
                "type": "object",
                "additionalProperties": false,
                "sosmeta": {
                  "name": [
                    {
                      "lang": "fi",
                      "value": "Henkilötunnus"
                    },
                    {
                      "lang": "sv",
                      "value": "Personbeteckning"
                    }
                  ],
                  "description": [
                    {
                      "lang": "fi",
                      "value": "-"
                    },
                    {
                      "lang": "sv",
                      "value": "-"
                    }
                  ],
                  "example": [
                    {
                      "lang": "fi",
                      "value": "-"
                    },
                    {
                      "lang": "sv",
                      "value": "-"
                    }
                  ],
                  "implementationNote": [
                    {
                      "lang": "fi",
                      "value": "Kenttä on pakollinen TK Yksityishenkilön määrityksestä poiketen."
                    },
                    {
                      "lang": "sv",
                      "value": "Kenttä on pakollinen TK Yksityishenkilön määrityksestä poiketen."
                    }
                  ],
                  "representation": [
                    {
                      "lang": "fi",
                      "value": "Tunnus"
                    },
                    {
                      "lang": "sv",
                      "value": "Identifierare"
                    }
                  ],
                  "systemUri": [
                    {
                      "lang": "",
                      "value": "urn:oid:1.2.246.21"
                    }
                  ],
                  "repeatable": false,
                  "required": true,
                  "conditionalRequired": false,
                  "nationwideRecordedInformation": false,
                  "hiddenField": false,
                  "hiddenTitle": false,
                  "rowNumber": 4
                },
                "required": [
                  "value"
                ],
                "properties": {
                  "system": {
                    "type": "string"
                  },
                  "value": {
                    "type": "string"
                  }
                }
              }
            }
          }
        },
        "palvelutehtava": {
          "type": "object",
          "additionalProperties": false,
          "sosmeta": {
            "name": [
              {
                "lang": "fi",
                "value": "Palvelutehtävä"
              },
              {
                "lang": "sv",
                "value": "Serviceuppgift"
              }
            ],
            "description": [
              {
                "lang": "fi",
                "value": "Kenttään kirjataan luokituksen avulla palvelutehtävä, johon asiakirja kuuluu."
              },
              {
                "lang": "sv",
                "value": "I fältet antecknas med hjälp av klassificeringen den serviceuppgift till vilken handlingen hör."
              }
            ],
            "classification": [
              {
                "lang": "fi",
                "value": "Koodistopalvelin: Sosiaalihuolto - Palvelutehtävä 1.2.246.537.6.1221"
              }
            ],
            "classificationLink": [
              {
                "lang": "",
                "value": "https://koodistopalvelu.kanta.fi/codeserver/pages/classification-view-page.xhtml?classificationKey\u003d704\u0026versionKey\u003d2563"
              }
            ],
            "classificationOid": [
              {
                "lang": "",
                "value": "1.2.246.537.6.1221"
              }
            ],
            "representation": [
              {
                "lang": "fi",
                "value": "Koodi"
              },
              {
                "lang": "sv",
                "value": "Kod"
              }
            ],
            "repeatable": false,
            "required": false,
            "conditionalRequired": false,
            "nationwideRecordedInformation": true,
            "hiddenField": false,
            "hiddenTitle": false,
            "rowNumber": 5
          },
          "required": [
            "system",
            "code",
            "display"
          ],
          "properties": {
            "system": {
              "type": "string",
              "pattern": "^urn:oid:1\\.2\\.246\\.537\\.6\\.1221(\\.\\d+)*$"
            },
            "code": {
              "type": "string"
            },
            "display": {
              "type": "string"
            }
          }
        },
        "perhetyon_alkamispaivamaara": {
          "type": "string",
          "pattern": "^-?[0-9]{4}(-(0[1-9]|1[0-2])(-(0[0-9]|[1-2][0-9]|3[0-1]))?)?$",
          "sosmeta": {
            "name": [
              {
                "lang": "fi",
                "value": "Perhetyön alkamispäivämäärä"
              },
              {
                "lang": "sv",
                "value": "Inledningsdatum för familjearbetet"
              }
            ],
            "representation": [
              {
                "lang": "fi",
                "value": "Pvm"
              },
              {
                "lang": "sv",
                "value": "Datum"
              }
            ],
            "repeatable": false,
            "required": false,
            "conditionalRequired": false,
            "nationwideRecordedInformation": true,
            "hiddenField": false,
            "hiddenTitle": false,
            "rowNumber": 6
          }
        },
        "tiedot_neuvottelusta_jossa_tama_suunnitelma_on_tehty": {
          "type": "array",
          "minItems": 0,
          "items": {
            "type": "object",
            "additionalProperties": false,
            "sosmeta": {
              "name": [
                {
                  "lang": "fi",
                  "value": "Tiedot neuvottelusta jossa tämä suunnitelma on tehty"
                },
                {
                  "lang": "sv",
                  "value": "Uppgifter om den överläggning där denna plan har upprättats"
                }
              ],
              "description": [
                {
                  "lang": "fi",
                  "value": "-"
                },
                {
                  "lang": "sv",
                  "value": "-"
                }
              ],
              "implementationNote": [
                {
                  "lang": "fi",
                  "value": "Otsikko näytetään vain kerran, vaikka tietokokonaisuus toistuu."
                },
                {
                  "lang": "sv",
                  "value": "Otsikko näytetään vain kerran, vaikka tietokokonaisuus toistuu."
                }
              ],
              "repeatable": true,
              "required": false,
              "conditionalRequired": false,
              "nationwideRecordedInformation": false,
              "hiddenField": false,
              "hiddenTitle": false,
              "rowNumber": 7
            },
            "required": [],
            "properties": {
              "paivamaara": {
                "type": "string",
                "pattern": "^-?[0-9]{4}(-(0[1-9]|1[0-2])(-(0[0-9]|[1-2][0-9]|3[0-1]))?)?$",
                "sosmeta": {
                  "name": [
                    {
                      "lang": "fi",
                      "value": "Päivämäärä"
                    },
                    {
                      "lang": "sv",
                      "value": "Datum"
                    }
                  ],
                  "description": [
                    {
                      "lang": "fi",
                      "value": "Kenttään kirjataan neuvottelun päivämäärä."
                    },
                    {
                      "lang": "sv",
                      "value": "I fältet antecknas datum för överläggningen."
                    }
                  ],
                  "representation": [
                    {
                      "lang": "fi",
                      "value": "Pvm"
                    },
                    {
                      "lang": "sv",
                      "value": "Datum"
                    }
                  ],
                  "repeatable": false,
                  "required": false,
                  "conditionalRequired": false,
                  "nationwideRecordedInformation": true,
                  "hiddenField": false,
                  "hiddenTitle": false,
                  "rowNumber": 8
                }
              },
              "paikka": {
                "type": "string",
                "sosmeta": {
                  "name": [
                    {
                      "lang": "fi",
                      "value": "Paikka"
                    },
                    {
                      "lang": "sv",
                      "value": "Plats"
                    }
                  ],
                  "description": [
                    {
                      "lang": "fi",
                      "value": "Kenttään kirjataan neuvottelupaikka."
                    },
                    {
                      "lang": "sv",
                      "value": "I fältet antecknas platsen för överläggningen."
                    }
                  ],
                  "example": [
                    {
                      "lang": "fi",
                      "value": "Asiakkaan koti."
                    },
                    {
                      "lang": "sv",
                      "value": "Klientens hem."
                    }
                  ],
                  "representation": [
                    {
                      "lang": "fi",
                      "value": "Teksti"
                    },
                    {
                      "lang": "sv",
                      "value": "Text"
                    }
                  ],
                  "repeatable": false,
                  "required": false,
                  "conditionalRequired": false,
                  "nationwideRecordedInformation": false,
                  "hiddenField": false,
                  "hiddenTitle": false,
                  "rowNumber": 9
                }
              },
              "osallistujat": {
                "type": "string",
                "sosmeta": {
                  "name": [
                    {
                      "lang": "fi",
                      "value": "Osallistujat"
                    },
                    {
                      "lang": "sv",
                      "value": "Deltagare"
                    }
                  ],
                  "description": [
                    {
                      "lang": "fi",
                      "value": "Kenttään kirjataan suunnitelmaneuvotteluun osallistuneiden yksityis- ja ammattihenkilöiden tiedot. Kenttään kirjataan osallistujien nimet ja kuvataan osallistujan suhde asiakkaaseen tai rooli asiassa. Ammattihenkilöltä kirjataan organisaatio ja tehtävänimike."
                    },
                    {
                      "lang": "sv",
                      "value": "I fältet antecknas uppgifter om privatpersonerna och de yrkesutbildade personerna som deltog i överläggningen. I fältet antecknas deltagarnas namn och deras relation till klienten eller roll i ärendet. För en yrkesutbildad person antecknas organisationen och uppgiftsbeteckningen."
                    }
                  ],
                  "representation": [
                    {
                      "lang": "fi",
                      "value": "Teksti"
                    },
                    {
                      "lang": "sv",
                      "value": "Text"
                    }
                  ],
                  "repeatable": false,
                  "required": false,
                  "conditionalRequired": false,
                  "nationwideRecordedInformation": false,
                  "hiddenField": false,
                  "hiddenTitle": false,
                  "rowNumber": 10
                }
              }
            }
          }
        },
        "samassa_taloudessa_asuvat_henkilot": {
          "type": "array",
          "minItems": 0,
          "items": {
            "type": "object",
            "additionalProperties": false,
            "sosmeta": {
              "name": [
                {
                  "lang": "fi",
                  "value": "Samassa taloudessa asuvat henkilöt"
                },
                {
                  "lang": "sv",
                  "value": "Personer som bor i samma hushåll"
                }
              ],
              "description": [
                {
                  "lang": "fi",
                  "value": "-"
                },
                {
                  "lang": "sv",
                  "value": "-"
                }
              ],
              "implementationNote": [
                {
                  "lang": "fi",
                  "value": "Otsikko näytetään vain kerran, vaikka tietokokonaisuus toistuu."
                },
                {
                  "lang": "sv",
                  "value": "Otsikko näytetään vain kerran, vaikka tietokokonaisuus toistuu."
                }
              ],
              "repeatable": true,
              "required": false,
              "conditionalRequired": false,
              "nationwideRecordedInformation": false,
              "hiddenField": false,
              "hiddenTitle": false,
              "rowNumber": 11
            },
            "required": [
              "sukunimi",
              "etunimet"
            ],
            "properties": {
              "sukunimi": {
                "type": "string",
                "minLength": 1,
                "sosmeta": {
                  "name": [
                    {
                      "lang": "fi",
                      "value": "Sukunimi"
                    },
                    {
                      "lang": "sv",
                      "value": "Efternamn"
                    }
                  ],
                  "description": [
                    {
                      "lang": "fi",
                      "value": "-"
                    },
                    {
                      "lang": "sv",
                      "value": "-"
                    }
                  ],
                  "example": [
                    {
                      "lang": "fi",
                      "value": "-"
                    },
                    {
                      "lang": "sv",
                      "value": "-"
                    }
                  ],
                  "representation": [
                    {
                      "lang": "fi",
                      "value": "Nimi"
                    },
                    {
                      "lang": "sv",
                      "value": "Namn"
                    }
                  ],
                  "repeatable": false,
                  "required": true,
                  "conditionalRequired": false,
                  "nationwideRecordedInformation": false,
                  "hiddenField": false,
                  "hiddenTitle": false,
                  "rowNumber": 12
                }
              },
              "etunimet": {
                "type": "string",
                "minLength": 1,
                "sosmeta": {
                  "name": [
                    {
                      "lang": "fi",
                      "value": "Etunimet"
                    },
                    {
                      "lang": "sv",
                      "value": "Samtliga förnamn"
                    }
                  ],
                  "description": [
                    {
                      "lang": "fi",
                      "value": "-"
                    },
                    {
                      "lang": "sv",
                      "value": "-"
                    }
                  ],
                  "example": [
                    {
                      "lang": "fi",
                      "value": "-"
                    },
                    {
                      "lang": "sv",
                      "value": "-"
                    }
                  ],
                  "representation": [
                    {
                      "lang": "fi",
                      "value": "Nimi"
                    },
                    {
                      "lang": "sv",
                      "value": "Namn"
                    }
                  ],
                  "repeatable": false,
                  "required": true,
                  "conditionalRequired": false,
                  "nationwideRecordedInformation": false,
                  "hiddenField": false,
                  "hiddenTitle": false,
                  "rowNumber": 13
                }
              },
              "kuvaus": {
                "type": "string",
                "sosmeta": {
                  "name": [
                    {
                      "lang": "fi",
                      "value": "Kuvaus"
                    },
                    {
                      "lang": "sv",
                      "value": "Beskrivning"
                    }
                  ],
                  "title": [
                    {
                      "lang": "fi",
                      "value": "Suhde lapseen"
                    },
                    {
                      "lang": "sv",
                      "value": "Relation till barnet"
                    }
                  ],
                  "description": [
                    {
                      "lang": "fi",
                      "value": "-"
                    },
                    {
                      "lang": "sv",
                      "value": "-"
                    }
                  ],
                  "example": [
                    {
                      "lang": "fi",
                      "value": "Veli"
                    },
                    {
                      "lang": "sv",
                      "value": "Bror"
                    }
                  ],
                  "representation": [
                    {
                      "lang": "fi",
                      "value": "Teksti"
                    },
                    {
                      "lang": "sv",
                      "value": "Text"
                    }
                  ],
                  "repeatable": false,
                  "required": false,
                  "conditionalRequired": false,
                  "nationwideRecordedInformation": false,
                  "hiddenField": false,
                  "hiddenTitle": false,
                  "rowNumber": 14
                }
              }
            }
          }
        },
        "laheiset_ja_viranomaiset_joihin_saa_olla_yhteydessa": {
          "type": "string",
          "sosmeta": {
            "name": [
              {
                "lang": "fi",
                "value": "Läheiset ja viranomaiset, joihin saa olla yhteydessä"
              },
              {
                "lang": "sv",
                "value": "Närstående och myndigheter som får kontaktas"
              }
            ],
            "title": [
              {
                "lang": "fi",
                "value": "Perhetyöhön oleellisesti vaikuttavat läheiset, viranomaiset ja muut tahot, joihin perhetyöntekijä saa olla tarvittaessa yhteydessä"
              },
              {
                "lang": "sv",
                "value": "Närstående, myndigheter och andra aktörer med väsentlig inverkan på familjearbetet som familjearbetaren vid behov får kontakta"
              }
            ],
            "description": [
              {
                "lang": "fi",
                "value": "Kenttään kirjataan ne läheiset (nimi, puhelinnumero ja sukulaisuus- tms. suhde), esim. muualla asuvat perheenjäsenet, joihin perhetyöntekijällä on lupa olla tarvittaessa yhteydessä perheen asioissa. Kenttään kuvataan tarvittaessa kuinka henkilöt vaikuttavat perhetyöhön ja/tai ovat mukana perheen arjessa.\n\nKenttään kirjataaan myös (jokaisen perheenjäsenen kohdalla erikseen) ne viranomaiset ja muut toimijat (nimi, tehtävänimike, organisaatio ja puhelinnumero), joihin perhetyöntekijällä on lupa olla tarvittaessa yhteydessä perheen asioissa."
              },
              {
                "lang": "sv",
                "value": "I fältet antecknas de närstående (namn, telefonnummer och släktskap eller relation), till exempel familjemedlemmar som bor på annan ort, som familjearbetaren har tillstånd att kontakta vid behov om familjens ärenden. I fältet beskriver man vid behov hur personerna påverkar familjearbetet och/eller deltar i familjens vardag. I fältet antecknar man också (för varje familjemedlem separat) de myndigheter och andra aktörer (namn, befattningsbeteckning, organisation och telefonnummer), som familjearbetaren har tillstånd att kontakta vid behov om familjens ärenden."
              }
            ],
            "representation": [
              {
                "lang": "fi",
                "value": "Teksti"
              },
              {
                "lang": "sv",
                "value": "Text"
              }
            ],
            "repeatable": false,
            "required": false,
            "conditionalRequired": false,
            "nationwideRecordedInformation": false,
            "hiddenField": false,
            "hiddenTitle": false,
            "rowNumber": 15
          }
        },
        "muut_perhetyon_kannalta_oleelliset_laheiset_ja_muu_verkosto": {
          "type": "string",
          "sosmeta": {
            "name": [
              {
                "lang": "fi",
                "value": "Muut perhetyön kannalta oleelliset läheiset ja muu verkosto"
              },
              {
                "lang": "sv",
                "value": "Andra närstående och nätverk som är väsentliga med tanke på familjearbetet"
              }
            ],
            "description": [
              {
                "lang": "fi",
                "value": "Kenttään kirjataan muut perhetyön kannalta oleelliset läheiset (nimi ja sukulaisuus- tms. suhde) ja kuvataan  tarvittaessa kuinka he vaikuttavat perhetyöhön ja/tai ovat mukana perheen arjessa. Perhetyöntekijällä ei ole lupaa olla yhteydessä näihin henkilöihin.\n\nKenttään kirjataan myös muut perhetyön kannalta oleelliset viranomaiset ja muut toimijat (nimi, tehtävänimike ja organisaatio). Perhetyöntekijällä ei ole lupaa olla yhteydessä perheen asioissa."
              },
              {
                "lang": "sv",
                "value": "I fältet antecknar man andra närstående (namn och släktskap eller relation) som är väsentliga med tanke på familjearbetet och beskriver vid behov hur de påverkar familjearbetet och/eller deltar i familjens vardag. Familjearbetaren har inte tillstånd att kontakta dessa personer. I fältet antecknas också andra myndigheter och aktörer (namn, befattningsbeteckning och organisation) som är väsentliga med tanke på familjearbetet. Familjearbetaren har inte tillstånd att kontakta dessa om familjens ärenden."
              }
            ],
            "representation": [
              {
                "lang": "fi",
                "value": "Teksti"
              },
              {
                "lang": "sv",
                "value": "Text"
              }
            ],
            "repeatable": false,
            "required": false,
            "conditionalRequired": false,
            "nationwideRecordedInformation": false,
            "hiddenField": false,
            "hiddenTitle": false,
            "rowNumber": 16
          }
        },
        "muut_perhetyon_kannalta_oleelliset_asiat": {
          "type": "string",
          "sosmeta": {
            "name": [
              {
                "lang": "fi",
                "value": "Muut perhetyön kannalta oleelliset asiat"
              },
              {
                "lang": "sv",
                "value": "Andra viktiga frågor med tanke på familjearbetet"
              }
            ],
            "description": [
              {
                "lang": "fi",
                "value": "Kenttään kirjataan esimerkiksi perheen lemmikkieläimet, perheenjäsenten sairaudet ja allergiat, tavat ja tottumukset ja vakaumukseen perustuvat arkielämään vaikuttavat asiat, esimerkiksi ruokailutottumukset."
              },
              {
                "lang": "sv",
                "value": "I fältet antecknar man till exempel familjens sällskapsdjur, sjukdomar och allergier hos familjemedlemmar, vanor och rutiner samt övertygelse som påverkar vardagslivet, till exempel matvanor."
              }
            ],
            "representation": [
              {
                "lang": "fi",
                "value": "Teksti"
              },
              {
                "lang": "sv",
                "value": "Text"
              }
            ],
            "repeatable": false,
            "required": false,
            "conditionalRequired": false,
            "nationwideRecordedInformation": false,
            "hiddenField": false,
            "hiddenTitle": false,
            "rowNumber": 17
          }
        },
        "kuvaus_perheen_tilanteesta": {
          "type": "string",
          "sosmeta": {
            "name": [
              {
                "lang": "fi",
                "value": "Kuvaus perheen tilanteesta"
              },
              {
                "lang": "sv",
                "value": "Beskrivning av familjens situation"
              }
            ],
            "description": [
              {
                "lang": "fi",
                "value": "Kenttään kuvataan perheen nykytilanne perheen kuvailemana erityisesti lapsen/lasten näkökulmasta, esimerkiksi työ, opiskelu, asuminen, elämäntilanteen muutokset ja tukitoimet. Kenttään kirjataan ovatko perheenjäsenet tyytyväisiä nykytilanteeseen.\nKenttään kirjataan myös se, mihin tuen tarpeisiin perhetyöllä pyritään vastaamaan."
              },
              {
                "lang": "sv",
                "value": "I fältet beskriver man familjens nuläge som familjen beskriver det särskilt ur barnets/barnens synvinkel, till exempel arbete, studier, boende, förändringar i livssituationen och stödåtgärder. I fältet antecknas huruvida familjemedlemmarna är nöjda med nuläget. I fältet antecknar man också vilka stödbehov man strävar efter att möta med familjearbetet."
              }
            ],
            "representation": [
              {
                "lang": "fi",
                "value": "Teksti"
              },
              {
                "lang": "sv",
                "value": "Text"
              }
            ],
            "repeatable": false,
            "required": false,
            "conditionalRequired": false,
            "nationwideRecordedInformation": false,
            "hiddenField": false,
            "hiddenTitle": false,
            "rowNumber": 18
          }
        },
        "vahvuudet_ja_voimavarat": {
          "type": "string",
          "sosmeta": {
            "name": [
              {
                "lang": "fi",
                "value": "Vahvuudet ja voimavarat"
              },
              {
                "lang": "sv",
                "value": "Styrkor och resurser"
              }
            ],
            "title": [
              {
                "lang": "fi",
                "value": "Perheen vahvuudet ja voimavarat"
              },
              {
                "lang": "sv",
                "value": "Familjens styrkor och resurser"
              }
            ],
            "description": [
              {
                "lang": "fi",
                "value": "Kenttään kirjataan vanhempien ja lasten voimavarat ja vahvuudet eli asiat, jotka sujuvat arjessa hyvin."
              },
              {
                "lang": "sv",
                "value": "I fältet antecknas föräldrarnas och barnens resurser och styrkor, dvs. sådant som löper smidigt i vardagen."
              }
            ],
            "representation": [
              {
                "lang": "fi",
                "value": "Teksti"
              },
              {
                "lang": "sv",
                "value": "Text"
              }
            ],
            "repeatable": false,
            "required": false,
            "conditionalRequired": false,
            "nationwideRecordedInformation": false,
            "hiddenField": false,
            "hiddenTitle": false,
            "rowNumber": 19
          }
        },
        "kokemukset_palvelusta": {
          "type": "string",
          "sosmeta": {
            "name": [
              {
                "lang": "fi",
                "value": "Kokemukset palvelusta"
              },
              {
                "lang": "sv",
                "value": "Erfarenheter av servicen"
              }
            ],
            "description": [
              {
                "lang": "fi",
                "value": "Kenttään kirjataan asiakkaan kokemukset perhetyöstä. Kenttään voidaan kirjata myös palveluntuottajan näkemykset esim. perhetyön vaikuttavuudesta asiakkaan tilanteeseen. Kenttään voidaan arvioida kuinka käynnit ovat sujuneet ja kuinka sovitut asiat on onnistuneet. Kenttää ei käytetä ensimmäisessä suunnitelmassa."
              },
              {
                "lang": "sv",
                "value": "I fältet antecknas klientens erfarenheter av familjearbete. I fältet kan man också anteckna serviceproducentens åsikter till exempel om effekterna av familjearbetet på klientens situation. I fältet kan man bedöma hur besöken har förlöpt och hur det man har kommit överens om har lyckats. Fältet används inte vid den första planen."
              }
            ],
            "representation": [
              {
                "lang": "fi",
                "value": "Teksti"
              },
              {
                "lang": "sv",
                "value": "Text"
              }
            ],
            "repeatable": false,
            "required": false,
            "conditionalRequired": false,
            "nationwideRecordedInformation": false,
            "hiddenField": false,
            "hiddenTitle": false,
            "rowNumber": 20
          }
        },
        "edellisen_suunnitelman_tavoitteiden_saavuttaminen": {
          "type": "object",
          "additionalProperties": false,
          "sosmeta": {
            "name": [
              {
                "lang": "fi",
                "value": "Edellisen suunnitelman tavoitteiden saavuttaminen"
              },
              {
                "lang": "sv",
                "value": "Uppnående av målen i föregående plan"
              }
            ],
            "description": [
              {
                "lang": "fi",
                "value": "Tähän kirjataan kuinka edellisessä suunnitelmassa asetut tavoitteet ovat kokonaisuudessaan toteutuneet."
              },
              {
                "lang": "sv",
                "value": "Här antecknar man hur de mål som fastställdes i den föregående planen har förverkligats i sin helhet."
              }
            ],
            "repeatable": false,
            "required": false,
            "conditionalRequired": false,
            "nationwideRecordedInformation": false,
            "hiddenField": false,
            "hiddenTitle": false,
            "rowNumber": 21
          },
          "required": [],
          "properties": {
            "arvio": {
              "type": "object",
              "additionalProperties": false,
              "sosmeta": {
                "name": [
                  {
                    "lang": "fi",
                    "value": "Arvio"
                  },
                  {
                    "lang": "sv",
                    "value": "Bedömning"
                  }
                ],
                "description": [
                  {
                    "lang": "fi",
                    "value": "Kenttään kirjataan luokituksen avulla arvio edellisessä suunnitelmassa asetettujen tavoitteiden saavuttamisesta."
                  },
                  {
                    "lang": "sv",
                    "value": "I fältet antecknas en bedömning av hur målen som fastställts i tidigare planen har uppnåtts med hjälp av klassificeringen."
                  }
                ],
                "classification": [
                  {
                    "lang": "fi",
                    "value": "Koodistopalvelin: Sosiaalihuolto - Tavoitteen saavuttamisen arvio 1.2.246.537.6.1253"
                  },
                  {
                    "lang": "sv",
                    "value": "Kodtjänsten: Socialvård - Bedömning av hur mål har uppnåtts 1.2.246.537.6.1253"
                  }
                ],
                "classificationLink": [
                  {
                    "lang": "",
                    "value": "https://koodistopalvelu.kanta.fi/codeserver/pages/classification-view-page.xhtml?classificationKey\u003d1806\u0026versionKey\u003d2046"
                  }
                ],
                "classificationOid": [
                  {
                    "lang": "",
                    "value": "1.2.246.537.6.1253"
                  }
                ],
                "representation": [
                  {
                    "lang": "fi",
                    "value": "Koodi"
                  },
                  {
                    "lang": "sv",
                    "value": "Kod"
                  }
                ],
                "repeatable": false,
                "required": false,
                "conditionalRequired": false,
                "nationwideRecordedInformation": true,
                "hiddenField": false,
                "hiddenTitle": false,
                "rowNumber": 22
              },
              "required": [
                "system",
                "code",
                "display"
              ],
              "properties": {
                "system": {
                  "type": "string",
                  "pattern": "^urn:oid:1\\.2\\.246\\.537\\.6\\.1253(\\.\\d+)*$"
                },
                "code": {
                  "type": "string"
                },
                "display": {
                  "type": "string"
                }
              }
            },
            "sanallinen_arvio": {
              "type": "string",
              "sosmeta": {
                "name": [
                  {
                    "lang": "fi",
                    "value": "Sanallinen arvio"
                  },
                  {
                    "lang": "sv",
                    "value": "Verbal bedömning"
                  }
                ],
                "description": [
                  {
                    "lang": "fi",
                    "value": "Kenttään kuvataan tekstinä edellisessä suunnitelmassa asetettujen tavoitteiden saavuttamista. Kenttään voidaan kirjata eri osapuolten näkemykset erikseen."
                  },
                  {
                    "lang": "sv",
                    "value": "I fältet beskriver man i textform hur de mål som fastställdes i den föregående planen har uppnåtts. I fältet kan man anteckna olika parters åsikter separat."
                  }
                ],
                "representation": [
                  {
                    "lang": "fi",
                    "value": "Teksti"
                  },
                  {
                    "lang": "sv",
                    "value": "Text"
                  }
                ],
                "repeatable": false,
                "required": false,
                "conditionalRequired": false,
                "nationwideRecordedInformation": false,
                "hiddenField": false,
                "hiddenTitle": false,
                "rowNumber": 23
              }
            }
          }
        },
        "asetettavat_tavoitteet": {
          "type": "array",
          "minItems": 0,
          "items": {
            "type": "object",
            "additionalProperties": false,
            "sosmeta": {
              "name": [
                {
                  "lang": "fi",
                  "value": "Asetettavat tavoitteet"
                },
                {
                  "lang": "sv",
                  "value": "Mål som ska fastställas"
                }
              ],
              "description": [
                {
                  "lang": "fi",
                  "value": "Tähän kirjataan mitä konkreettisesti tavoitellaan lapsen tilanteen parantamiseksi."
                },
                {
                  "lang": "sv",
                  "value": "Här antecknar man vad man konkret vill uppnå för att förbättra barnets situation."
                }
              ],
              "implementationNote": [
                {
                  "lang": "fi",
                  "value": "Otsikko näytetään vain kerran, vaikka tietokokonaisuus toistuu."
                },
                {
                  "lang": "sv",
                  "value": "Otsikko näytetään vain kerran, vaikka tietokokonaisuus toistuu."
                }
              ],
              "repeatable": true,
              "required": false,
              "conditionalRequired": false,
              "nationwideRecordedInformation": false,
              "hiddenField": false,
              "hiddenTitle": false,
              "rowNumber": 24
            },
            "required": [],
            "properties": {
              "nimi": {
                "type": "string",
                "sosmeta": {
                  "name": [
                    {
                      "lang": "fi",
                      "value": "Nimi"
                    },
                    {
                      "lang": "sv",
                      "value": "Namn"
                    }
                  ],
                  "description": [
                    {
                      "lang": "fi",
                      "value": "Kenttään kirjataan tavoitteen nimi."
                    },
                    {
                      "lang": "sv",
                      "value": "I fältet antecknas namnet på målet."
                    }
                  ],
                  "example": [
                    {
                      "lang": "fi",
                      "value": "Tavoite 1"
                    },
                    {
                      "lang": "sv",
                      "value": "Mål 1"
                    }
                  ],
                  "implementationNote": [
                    {
                      "lang": "fi",
                      "value": "Tähän kohtaan kirjattu tavoitteen nimi näytetään muiden tavoitteeseen liittyvien tietojen otsikkona. Kentän nimeä (Nimi) ei näytetä."
                    },
                    {
                      "lang": "sv",
                      "value": "Tähän kohtaan kirjattu tavoitteen nimi näytetään muiden tavoitteeseen liittyvien tietojen otsikkona. Kentän nimeä (Nimi) ei näytetä."
                    }
                  ],
                  "representation": [
                    {
                      "lang": "fi",
                      "value": "Nimi"
                    },
                    {
                      "lang": "sv",
                      "value": "Namn"
                    }
                  ],
                  "repeatable": false,
                  "required": false,
                  "conditionalRequired": false,
                  "nationwideRecordedInformation": false,
                  "hiddenField": false,
                  "hiddenTitle": false,
                  "rowNumber": 25
                }
              },
              "kuvaus": {
                "type": "string",
                "sosmeta": {
                  "name": [
                    {
                      "lang": "fi",
                      "value": "Kuvaus"
                    },
                    {
                      "lang": "sv",
                      "value": "Beskrivning"
                    }
                  ],
                  "description": [
                    {
                      "lang": "fi",
                      "value": "Kenttään kuvataan tekstinä tavoitetta."
                    },
                    {
                      "lang": "sv",
                      "value": "I fältet beskrivs målet i textform."
                    }
                  ],
                  "representation": [
                    {
                      "lang": "fi",
                      "value": "Teksti"
                    },
                    {
                      "lang": "sv",
                      "value": "Text"
                    }
                  ],
                  "repeatable": false,
                  "required": false,
                  "conditionalRequired": false,
                  "nationwideRecordedInformation": false,
                  "hiddenField": false,
                  "hiddenTitle": false,
                  "rowNumber": 26
                }
              },
              "keinot_ja_aikataulu_tavoitteen_saavuttamiseksi": {
                "type": "string",
                "sosmeta": {
                  "name": [
                    {
                      "lang": "fi",
                      "value": "Keinot ja aikataulu tavoitteen saavuttamiseksi"
                    },
                    {
                      "lang": "sv",
                      "value": "Metoder och tidtabell för uppnåendet av målet"
                    }
                  ],
                  "description": [
                    {
                      "lang": "fi",
                      "value": "Kenttään kuvataan keinoja, joiden avulla tavoite pyritään saavuttamaan sekä arvioitu aikataulu tavoitteen saavuttamiselle."
                    },
                    {
                      "lang": "sv",
                      "value": "I fältet beskriver man metoder, med vars hjälp man försöker uppnå målet och ger en uppskattning av tidtabellen för att uppnå målet."
                    }
                  ],
                  "representation": [
                    {
                      "lang": "fi",
                      "value": "Teksti"
                    },
                    {
                      "lang": "sv",
                      "value": "Text"
                    }
                  ],
                  "repeatable": false,
                  "required": false,
                  "conditionalRequired": false,
                  "nationwideRecordedInformation": false,
                  "hiddenField": false,
                  "hiddenTitle": false,
                  "rowNumber": 27
                }
              }
            }
          }
        },
        "perhetyon_sisalto_ja_toteutus": {
          "type": "string",
          "sosmeta": {
            "name": [
              {
                "lang": "fi",
                "value": "Perhetyön sisältö ja toteutus"
              },
              {
                "lang": "sv",
                "value": "Innehåll i familjearbetet och genomförande"
              }
            ],
            "description": [
              {
                "lang": "fi",
                "value": "Kenttään kirjataan konkreettiset asiat perhetyön sisällöstä ja toteutuksesta, esimerkiksi tapaamiskerrat, kuinka toimitaan käyntien muutosten/peruuntumisten suhteen, mitä vanhemmat, lapsi, sosiaalityöntekijä ja perhetyöntekijä tekevät sekä kenellä on vastuu mistäkin. Kenttään voidaan myös kirjata asiakkaiden toiveet palvelusta."
              },
              {
                "lang": "sv",
                "value": "I fältet antecknar man konkreta frågor gällande innehållet och genomförandet av familjearbetet, till exempel antal möten, hur man går tillväga vid ändringar/annulleringar av möten, vad föräldrarna, barnet, socialarbetaren och familjearbetaren gör och vem som ansvarar för vad. I fältet kan man också anteckna klienternas önskemål om servicen."
              }
            ],
            "representation": [
              {
                "lang": "fi",
                "value": "Teksti"
              },
              {
                "lang": "sv",
                "value": "Text"
              }
            ],
            "repeatable": false,
            "required": false,
            "conditionalRequired": false,
            "nationwideRecordedInformation": false,
            "hiddenField": false,
            "hiddenTitle": false,
            "rowNumber": 28
          }
        },
        "perhetyon_vastuuhenkilo": {
          "type": "object",
          "additionalProperties": false,
          "sosmeta": {
            "name": [
              {
                "lang": "fi",
                "value": "Perhetyön vastuuhenkilö"
              },
              {
                "lang": "sv",
                "value": "Ansvarig person för familjearbetet"
              }
            ],
            "description": [
              {
                "lang": "fi",
                "value": "-"
              },
              {
                "lang": "sv",
                "value": "-"
              }
            ],
            "repeatable": false,
            "required": false,
            "conditionalRequired": false,
            "nationwideRecordedInformation": false,
            "hiddenField": false,
            "hiddenTitle": false,
            "rowNumber": 29
          },
          "required": [
            "sukunimi",
            "etunimet"
          ],
          "properties": {
            "sukunimi": {
              "type": "string",
              "minLength": 1,
              "sosmeta": {
                "name": [
                  {
                    "lang": "fi",
                    "value": "Sukunimi"
                  },
                  {
                    "lang": "sv",
                    "value": "Efternamn"
                  }
                ],
                "description": [
                  {
                    "lang": "fi",
                    "value": "-"
                  },
                  {
                    "lang": "sv",
                    "value": "-"
                  }
                ],
                "representation": [
                  {
                    "lang": "fi",
                    "value": "Nimi"
                  },
                  {
                    "lang": "sv",
                    "value": "Namn"
                  }
                ],
                "repeatable": false,
                "required": true,
                "conditionalRequired": false,
                "nationwideRecordedInformation": false,
                "hiddenField": false,
                "hiddenTitle": false,
                "rowNumber": 30
              }
            },
            "etunimet": {
              "type": "string",
              "minLength": 1,
              "sosmeta": {
                "name": [
                  {
                    "lang": "fi",
                    "value": "Etunimet"
                  },
                  {
                    "lang": "sv",
                    "value": "Samtliga förnamn"
                  }
                ],
                "description": [
                  {
                    "lang": "fi",
                    "value": "-"
                  },
                  {
                    "lang": "sv",
                    "value": "-"
                  }
                ],
                "representation": [
                  {
                    "lang": "fi",
                    "value": "Nimi"
                  },
                  {
                    "lang": "sv",
                    "value": "Namn"
                  }
                ],
                "repeatable": false,
                "required": true,
                "conditionalRequired": false,
                "nationwideRecordedInformation": false,
                "hiddenField": false,
                "hiddenTitle": false,
                "rowNumber": 31
              }
            },
            "yhteystiedot": {
              "type": "object",
              "additionalProperties": false,
              "sosmeta": {
                "name": [
                  {
                    "lang": "fi",
                    "value": "Yhteystiedot"
                  },
                  {
                    "lang": "sv",
                    "value": "Kontaktuppgifter"
                  }
                ],
                "description": [
                  {
                    "lang": "fi",
                    "value": "-"
                  },
                  {
                    "lang": "sv",
                    "value": "-"
                  }
                ],
                "repeatable": false,
                "required": false,
                "conditionalRequired": false,
                "nationwideRecordedInformation": false,
                "hiddenField": false,
                "hiddenTitle": false,
                "rowNumber": 32
              },
              "required": [],
              "properties": {
                "puhelinnumero": {
                  "type": "string",
                  "sosmeta": {
                    "name": [
                      {
                        "lang": "fi",
                        "value": "Puhelinnumero"
                      },
                      {
                        "lang": "sv",
                        "value": "Telefonnummer"
                      }
                    ],
                    "description": [
                      {
                        "lang": "fi",
                        "value": "-"
                      },
                      {
                        "lang": "sv",
                        "value": "-"
                      }
                    ],
                    "example": [
                      {
                        "lang": "fi",
                        "value": "-"
                      },
                      {
                        "lang": "sv",
                        "value": "-"
                      }
                    ],
                    "representation": [
                      {
                        "lang": "fi",
                        "value": "Teksti"
                      },
                      {
                        "lang": "sv",
                        "value": "Text"
                      }
                    ],
                    "repeatable": false,
                    "required": false,
                    "conditionalRequired": false,
                    "nationwideRecordedInformation": false,
                    "hiddenField": false,
                    "hiddenTitle": false,
                    "rowNumber": 33
                  }
                }
              }
            }
          }
        },
        "sovitut_jatkotoimet": {
          "type": "string",
          "sosmeta": {
            "name": [
              {
                "lang": "fi",
                "value": "Sovitut jatkotoimet"
              },
              {
                "lang": "sv",
                "value": "Avtalade fortsatta åtgärder"
              }
            ],
            "description": [
              {
                "lang": "fi",
                "value": "Kenttään kuvataan kuinka palvelu jatkuu ja mitä tehdään seuraavaksi. Kenttään voidaan esimerkiksi kirjata asiakkaan kanssa sovittuja konkreettisia toimenpiteitä ja niihin liittyviä aikatauluja. Kenttään voidaan kirjata ajankohta, jollon perhetyöntekijä tulee perheen kotiin ensimmäistä kertaa (jos kyseessä on ensimmäinen suunnitelma)."
              },
              {
                "lang": "sv",
                "value": "I fältet beskriver man till exempel hur servicen fortsätter och vad man ska göra härnäst. I fältet kan man till exempel anteckna konkreta åtgärder som man har kommit överens om med klienten och tidsschema för dessa. I fältet kan antecknas den tidpunkt då familjearbetaren kommer till familjens hem för första gången (om det är fråga om den första planen)."
              }
            ],
            "representation": [
              {
                "lang": "fi",
                "value": "Teksti"
              },
              {
                "lang": "sv",
                "value": "Text"
              }
            ],
            "repeatable": false,
            "required": false,
            "conditionalRequired": false,
            "nationwideRecordedInformation": false,
            "hiddenField": false,
            "hiddenTitle": false,
            "rowNumber": 34
          }
        },
        "eriavat_nakemykset": {
          "type": "string",
          "sosmeta": {
            "name": [
              {
                "lang": "fi",
                "value": "Eriävät näkemykset"
              },
              {
                "lang": "sv",
                "value": "Avvikande åsikter"
              }
            ],
            "title": [
              {
                "lang": "fi",
                "value": "Suunnitelman tekoon osallistuneiden henkilöiden eriävät näkemykset suunnitelman sisällöstä"
              },
              {
                "lang": "sv",
                "value": "Avvikande åsikter om planens innehåll bland de personer som har medverkat i utarbetandet av planen"
              }
            ],
            "description": [
              {
                "lang": "fi",
                "value": "Kenttään kuvataan suunnitelmaan tekoon osallistuneiden henkilöiden eriäviä näkemyksiä tai mielipiteitä suunnitelman sisällön suhteen."
              },
              {
                "lang": "sv",
                "value": "I fältet antecknas avvikande åsikter om planens innehåll bland de personer som har medverkat i utarbetandet av planen."
              }
            ],
            "representation": [
              {
                "lang": "fi",
                "value": "Teksti"
              },
              {
                "lang": "sv",
                "value": "Text"
              }
            ],
            "repeatable": false,
            "required": false,
            "conditionalRequired": false,
            "nationwideRecordedInformation": false,
            "hiddenField": false,
            "hiddenTitle": false,
            "rowNumber": 35
          }
        },
        "suunnitelman_tarkistaminen": {
          "type": "object",
          "additionalProperties": false,
          "sosmeta": {
            "name": [
              {
                "lang": "fi",
                "value": "Suunnitelman tarkistaminen"
              },
              {
                "lang": "sv",
                "value": "Granskning av planen"
              }
            ],
            "description": [
              {
                "lang": "fi",
                "value": "Tähän kirjataan seuraavan suunnitelman tarkistusaika ja -paikka. Käytetään Päivämäärä ja kellonaika -kenttää, jos seuraavan neuvottelun tarkka aika sovitaan. Jos seuraavan neuvottelun tarkkaa aikaa ei vielä sovita, ajankohta, esim. kesäkuussa 2021, kirjataan Ajankohta-kenttään."
              },
              {
                "lang": "sv",
                "value": "Här antecknas datum och plats för följande granskning av planen. Man använder fältet Datum och klockslag, om exakt tidpunkt för följande överläggning avtalas. Om exakt tidpunkt för följande överläggning inte avtalas ännu, antecknas tidpunkten, till exempel juni 2021, i fältet Tidpunkt."
              }
            ],
            "repeatable": false,
            "required": false,
            "conditionalRequired": false,
            "nationwideRecordedInformation": false,
            "hiddenField": false,
            "hiddenTitle": false,
            "rowNumber": 36
          },
          "required": [],
          "properties": {
            "paivamaara_ja_kellonaika": {
              "type": "string",
              "pattern": "^-?[0-9]{4}(-(0[1-9]|1[0-2])(-(0[0-9]|[1-2][0-9]|3[0-1])(T([01][0-9]|2[0-3]):[0-5][0-9]:[0-5][0-9](\\.[0-9]+)?(Z|(\\+|-)((0[0-9]|1[0-3]):[0-5][0-9]|14:00)))?)?)?$",
              "sosmeta": {
                "name": [
                  {
                    "lang": "fi",
                    "value": "Päivämäärä ja kellonaika"
                  },
                  {
                    "lang": "sv",
                    "value": "Datum och klockslag"
                  }
                ],
                "description": [
                  {
                    "lang": "fi",
                    "value": "Kenttään kirjataan seuraavan neuvottelun päivämäärä ja kellonaika, jos ne on jo tiedossa."
                  },
                  {
                    "lang": "sv",
                    "value": "I fältet antecknas datum och klockslag för följande överläggning, om detta redan är känt."
                  }
                ],
                "representation": [
                  {
                    "lang": "fi",
                    "value": "Hetki"
                  },
                  {
                    "lang": "sv",
                    "value": "Datum och klockslag"
                  }
                ],
                "repeatable": false,
                "required": false,
                "conditionalRequired": false,
                "nationwideRecordedInformation": true,
                "hiddenField": false,
                "hiddenTitle": false,
                "rowNumber": 37
              }
            },
            "ajankohta": {
              "type": "string",
              "sosmeta": {
                "name": [
                  {
                    "lang": "fi",
                    "value": "Ajankohta"
                  },
                  {
                    "lang": "sv",
                    "value": "Tidpunkt"
                  }
                ],
                "description": [
                  {
                    "lang": "fi",
                    "value": "Kenttään kirjataan tekstinä neuvottelun suunniteltu ajankohta silloin, kun tarkkaa päivämäärää ja kellonaikaa ei sovita."
                  },
                  {
                    "lang": "sv",
                    "value": "I fältet antecknas i textform den planerade tidpunkten för överläggningen, om exakt datum och klockslag inte avtalas."
                  }
                ],
                "example": [
                  {
                    "lang": "fi",
                    "value": "Syyskuussa 2020."
                  },
                  {
                    "lang": "sv",
                    "value": "September 2020."
                  }
                ],
                "representation": [
                  {
                    "lang": "fi",
                    "value": "Teksti"
                  },
                  {
                    "lang": "sv",
                    "value": "Text"
                  }
                ],
                "repeatable": false,
                "required": false,
                "conditionalRequired": false,
                "nationwideRecordedInformation": false,
                "hiddenField": false,
                "hiddenTitle": false,
                "rowNumber": 38
              }
            },
            "paikka": {
              "type": "string",
              "sosmeta": {
                "name": [
                  {
                    "lang": "fi",
                    "value": "Paikka"
                  },
                  {
                    "lang": "sv",
                    "value": "Plats"
                  }
                ],
                "description": [
                  {
                    "lang": "fi",
                    "value": "Kenttään kirjataan neuvottelupaikka."
                  },
                  {
                    "lang": "sv",
                    "value": "I fältet antecknas platsen för överläggningen."
                  }
                ],
                "example": [
                  {
                    "lang": "fi",
                    "value": "Asiakkaan koti."
                  },
                  {
                    "lang": "sv",
                    "value": "Klientens hem."
                  }
                ],
                "representation": [
                  {
                    "lang": "fi",
                    "value": "Teksti"
                  },
                  {
                    "lang": "sv",
                    "value": "Text"
                  }
                ],
                "repeatable": false,
                "required": false,
                "conditionalRequired": false,
                "nationwideRecordedInformation": false,
                "hiddenField": false,
                "hiddenTitle": false,
                "rowNumber": 39
              }
            }
          }
        },
        "jakelu": {
          "type": "string",
          "sosmeta": {
            "name": [
              {
                "lang": "fi",
                "value": "Jakelu"
              },
              {
                "lang": "sv",
                "value": "Sändlista"
              }
            ],
            "title": [
              {
                "lang": "fi",
                "value": "Henkilöt joille tämä suunnitelma toimitetaan"
              },
              {
                "lang": "sv",
                "value": "Personer som planen ska ges till"
              }
            ],
            "representation": [
              {
                "lang": "fi",
                "value": "Teksti"
              },
              {
                "lang": "sv",
                "value": "Text"
              }
            ],
            "repeatable": false,
            "required": false,
            "conditionalRequired": false,
            "nationwideRecordedInformation": false,
            "hiddenField": false,
            "hiddenTitle": false,
            "rowNumber": 40
          }
        },
        "lakiselostus": {
          "type": "string",
          "sosmeta": {
            "name": [
              {
                "lang": "fi",
                "value": "Lakiselostus"
              },
              {
                "lang": "sv",
                "value": "Lagförklaring"
              }
            ],
            "implementationNote": [
              {
                "lang": "fi",
                "value": "Kentässä voidaan käyttää automaattitekstiä, jonka organisaatio itse yhdessä tietojärjestelmätoimittajan kanssa laativat. THL ei vastaa kentän automaattitekstien tuottamisesta."
              },
              {
                "lang": "sv",
                "value": "Kentässä voidaan käyttää automaattitekstiä, jonka organisaatio itse yhdessä tietojärjestelmätoimittajan kanssa laativat. THL ei vastaa kentän automaattitekstien tuottamisesta."
              }
            ],
            "representation": [
              {
                "lang": "fi",
                "value": "Teksti"
              },
              {
                "lang": "sv",
                "value": "Text"
              }
            ],
            "repeatable": false,
            "required": false,
            "conditionalRequired": false,
            "nationwideRecordedInformation": false,
            "hiddenField": false,
            "hiddenTitle": false,
            "rowNumber": 41
          }
        },
        "paivamaara": {
          "type": "string",
          "pattern": "^-?[0-9]{4}(-(0[1-9]|1[0-2])(-(0[0-9]|[1-2][0-9]|3[0-1]))?)?$",
          "sosmeta": {
            "name": [
              {
                "lang": "fi",
                "value": "Päivämäärä"
              },
              {
                "lang": "sv",
                "value": "Datum"
              }
            ],
            "representation": [
              {
                "lang": "fi",
                "value": "Pvm"
              },
              {
                "lang": "sv",
                "value": "Datum"
              }
            ],
            "repeatable": false,
            "required": false,
            "conditionalRequired": false,
            "nationwideRecordedInformation": true,
            "hiddenField": false,
            "hiddenTitle": false,
            "rowNumber": 42
          }
        },
        "laatija": {
          "type": "array",
          "minItems": 1,
          "items": {
            "type": "object",
            "additionalProperties": false,
            "sosmeta": {
              "name": [
                {
                  "lang": "fi",
                  "value": "Laatija"
                },
                {
                  "lang": "sv",
                  "value": "Upprättare"
                }
              ],
              "description": [
                {
                  "lang": "fi",
                  "value": "-"
                },
                {
                  "lang": "sv",
                  "value": "-"
                }
              ],
              "repeatable": true,
              "required": true,
              "conditionalRequired": false,
              "nationwideRecordedInformation": false,
              "hiddenField": false,
              "hiddenTitle": false,
              "rowNumber": 43
            },
            "required": [
              "sukunimi",
              "etunimet"
            ],
            "properties": {
              "sukunimi": {
                "type": "string",
                "minLength": 1,
                "sosmeta": {
                  "name": [
                    {
                      "lang": "fi",
                      "value": "Sukunimi"
                    },
                    {
                      "lang": "sv",
                      "value": "Efternamn"
                    }
                  ],
                  "description": [
                    {
                      "lang": "fi",
                      "value": "-"
                    },
                    {
                      "lang": "sv",
                      "value": "-"
                    }
                  ],
                  "representation": [
                    {
                      "lang": "fi",
                      "value": "Nimi"
                    },
                    {
                      "lang": "sv",
                      "value": "Namn"
                    }
                  ],
                  "repeatable": false,
                  "required": true,
                  "conditionalRequired": false,
                  "nationwideRecordedInformation": false,
                  "hiddenField": false,
                  "hiddenTitle": false,
                  "rowNumber": 44
                }
              },
              "etunimet": {
                "type": "string",
                "minLength": 1,
                "sosmeta": {
                  "name": [
                    {
                      "lang": "fi",
                      "value": "Etunimet"
                    },
                    {
                      "lang": "sv",
                      "value": "Samtliga förnamn"
                    }
                  ],
                  "description": [
                    {
                      "lang": "fi",
                      "value": "-"
                    },
                    {
                      "lang": "sv",
                      "value": "-"
                    }
                  ],
                  "representation": [
                    {
                      "lang": "fi",
                      "value": "Nimi"
                    },
                    {
                      "lang": "sv",
                      "value": "Namn"
                    }
                  ],
                  "repeatable": false,
                  "required": true,
                  "conditionalRequired": false,
                  "nationwideRecordedInformation": false,
                  "hiddenField": false,
                  "hiddenTitle": false,
                  "rowNumber": 45
                }
              },
              "tehtavanimike": {
                "type": "string",
                "sosmeta": {
                  "name": [
                    {
                      "lang": "fi",
                      "value": "Tehtävänimike"
                    },
                    {
                      "lang": "sv",
                      "value": "Uppgiftsbeteckning"
                    }
                  ],
                  "description": [
                    {
                      "lang": "fi",
                      "value": "-"
                    },
                    {
                      "lang": "sv",
                      "value": "-"
                    }
                  ],
                  "example": [
                    {
                      "lang": "fi",
                      "value": "-"
                    },
                    {
                      "lang": "sv",
                      "value": "-"
                    }
                  ],
                  "representation": [
                    {
                      "lang": "fi",
                      "value": "Teksti"
                    },
                    {
                      "lang": "sv",
                      "value": "Text"
                    }
                  ],
                  "repeatable": false,
                  "required": false,
                  "conditionalRequired": false,
                  "nationwideRecordedInformation": false,
                  "hiddenField": false,
                  "hiddenTitle": false,
                  "rowNumber": 46
                }
              },
              "palveluyksikko": {
                "type": "object",
                "additionalProperties": false,
                "sosmeta": {
                  "name": [
                    {
                      "lang": "fi",
                      "value": "Palveluyksikkö"
                    },
                    {
                      "lang": "sv",
                      "value": "Serviceenhet"
                    }
                  ],
                  "description": [
                    {
                      "lang": "fi",
                      "value": "Kenttään kirjataan palveluyksikön nimi SOTE-organisaatiorekisterin avulla."
                    },
                    {
                      "lang": "sv",
                      "value": "I fältet antecknas namnet på serviceenheten enligt Organisationsregistret för social- och hälsovården."
                    }
                  ],
                  "example": [
                    {
                      "lang": "fi",
                      "value": "1.2.246.10.1012636.10.1.1.100768 \u003d Espoon keskuksen lastensuojelu, Espoon kaupunki, sosiaali- ja terveystoimi"
                    },
                    {
                      "lang": "sv",
                      "value": "1.2.246.10.1012636.10.1.1.100768 \u003d Esbo centrums barnskydd, Esbo stad, social- och hälsovårdssektorn"
                    }
                  ],
                  "implementationNote": [
                    {
                      "lang": "fi",
                      "value": "Järjestelmä suodattaa SOTE-organisaatiorekisteristä oleelliset koodit."
                    },
                    {
                      "lang": "sv",
                      "value": "Järjestelmä suodattaa SOTE-organisaatiorekisteristä oleelliset koodit."
                    }
                  ],
                  "classification": [
                    {
                      "lang": "fi",
                      "value": "Koodistopalvelin: THL - SOTE-organisaatiorekisteri 1.2.246.537.6.202"
                    },
                    {
                      "lang": "sv",
                      "value": "Kodtjänsten: THL - SOTE-organisationsregister 1.2.246.537.6.202"
                    }
                  ],
                  "classificationLink": [
                    {
                      "lang": "",
                      "value": "https://koodistopalvelu.kanta.fi/codeserver/pages/classification-view-page.xhtml?classificationKey\u003d421\u0026versionKey\u003d501"
                    }
                  ],
                  "classificationOid": [
                    {
                      "lang": "",
                      "value": "1.2.246.537.6.202"
                    }
                  ],
                  "representation": [
                    {
                      "lang": "fi",
                      "value": "Koodi"
                    },
                    {
                      "lang": "sv",
                      "value": "Kod"
                    }
                  ],
                  "repeatable": false,
                  "required": false,
                  "conditionalRequired": false,
                  "nationwideRecordedInformation": true,
                  "hiddenField": false,
                  "hiddenTitle": false,
                  "rowNumber": 47
                },
                "required": [
                  "system",
                  "code",
                  "display"
                ],
                "properties": {
                  "system": {
                    "type": "string",
                    "pattern": "^urn:oid:1\\.2\\.246\\.537\\.6\\.202(\\.\\d+)*$"
                  },
                  "code": {
                    "type": "string"
                  },
                  "display": {
                    "type": "string"
                  }
                }
              }
            }
          }
        }
      }
    }
  }
}