{
  "$schema": "http://json-schema.org/draft-07/schema#",
  "title": "\u0027Sosiaalihuollon mielipiteen selvittämisasiakirja\u0027 JSON schema",
  "type": "object",
  "additionalProperties": false,
  "sosmeta": {
    "title": "\u0027Sosiaalihuollon mielipiteen selvittämisasiakirja\u0027 JSON schema",
    "status": "Valmis",
    "documentDefinitionVersion": "2023-09-28",
    "dataComponentLibraryVersion": "2023-08-31",
    "oid": "1.2.246.537.6.1506.5005.2023.9.28",
    "documentType": "Kuulemisasiakirja",
    "documentAuthor": "Ammattihenkilö",
    "documentSubject": "Sosiaalihuollon  palvelutehtäville yhteiset asiakasasiakirjat"
  },
  "required": [
    "sosiaalihuollon_mielipiteen_selvittamisasiakirja"
  ],
  "properties": {
    "sosiaalihuollon_mielipiteen_selvittamisasiakirja": {
      "type": "object",
      "additionalProperties": false,
      "sosmeta": {
        "name": [
          {
            "lang": "fi",
            "value": "Sosiaalihuollon mielipiteen selvittämisasiakirja"
          },
          {
            "lang": "sv",
            "value": "Handling för utredning av åsikt inom socialvården"
          }
        ]
      },
      "required": [
        "asiakas",
        "kuulemisasiakirja",
        "laatija"
      ],
      "properties": {
        "asiakas": {
          "type": "array",
          "minItems": 1,
          "items": {
            "type": "object",
            "additionalProperties": false,
            "sosmeta": {
              "name": [
                {
                  "lang": "fi",
                  "value": "Asiakas"
                },
                {
                  "lang": "sv",
                  "value": "Klient"
                }
              ],
              "description": [
                {
                  "lang": "fi",
                  "value": "Asiakas on henkilö, jonka asiaa mielipiteen selvittäminen koskee. Kuultava ja asiakas eivät aina ole sama henkilö."
                },
                {
                  "lang": "sv",
                  "value": "Klienten är den person, vars ärende utredningen av åsikt gäller. Den person som blir hörd och klienten är inte alltid samma person."
                }
              ],
              "repeatable": true,
              "required": true,
              "conditionalRequired": false,
              "nationwideRecordedInformation": false,
              "hiddenField": false,
              "hiddenTitle": false,
              "rowNumber": 1
            },
            "required": [
              "sukunimi",
              "etunimet"
            ],
            "properties": {
              "sukunimi": {
                "type": "string",
                "minLength": 1,
                "sosmeta": {
                  "name": [
                    {
                      "lang": "fi",
                      "value": "Sukunimi"
                    },
                    {
                      "lang": "sv",
                      "value": "Efternamn"
                    }
                  ],
                  "description": [
                    {
                      "lang": "fi",
                      "value": "-"
                    },
                    {
                      "lang": "sv",
                      "value": "-"
                    }
                  ],
                  "example": [
                    {
                      "lang": "fi",
                      "value": "-"
                    },
                    {
                      "lang": "sv",
                      "value": "-"
                    }
                  ],
                  "representation": [
                    {
                      "lang": "fi",
                      "value": "Nimi"
                    },
                    {
                      "lang": "sv",
                      "value": "Namn"
                    }
                  ],
                  "repeatable": false,
                  "required": true,
                  "conditionalRequired": false,
                  "nationwideRecordedInformation": false,
                  "hiddenField": false,
                  "hiddenTitle": false,
                  "rowNumber": 2
                }
              },
              "etunimet": {
                "type": "string",
                "minLength": 1,
                "sosmeta": {
                  "name": [
                    {
                      "lang": "fi",
                      "value": "Etunimet"
                    },
                    {
                      "lang": "sv",
                      "value": "Samtliga förnamn"
                    }
                  ],
                  "description": [
                    {
                      "lang": "fi",
                      "value": "-"
                    },
                    {
                      "lang": "sv",
                      "value": "-"
                    }
                  ],
                  "example": [
                    {
                      "lang": "fi",
                      "value": "-"
                    },
                    {
                      "lang": "sv",
                      "value": "-"
                    }
                  ],
                  "representation": [
                    {
                      "lang": "fi",
                      "value": "Nimi"
                    },
                    {
                      "lang": "sv",
                      "value": "Namn"
                    }
                  ],
                  "repeatable": false,
                  "required": true,
                  "conditionalRequired": false,
                  "nationwideRecordedInformation": false,
                  "hiddenField": false,
                  "hiddenTitle": false,
                  "rowNumber": 3
                }
              },
              "henkilotunnus": {
                "type": "object",
                "additionalProperties": false,
                "sosmeta": {
                  "name": [
                    {
                      "lang": "fi",
                      "value": "Henkilötunnus"
                    },
                    {
                      "lang": "sv",
                      "value": "Personbeteckning"
                    }
                  ],
                  "description": [
                    {
                      "lang": "fi",
                      "value": "-"
                    },
                    {
                      "lang": "sv",
                      "value": "-"
                    }
                  ],
                  "example": [
                    {
                      "lang": "fi",
                      "value": "-"
                    },
                    {
                      "lang": "sv",
                      "value": "-"
                    }
                  ],
                  "implementationNote": [
                    {
                      "lang": "fi",
                      "value": "Ehdollisesti pakollinen: Joko Henkilötunnus-kenttä tai Tilapäinen yksilöintitunnus-kenttä on pakollinen."
                    },
                    {
                      "lang": "sv",
                      "value": "Villkorligt obligatorisk: Antingen fältet Personbeteckning eller Tillfällig identifikationskod är obligatorisk."
                    }
                  ],
                  "representation": [
                    {
                      "lang": "fi",
                      "value": "Tunnus"
                    },
                    {
                      "lang": "sv",
                      "value": "Identifierare"
                    }
                  ],
                  "systemUri": [
                    {
                      "lang": "",
                      "value": "urn:oid:1.2.246.21"
                    }
                  ],
                  "repeatable": false,
                  "required": false,
                  "conditionalRequired": true,
                  "nationwideRecordedInformation": false,
                  "hiddenField": false,
                  "hiddenTitle": false,
                  "rowNumber": 4
                },
                "required": [
                  "value"
                ],
                "properties": {
                  "system": {
                    "type": "string"
                  },
                  "value": {
                    "type": "string"
                  }
                }
              },
              "tilapainen_yksilointitunnus": {
                "type": "object",
                "additionalProperties": false,
                "sosmeta": {
                  "name": [
                    {
                      "lang": "fi",
                      "value": "Tilapäinen yksilöintitunnus"
                    },
                    {
                      "lang": "sv",
                      "value": "Temporär identifikationskod"
                    }
                  ],
                  "description": [
                    {
                      "lang": "fi",
                      "value": "-"
                    },
                    {
                      "lang": "sv",
                      "value": "-"
                    }
                  ],
                  "example": [
                    {
                      "lang": "fi",
                      "value": "-"
                    },
                    {
                      "lang": "sv",
                      "value": "-"
                    }
                  ],
                  "implementationNote": [
                    {
                      "lang": "fi",
                      "value": "Ehdollisesti pakollinen: Joko Henkilötunnus-kenttä tai Tilapäinen yksilöintitunnus-kenttä on pakollinen."
                    },
                    {
                      "lang": "sv",
                      "value": "Villkorligt obligatorisk: Antingen fältet Personbeteckning eller Tillfällig identifikationskod är obligatorisk."
                    }
                  ],
                  "representation": [
                    {
                      "lang": "fi",
                      "value": "Tunnus"
                    },
                    {
                      "lang": "sv",
                      "value": "Identifierare"
                    }
                  ],
                  "repeatable": false,
                  "required": false,
                  "conditionalRequired": true,
                  "nationwideRecordedInformation": false,
                  "hiddenField": false,
                  "hiddenTitle": false,
                  "rowNumber": 5
                },
                "required": [
                  "value"
                ],
                "properties": {
                  "system": {
                    "type": "string"
                  },
                  "value": {
                    "type": "string"
                  }
                }
              }
            }
          }
        },
        "palvelutehtava": {
          "type": "object",
          "additionalProperties": false,
          "sosmeta": {
            "name": [
              {
                "lang": "fi",
                "value": "Palvelutehtävä"
              },
              {
                "lang": "sv",
                "value": "Serviceuppgift"
              }
            ],
            "description": [
              {
                "lang": "fi",
                "value": "Kenttään kirjataan luokituksen avulla palvelutehtävä, johon asiakirja kuuluu."
              },
              {
                "lang": "sv",
                "value": "I fältet antecknas med hjälp av klassificeringen den serviceuppgift till vilken handlingen hör."
              }
            ],
            "classification": [
              {
                "lang": "fi",
                "value": "Koodistopalvelin: Sosiaalihuolto - Palvelutehtävä 1.2.246.537.6.1221"
              },
              {
                "lang": "sv",
                "value": "Kodtjänsten: Socialvård - Serviceuppgift 1.2.246.537.6.1221"
              }
            ],
            "classificationLink": [
              {
                "lang": "",
                "value": "https://koodistopalvelu.kanta.fi/codeserver/pages/classification-view-page.xhtml?classificationKey\u003d704\u0026versionKey\u003d2563"
              }
            ],
            "classificationOid": [
              {
                "lang": "",
                "value": "1.2.246.537.6.1221"
              }
            ],
            "representation": [
              {
                "lang": "fi",
                "value": "Koodi"
              },
              {
                "lang": "sv",
                "value": "Kod"
              }
            ],
            "repeatable": false,
            "required": false,
            "conditionalRequired": false,
            "nationwideRecordedInformation": false,
            "hiddenField": false,
            "hiddenTitle": false,
            "rowNumber": 6
          },
          "required": [
            "system",
            "code",
            "display"
          ],
          "properties": {
            "system": {
              "type": "string",
              "pattern": "^urn:oid:1\\.2\\.246\\.537\\.6\\.1221(\\.\\d+)*$"
            },
            "code": {
              "type": "string"
            },
            "display": {
              "type": "string"
            }
          }
        },
        "sosiaalipalvelu": {
          "type": "object",
          "additionalProperties": false,
          "sosmeta": {
            "name": [
              {
                "lang": "fi",
                "value": "Sosiaalipalvelu"
              },
              {
                "lang": "sv",
                "value": "Socialservice"
              }
            ],
            "description": [
              {
                "lang": "fi",
                "value": "Kenttään kirjataan luokituksen avulla sosiaalipalvelu, jonka antamiseen asiakirja liittyy."
              },
              {
                "lang": "sv",
                "value": "I fältet antecknas med hjälp av klassificeringen den socialservice, vars tillhandahållande handlingen anknyter till."
              }
            ],
            "classification": [
              {
                "lang": "fi",
                "value": "Koodistopalvelin: Sosiaalihuolto - Sosiaalipalvelut 1.2.246.537.6.1222"
              },
              {
                "lang": "sv",
                "value": "Kodtjänsten: Socialvård - Socialservice 1.2.246.537.6.1222"
              }
            ],
            "classificationLink": [
              {
                "lang": "",
                "value": "https://koodistopalvelu.kanta.fi/codeserver/pages/classification-view-page.xhtml?classificationKey\u003d703\u0026versionKey\u003d2683"
              }
            ],
            "classificationOid": [
              {
                "lang": "",
                "value": "1.2.246.537.6.1222"
              }
            ],
            "representation": [
              {
                "lang": "fi",
                "value": "Koodi"
              },
              {
                "lang": "sv",
                "value": "Kod"
              }
            ],
            "repeatable": false,
            "required": false,
            "conditionalRequired": false,
            "nationwideRecordedInformation": false,
            "hiddenField": false,
            "hiddenTitle": false,
            "rowNumber": 7
          },
          "required": [
            "system",
            "code",
            "display"
          ],
          "properties": {
            "system": {
              "type": "string",
              "pattern": "^urn:oid:1\\.2\\.246\\.537\\.6\\.1222(\\.\\d+)*$"
            },
            "code": {
              "type": "string"
            },
            "display": {
              "type": "string"
            }
          }
        },
        "kuulemisasiakirja": {
          "type": "object",
          "additionalProperties": false,
          "sosmeta": {
            "name": [
              {
                "lang": "fi",
                "value": "Kuulemisasiakirja"
              },
              {
                "lang": "sv",
                "value": "Samrådshandling"
              }
            ],
            "description": [
              {
                "lang": "fi",
                "value": "-"
              },
              {
                "lang": "sv",
                "value": "-"
              }
            ],
            "repeatable": false,
            "required": true,
            "conditionalRequired": false,
            "nationwideRecordedInformation": false,
            "hiddenField": true,
            "hiddenTitle": false,
            "rowNumber": 8
          },
          "required": [
            "kuuleminen"
          ],
          "properties": {
            "asiasisalto": {
              "type": "string",
              "sosmeta": {
                "name": [
                  {
                    "lang": "fi",
                    "value": "Asiasisältö"
                  },
                  {
                    "lang": "sv",
                    "value": "Sakinnehåll"
                  }
                ],
                "description": [
                  {
                    "lang": "fi",
                    "value": "Kenttään kirjataan asia, johon liittyen henkilön mielipidettä selvitetään, sekä tarvittaessa mielipiteen selvittämisen sisältö."
                  },
                  {
                    "lang": "sv",
                    "value": "I fältet antecknas det ärende i samband med vilket personens åsikt utreds, samt vid behov innehållet i utredningen av åsikten."
                  }
                ],
                "implementationNote": [
                  {
                    "lang": "fi",
                    "value": "Tavoitetilassa kentässä näytetään automaattiteksti."
                  },
                  {
                    "lang": "sv",
                    "value": "I måltillståndet visas en automatisk text i fältet."
                  }
                ],
                "representation": [
                  {
                    "lang": "fi",
                    "value": "Teksti"
                  },
                  {
                    "lang": "sv",
                    "value": "Text"
                  }
                ],
                "repeatable": false,
                "required": false,
                "conditionalRequired": false,
                "nationwideRecordedInformation": false,
                "hiddenField": false,
                "hiddenTitle": false,
                "rowNumber": 9
              }
            },
            "kuuleminen": {
              "type": "object",
              "additionalProperties": false,
              "sosmeta": {
                "name": [
                  {
                    "lang": "fi",
                    "value": "Kuuleminen"
                  },
                  {
                    "lang": "sv",
                    "value": "Hörande"
                  }
                ],
                "title": [
                  {
                    "lang": "fi",
                    "value": "Mielipiteen selvittäminen"
                  },
                  {
                    "lang": "sv",
                    "value": "Utredning av åsikt"
                  }
                ],
                "description": [
                  {
                    "lang": "fi",
                    "value": "Tähän kirjataan mielipiteen selvittämiseen liittyvät tiedot."
                  },
                  {
                    "lang": "sv",
                    "value": "Här antecknas uppgifter om utredning av åsikter."
                  }
                ],
                "repeatable": false,
                "required": true,
                "conditionalRequired": false,
                "nationwideRecordedInformation": false,
                "hiddenField": false,
                "hiddenTitle": false,
                "rowNumber": 10
              },
              "required": [
                "kuultava"
              ],
              "properties": {
                "kuultava": {
                  "type": "object",
                  "additionalProperties": false,
                  "sosmeta": {
                    "name": [
                      {
                        "lang": "fi",
                        "value": "Kuultava"
                      },
                      {
                        "lang": "sv",
                        "value": "Person som hörs"
                      }
                    ],
                    "title": [
                      {
                        "lang": "fi",
                        "value": "Henkilö, jonka mielipidettä selvitetään"
                      },
                      {
                        "lang": "sv",
                        "value": "Den person, vars åsikt utreds"
                      }
                    ],
                    "description": [
                      {
                        "lang": "fi",
                        "value": "-"
                      },
                      {
                        "lang": "sv",
                        "value": "-"
                      }
                    ],
                    "implementationNote": [
                      {
                        "lang": "fi",
                        "value": "Tämä kohta on pakollinen TK Kuulemisen määrityksestä poiketen."
                      },
                      {
                        "lang": "sv",
                        "value": "Fältet är obligatoriskt till skillnad från specifikation av DK Hörande."
                      }
                    ],
                    "repeatable": false,
                    "required": true,
                    "conditionalRequired": false,
                    "nationwideRecordedInformation": false,
                    "hiddenField": false,
                    "hiddenTitle": false,
                    "rowNumber": 11
                  },
                  "required": [
                    "sukunimi",
                    "etunimet"
                  ],
                  "properties": {
                    "sukunimi": {
                      "type": "string",
                      "minLength": 1,
                      "sosmeta": {
                        "name": [
                          {
                            "lang": "fi",
                            "value": "Sukunimi"
                          },
                          {
                            "lang": "sv",
                            "value": "Efternamn"
                          }
                        ],
                        "description": [
                          {
                            "lang": "fi",
                            "value": "Kenttään kirjataan henkilön sukunimi."
                          },
                          {
                            "lang": "sv",
                            "value": "I fältet antecknas personens efternamn."
                          }
                        ],
                        "representation": [
                          {
                            "lang": "fi",
                            "value": "Nimi"
                          },
                          {
                            "lang": "sv",
                            "value": "Namn"
                          }
                        ],
                        "repeatable": false,
                        "required": true,
                        "conditionalRequired": false,
                        "nationwideRecordedInformation": false,
                        "hiddenField": false,
                        "hiddenTitle": false,
                        "rowNumber": 12
                      }
                    },
                    "etunimet": {
                      "type": "string",
                      "minLength": 1,
                      "sosmeta": {
                        "name": [
                          {
                            "lang": "fi",
                            "value": "Etunimet"
                          },
                          {
                            "lang": "sv",
                            "value": "Samtliga förnamn"
                          }
                        ],
                        "description": [
                          {
                            "lang": "fi",
                            "value": "Kenttään kirjataan henkilön etunimi."
                          },
                          {
                            "lang": "sv",
                            "value": "I fältet antecknas personens förnamn."
                          }
                        ],
                        "representation": [
                          {
                            "lang": "fi",
                            "value": "Nimi"
                          },
                          {
                            "lang": "sv",
                            "value": "Namn"
                          }
                        ],
                        "repeatable": false,
                        "required": true,
                        "conditionalRequired": false,
                        "nationwideRecordedInformation": false,
                        "hiddenField": false,
                        "hiddenTitle": false,
                        "rowNumber": 13
                      }
                    },
                    "kuvaus": {
                      "type": "string",
                      "sosmeta": {
                        "name": [
                          {
                            "lang": "fi",
                            "value": "Kuvaus"
                          },
                          {
                            "lang": "sv",
                            "value": "Beskrivning"
                          }
                        ],
                        "title": [
                          {
                            "lang": "fi",
                            "value": "Suhde asiakkaaseen"
                          },
                          {
                            "lang": "sv",
                            "value": "Relation till klienten"
                          }
                        ],
                        "description": [
                          {
                            "lang": "fi",
                            "value": "-"
                          },
                          {
                            "lang": "sv",
                            "value": "-"
                          }
                        ],
                        "example": [
                          {
                            "lang": "fi",
                            "value": "-"
                          },
                          {
                            "lang": "sv",
                            "value": "-"
                          }
                        ],
                        "implementationNote": [
                          {
                            "lang": "fi",
                            "value": "Kenttä näytetään vain, jos henkilö on joku muu kuin asiakas itse."
                          },
                          {
                            "lang": "sv",
                            "value": "Fältet visas endast, om personen är någon annan än klienten själv."
                          }
                        ],
                        "representation": [
                          {
                            "lang": "fi",
                            "value": "Teksti"
                          },
                          {
                            "lang": "sv",
                            "value": "Text"
                          }
                        ],
                        "repeatable": false,
                        "required": false,
                        "conditionalRequired": false,
                        "nationwideRecordedInformation": false,
                        "hiddenField": false,
                        "hiddenTitle": false,
                        "rowNumber": 14
                      }
                    }
                  }
                },
                "osallistujat": {
                  "type": "string",
                  "sosmeta": {
                    "name": [
                      {
                        "lang": "fi",
                        "value": "Osallistujat"
                      },
                      {
                        "lang": "sv",
                        "value": "Deltagare"
                      }
                    ],
                    "title": [
                      {
                        "lang": "fi",
                        "value": "Mielipiteen selvittämisessä läsnäolleet henkilöt"
                      },
                      {
                        "lang": "sv",
                        "value": "De personer som var närvarande vid utredningen av åsikter"
                      }
                    ],
                    "description": [
                      {
                        "lang": "fi",
                        "value": "Kenttään kirjataan mielipiteen selvittämisessä läsnäolleet henkilöt. Kenttään kirjataan osallistujien nimet ja kuvataan osallistujan suhde asiakkaaseen tai rooli asiassa. Ammattihenkilöltä kirjataan organisaatio ja tehtävänimike."
                      },
                      {
                        "lang": "sv",
                        "value": "I fältet antecknas de personer som var närvarande vid utredningen av åsikter. I fältet antecknas deltagarnas namn och deras relation till klienten eller roll i ärendet. För en yrkesutbildad person antecknas organisationen och uppgiftsbeteckningen."
                      }
                    ],
                    "representation": [
                      {
                        "lang": "fi",
                        "value": "Teksti"
                      },
                      {
                        "lang": "sv",
                        "value": "Text"
                      }
                    ],
                    "repeatable": false,
                    "required": false,
                    "conditionalRequired": false,
                    "nationwideRecordedInformation": false,
                    "hiddenField": false,
                    "hiddenTitle": false,
                    "rowNumber": 15
                  }
                },
                "mielipide": {
                  "type": "string",
                  "sosmeta": {
                    "name": [
                      {
                        "lang": "fi",
                        "value": "Mielipide"
                      },
                      {
                        "lang": "sv",
                        "value": "Åsikt"
                      }
                    ],
                    "description": [
                      {
                        "lang": "fi",
                        "value": "Kenttään kirjataan henkilön näkemys käsiteltävästä asiasta. On esimerkiksi kuvattava lapselta kysyttyjen kysymysten sisältö ja lapsen niihin antamat vastaukset."
                      },
                      {
                        "lang": "sv",
                        "value": "I fältet antecknas personens åsikt om ärendet som behandlas. Till exempel ska innehållet i frågorna som ställts till barnet och barnets svar på frågorna dokumenteras."
                      }
                    ],
                    "representation": [
                      {
                        "lang": "fi",
                        "value": "Teksti"
                      },
                      {
                        "lang": "sv",
                        "value": "Text"
                      }
                    ],
                    "repeatable": false,
                    "required": false,
                    "conditionalRequired": false,
                    "nationwideRecordedInformation": false,
                    "hiddenField": false,
                    "hiddenTitle": false,
                    "rowNumber": 16
                  }
                },
                "selvittamisen_tapa": {
                  "type": "string",
                  "sosmeta": {
                    "name": [
                      {
                        "lang": "fi",
                        "value": "Selvittämisen tapa"
                      },
                      {
                        "lang": "sv",
                        "value": "Utredningssätt"
                      }
                    ],
                    "title": [
                      {
                        "lang": "fi",
                        "value": "Kuvaus  mielipiteen selvittämisestä"
                      },
                      {
                        "lang": "sv",
                        "value": "Beskrivning av utredningen av åsikter"
                      }
                    ],
                    "description": [
                      {
                        "lang": "fi",
                        "value": "Kenttään kuvataan kuinka mielipiteen selvittäminen on suoritettu. Lapsen mielipiteen selvittäminen on tehtävä mahdollisimman hienovaraisesti, mielipiteen selvittämisessä on otettava huomioon lapsen ikä, kehitystaso ja valmius itsensä ilmaisemiseen. On myös kuvattava, missä lapsen mielipidettä on selvitetty ja kuka tai ketkä mielipidettä ovat selvittäneet. Kun kyseessä on hyvin pieni lapsi, mielipiteen selvittäminen voi olla havainnointia lapsen käyttäytymisestä ja hänen suhteestaan hänelle läheisiin ihmisiin. Lapsen mielipidettä voidaan selvittää myös välillisesti esimerkiksi päiväkodin henkilöstön avulla kuulemalla heitä tai hankkimalla heiltä muuta selvitystä.Vanhempien lasten mielipiteen selvittäminen voi tapahtua keskustelemalla lapsen kanssa, mutta mahdollista on myös se, että lapsi ilmaisee itseään esim. kirjallisesti tai piirroksilla. (Räty 2010.)"
                      },
                      {
                        "lang": "sv",
                        "value": "I fältet antecknas på vilket sätt åsiktsutredningen har utförts. Barnets åsikt ska höras så finkänsligt som möjligt och barnets ålder, utvecklingsnivå och förmåga att uttrycka sig ska beaktas. Man ska också beskriva var barnets åsikt har utretts och vem som har utrett åsikterna. Om det är fråga om ett mycket litet barn kan utredningen bestå av observationer av barnets beteende och dess relation till närstående personer. Barnets åsikt kan också utredas indirekt till exempel med hjälp av daghemspersonalen så att den hörs eller står till tjänst med andra utredningar. Utredning av äldre barns åsikter kan ske genom att diskutera med barnet, men det är också möjligt att barnet uttrycker sig till exempel i skrift eller med teckningar. (Räty 2010.)"
                      }
                    ],
                    "representation": [
                      {
                        "lang": "fi",
                        "value": "Teksti"
                      },
                      {
                        "lang": "sv",
                        "value": "Text"
                      }
                    ],
                    "repeatable": false,
                    "required": false,
                    "conditionalRequired": false,
                    "nationwideRecordedInformation": false,
                    "hiddenField": false,
                    "hiddenTitle": false,
                    "rowNumber": 17
                  }
                }
              }
            }
          }
        },
        "lisatiedot": {
          "type": "string",
          "sosmeta": {
            "name": [
              {
                "lang": "fi",
                "value": "Lisätiedot"
              },
              {
                "lang": "sv",
                "value": "Mer information"
              }
            ],
            "description": [
              {
                "lang": "fi",
                "value": "Kenttään voidaan kirjata esimerkiksi muita asioita, joita henkilö haluaa tuoda esiin asiaan liittyen."
              },
              {
                "lang": "sv",
                "value": "I fältet kan man till exempel anteckna andra ärenden, som personen vill framföra i anslutning till ärendet."
              }
            ],
            "representation": [
              {
                "lang": "fi",
                "value": "Teksti"
              },
              {
                "lang": "sv",
                "value": "Text"
              }
            ],
            "repeatable": false,
            "required": false,
            "conditionalRequired": false,
            "nationwideRecordedInformation": false,
            "hiddenField": false,
            "hiddenTitle": false,
            "rowNumber": 18
          }
        },
        "lakiselostus": {
          "type": "string",
          "sosmeta": {
            "name": [
              {
                "lang": "fi",
                "value": "Lakiselostus"
              },
              {
                "lang": "sv",
                "value": "Lagförklaring"
              }
            ],
            "implementationNote": [
              {
                "lang": "fi",
                "value": "Kentässä voidaan käyttää automaattitekstiä, jonka organisaatio yhdessä tietojärjestelmätoimittajan kanssa laatii. THL ei laadi kentässä näytettäviä tekstejä."
              },
              {
                "lang": "sv",
                "value": "I fältet kan man använda automattext, som organisationen upprättar tillsammans med datasystemleverantören. THL upprättar inte text som ska visas i fältet."
              }
            ],
            "representation": [
              {
                "lang": "fi",
                "value": "Teksti"
              },
              {
                "lang": "sv",
                "value": "Text"
              }
            ],
            "repeatable": false,
            "required": false,
            "conditionalRequired": false,
            "nationwideRecordedInformation": false,
            "hiddenField": false,
            "hiddenTitle": false,
            "rowNumber": 19
          }
        },
        "paivamaara": {
          "type": "string",
          "pattern": "^-?[0-9]{4}(-(0[1-9]|1[0-2])(-(0[0-9]|[1-2][0-9]|3[0-1]))?)?$",
          "sosmeta": {
            "name": [
              {
                "lang": "fi",
                "value": "Päivämäärä"
              },
              {
                "lang": "sv",
                "value": "Datum"
              }
            ],
            "description": [
              {
                "lang": "fi",
                "value": "Kenttään kirjataan kuulemisasiakirjan laatimisen päivämäärä."
              },
              {
                "lang": "sv",
                "value": "I fältet antecknas datum för upprättandet av samrådshandlingen."
              }
            ],
            "representation": [
              {
                "lang": "fi",
                "value": "Pvm"
              },
              {
                "lang": "sv",
                "value": "Datum"
              }
            ],
            "repeatable": false,
            "required": false,
            "conditionalRequired": false,
            "nationwideRecordedInformation": false,
            "hiddenField": false,
            "hiddenTitle": false,
            "rowNumber": 20
          }
        },
        "laatija": {
          "type": "object",
          "additionalProperties": false,
          "sosmeta": {
            "name": [
              {
                "lang": "fi",
                "value": "Laatija"
              },
              {
                "lang": "sv",
                "value": "Upprättare"
              }
            ],
            "description": [
              {
                "lang": "fi",
                "value": "Laatija on kuulemisen toteuttanut ammattihenkilö."
              },
              {
                "lang": "sv",
                "value": "Upprättaren är en yrkesutbildad person som har genomfört hörandet."
              }
            ],
            "repeatable": false,
            "required": true,
            "conditionalRequired": false,
            "nationwideRecordedInformation": false,
            "hiddenField": false,
            "hiddenTitle": false,
            "rowNumber": 21
          },
          "required": [
            "sukunimi",
            "etunimet"
          ],
          "properties": {
            "sukunimi": {
              "type": "string",
              "minLength": 1,
              "sosmeta": {
                "name": [
                  {
                    "lang": "fi",
                    "value": "Sukunimi"
                  },
                  {
                    "lang": "sv",
                    "value": "Efternamn"
                  }
                ],
                "description": [
                  {
                    "lang": "fi",
                    "value": "-"
                  },
                  {
                    "lang": "sv",
                    "value": "-"
                  }
                ],
                "representation": [
                  {
                    "lang": "fi",
                    "value": "Nimi"
                  },
                  {
                    "lang": "sv",
                    "value": "Namn"
                  }
                ],
                "repeatable": false,
                "required": true,
                "conditionalRequired": false,
                "nationwideRecordedInformation": false,
                "hiddenField": false,
                "hiddenTitle": false,
                "rowNumber": 22
              }
            },
            "etunimet": {
              "type": "string",
              "minLength": 1,
              "sosmeta": {
                "name": [
                  {
                    "lang": "fi",
                    "value": "Etunimet"
                  },
                  {
                    "lang": "sv",
                    "value": "Samtliga förnamn"
                  }
                ],
                "description": [
                  {
                    "lang": "fi",
                    "value": "-"
                  },
                  {
                    "lang": "sv",
                    "value": "-"
                  }
                ],
                "representation": [
                  {
                    "lang": "fi",
                    "value": "Nimi"
                  },
                  {
                    "lang": "sv",
                    "value": "Namn"
                  }
                ],
                "repeatable": false,
                "required": true,
                "conditionalRequired": false,
                "nationwideRecordedInformation": false,
                "hiddenField": false,
                "hiddenTitle": false,
                "rowNumber": 23
              }
            },
            "tehtavanimike": {
              "type": "string",
              "sosmeta": {
                "name": [
                  {
                    "lang": "fi",
                    "value": "Tehtävänimike"
                  },
                  {
                    "lang": "sv",
                    "value": "Uppgiftsbeteckning"
                  }
                ],
                "description": [
                  {
                    "lang": "fi",
                    "value": "-"
                  },
                  {
                    "lang": "sv",
                    "value": "-"
                  }
                ],
                "example": [
                  {
                    "lang": "fi",
                    "value": "-"
                  },
                  {
                    "lang": "sv",
                    "value": "-"
                  }
                ],
                "representation": [
                  {
                    "lang": "fi",
                    "value": "Teksti"
                  },
                  {
                    "lang": "sv",
                    "value": "Text"
                  }
                ],
                "repeatable": false,
                "required": false,
                "conditionalRequired": false,
                "nationwideRecordedInformation": false,
                "hiddenField": false,
                "hiddenTitle": false,
                "rowNumber": 24
              }
            },
            "palveluyksikko": {
              "type": "object",
              "additionalProperties": false,
              "sosmeta": {
                "name": [
                  {
                    "lang": "fi",
                    "value": "Palveluyksikkö"
                  },
                  {
                    "lang": "sv",
                    "value": "Serviceenhet"
                  }
                ],
                "description": [
                  {
                    "lang": "fi",
                    "value": "Kenttään kirjataan palveluyksikön nimi SOTE-organisaatiorekisterin avulla."
                  },
                  {
                    "lang": "sv",
                    "value": "I fältet antecknas namnet på serviceenheten enligt Organisationsregistret för social- och hälsovården."
                  }
                ],
                "example": [
                  {
                    "lang": "fi",
                    "value": "1.2.246.10.1012636.10.1.1.100768 \u003d Espoon keskuksen lastensuojelu, Espoon kaupunki, sosiaali- ja terveystoimi"
                  },
                  {
                    "lang": "sv",
                    "value": "1.2.246.10.1012636.10.1.1.100768 \u003d Esbo centrums barnskydd, Esbo stad, social- och hälsovårdssektorn"
                  }
                ],
                "classification": [
                  {
                    "lang": "fi",
                    "value": "Koodistopalvelin: THL - SOTE-organisaatiorekisteri 1.2.246.537.6.202"
                  },
                  {
                    "lang": "sv",
                    "value": "Kodtjänsten: THL - SOTE-organisationsregister 1.2.246.537.6.202"
                  }
                ],
                "classificationLink": [
                  {
                    "lang": "",
                    "value": "https://koodistopalvelu.kanta.fi/codeserver/pages/classification-view-page.xhtml?classificationKey\u003d421\u0026versionKey\u003d501"
                  }
                ],
                "classificationOid": [
                  {
                    "lang": "",
                    "value": "1.2.246.537.6.202"
                  }
                ],
                "representation": [
                  {
                    "lang": "fi",
                    "value": "Koodi"
                  },
                  {
                    "lang": "sv",
                    "value": "Kod"
                  }
                ],
                "repeatable": false,
                "required": false,
                "conditionalRequired": false,
                "nationwideRecordedInformation": false,
                "hiddenField": false,
                "hiddenTitle": false,
                "rowNumber": 25
              },
              "required": [
                "system",
                "code",
                "display"
              ],
              "properties": {
                "system": {
                  "type": "string",
                  "pattern": "^urn:oid:1\\.2\\.246\\.537\\.6\\.202(\\.\\d+)*$"
                },
                "code": {
                  "type": "string"
                },
                "display": {
                  "type": "string"
                }
              }
            }
          }
        }
      }
    }
  }
}