{
  "$schema": "http://json-schema.org/draft-07/schema#",
  "title": "\u0027Sopimus yksityisesti järjestettävästä sosiaalipalvelusta\u0027 JSON schema",
  "type": "object",
  "additionalProperties": false,
  "sosmeta": {
    "title": "\u0027Sopimus yksityisesti järjestettävästä sosiaalipalvelusta\u0027 JSON schema",
    "status": "Valmis",
    "documentDefinitionVersion": "2023-09-08",
    "dataComponentLibraryVersion": "2023-09-08",
    "oid": "1.2.246.537.6.1506.13007.2023.9.8",
    "documentType": "Sopimus",
    "documentSubject": "Sosiaalihuollon  palvelutehtäville yhteiset asiakasasiakirjat"
  },
  "required": [
    "sopimus_yksityisesti_jarjestettavasta_sosiaalipalvelusta"
  ],
  "properties": {
    "sopimus_yksityisesti_jarjestettavasta_sosiaalipalvelusta": {
      "type": "object",
      "additionalProperties": false,
      "sosmeta": {
        "name": [
          {
            "lang": "fi",
            "value": "Sopimus yksityisesti järjestettävästä sosiaalipalvelusta"
          },
          {
            "lang": "sv",
            "value": "Avtal om ordnande av privat socialservice"
          }
        ]
      },
      "required": [
        "laatija",
        "allekirjoitus"
      ],
      "properties": {
        "asiakas": {
          "type": "array",
          "minItems": 0,
          "items": {
            "type": "object",
            "additionalProperties": false,
            "sosmeta": {
              "name": [
                {
                  "lang": "fi",
                  "value": "Asiakas"
                },
                {
                  "lang": "sv",
                  "value": "Klient"
                }
              ],
              "title": [
                {
                  "lang": "fi",
                  "value": "Palvelun saaja"
                },
                {
                  "lang": "sv",
                  "value": "Servicemottagare"
                }
              ],
              "description": [
                {
                  "lang": "fi",
                  "value": "-"
                },
                {
                  "lang": "sv",
                  "value": "-"
                }
              ],
              "repeatable": true,
              "required": false,
              "conditionalRequired": false,
              "nationwideRecordedInformation": false,
              "hiddenField": false,
              "hiddenTitle": false,
              "rowNumber": 1
            },
            "required": [
              "sukunimi",
              "etunimet",
              "henkilotunnus"
            ],
            "properties": {
              "sukunimi": {
                "type": "string",
                "minLength": 1,
                "sosmeta": {
                  "name": [
                    {
                      "lang": "fi",
                      "value": "Sukunimi"
                    },
                    {
                      "lang": "sv",
                      "value": "Efternamn"
                    }
                  ],
                  "description": [
                    {
                      "lang": "fi",
                      "value": "-"
                    },
                    {
                      "lang": "sv",
                      "value": "-"
                    }
                  ],
                  "representation": [
                    {
                      "lang": "fi",
                      "value": "Nimi"
                    },
                    {
                      "lang": "sv",
                      "value": "Namn"
                    }
                  ],
                  "repeatable": false,
                  "required": true,
                  "conditionalRequired": false,
                  "nationwideRecordedInformation": false,
                  "hiddenField": false,
                  "hiddenTitle": false,
                  "rowNumber": 2
                }
              },
              "etunimet": {
                "type": "string",
                "minLength": 1,
                "sosmeta": {
                  "name": [
                    {
                      "lang": "fi",
                      "value": "Etunimet"
                    },
                    {
                      "lang": "sv",
                      "value": "Samtliga förnamn"
                    }
                  ],
                  "description": [
                    {
                      "lang": "fi",
                      "value": "-"
                    },
                    {
                      "lang": "sv",
                      "value": "-"
                    }
                  ],
                  "representation": [
                    {
                      "lang": "fi",
                      "value": "Nimi"
                    },
                    {
                      "lang": "sv",
                      "value": "Namn"
                    }
                  ],
                  "repeatable": false,
                  "required": true,
                  "conditionalRequired": false,
                  "nationwideRecordedInformation": false,
                  "hiddenField": false,
                  "hiddenTitle": false,
                  "rowNumber": 3
                }
              },
              "henkilotunnus": {
                "type": "object",
                "additionalProperties": false,
                "sosmeta": {
                  "name": [
                    {
                      "lang": "fi",
                      "value": "Henkilötunnus"
                    },
                    {
                      "lang": "sv",
                      "value": "Personbeteckning"
                    }
                  ],
                  "description": [
                    {
                      "lang": "fi",
                      "value": "-"
                    },
                    {
                      "lang": "sv",
                      "value": "-"
                    }
                  ],
                  "implementationNote": [
                    {
                      "lang": "fi",
                      "value": "Kenttä on pakollinen TK Yksityishenkilön määrityksestä poiketen."
                    },
                    {
                      "lang": "sv",
                      "value": "Kenttä on pakollinen TK Yksityishenkilön määrityksestä poiketen."
                    }
                  ],
                  "representation": [
                    {
                      "lang": "fi",
                      "value": "Tunnus"
                    },
                    {
                      "lang": "sv",
                      "value": "Identifierare"
                    }
                  ],
                  "systemUri": [
                    {
                      "lang": "",
                      "value": "urn:oid:1.2.246.21"
                    }
                  ],
                  "repeatable": false,
                  "required": true,
                  "conditionalRequired": false,
                  "nationwideRecordedInformation": false,
                  "hiddenField": false,
                  "hiddenTitle": false,
                  "rowNumber": 4
                },
                "required": [
                  "value"
                ],
                "properties": {
                  "system": {
                    "type": "string"
                  },
                  "value": {
                    "type": "string"
                  }
                }
              }
            }
          }
        },
        "palveluntuottaja": {
          "type": "object",
          "additionalProperties": false,
          "sosmeta": {
            "name": [
              {
                "lang": "fi",
                "value": "Palveluntuottaja"
              },
              {
                "lang": "sv",
                "value": "Tjänsteproducent"
              }
            ],
            "description": [
              {
                "lang": "fi",
                "value": "Tähän kirjataan palveluntuottajan ja palveluntuottajan yhteyshenkilön tiedot."
              },
              {
                "lang": "sv",
                "value": "Här antecknas uppgifter för serviceproducenten och tjänsteproducentens kontaktperson."
              }
            ],
            "repeatable": false,
            "required": false,
            "conditionalRequired": false,
            "nationwideRecordedInformation": false,
            "hiddenField": false,
            "hiddenTitle": false,
            "rowNumber": 5
          },
          "required": [],
          "properties": {
            "palveluyksikon_nimi": {
              "type": "object",
              "additionalProperties": false,
              "sosmeta": {
                "name": [
                  {
                    "lang": "fi",
                    "value": "Palveluyksikön nimi"
                  },
                  {
                    "lang": "sv",
                    "value": "Serviceenhetens namn"
                  }
                ],
                "description": [
                  {
                    "lang": "fi",
                    "value": "Kenttään kirjataan palveluyksikön nimi SOTE-organisaatiorekisterin avulla."
                  },
                  {
                    "lang": "sv",
                    "value": "I fältet antecknas namnet på serviceenheten enligt Organisationsregistret för social- och hälsovården."
                  }
                ],
                "example": [
                  {
                    "lang": "fi",
                    "value": "1.2.246.10.1012636.10.1.1.100768 \u003d Espoon keskuksen lastensuojelu, Espoon kaupunki, sosiaali- ja terveystoimi"
                  },
                  {
                    "lang": "sv",
                    "value": "1.2.246.10.1012636.10.1.1.100768 \u003d Esbo centrums barnskydd, Esbo stad, social- och hälsovårdssektorn"
                  }
                ],
                "classification": [
                  {
                    "lang": "fi",
                    "value": "Koodistopalvelin: THL - SOTE-organisaatiorekisteri 1.2.246.537.6.202"
                  },
                  {
                    "lang": "sv",
                    "value": "Kodtjänsten: THL - SOTE-organisationsregister 1.2.246.537.6.202"
                  }
                ],
                "classificationLink": [
                  {
                    "lang": "",
                    "value": "https://koodistopalvelu.kanta.fi/codeserver/pages/classification-view-page.xhtml?classificationKey\u003d421\u0026versionKey\u003d501"
                  }
                ],
                "classificationOid": [
                  {
                    "lang": "",
                    "value": "1.2.246.537.6.202"
                  }
                ],
                "representation": [
                  {
                    "lang": "fi",
                    "value": "Koodi"
                  },
                  {
                    "lang": "sv",
                    "value": "Kod"
                  }
                ],
                "repeatable": false,
                "required": false,
                "conditionalRequired": false,
                "nationwideRecordedInformation": true,
                "hiddenField": false,
                "hiddenTitle": false,
                "rowNumber": 6
              },
              "required": [
                "system",
                "code",
                "display"
              ],
              "properties": {
                "system": {
                  "type": "string",
                  "pattern": "^urn:oid:1\\.2\\.246\\.537\\.6\\.202(\\.\\d+)*$"
                },
                "code": {
                  "type": "string"
                },
                "display": {
                  "type": "string"
                }
              }
            },
            "yhteystiedot": {
              "type": "object",
              "additionalProperties": false,
              "sosmeta": {
                "name": [
                  {
                    "lang": "fi",
                    "value": "Yhteystiedot"
                  },
                  {
                    "lang": "sv",
                    "value": "Kontaktuppgifter"
                  }
                ],
                "description": [
                  {
                    "lang": "fi",
                    "value": "Tähän kirjataan organisaation yhteystiedot."
                  },
                  {
                    "lang": "sv",
                    "value": "Här antecknas organisationens kontaktuppgifter."
                  }
                ],
                "repeatable": false,
                "required": false,
                "conditionalRequired": false,
                "nationwideRecordedInformation": false,
                "hiddenField": false,
                "hiddenTitle": false,
                "rowNumber": 7
              },
              "required": [],
              "properties": {
                "osoite": {
                  "type": "array",
                  "minItems": 0,
                  "items": {
                    "type": "object",
                    "additionalProperties": false,
                    "sosmeta": {
                      "name": [
                        {
                          "lang": "fi",
                          "value": "Osoite"
                        },
                        {
                          "lang": "sv",
                          "value": "Adress"
                        }
                      ],
                      "description": [
                        {
                          "lang": "fi",
                          "value": "-"
                        },
                        {
                          "lang": "sv",
                          "value": "-"
                        }
                      ],
                      "repeatable": true,
                      "required": false,
                      "conditionalRequired": false,
                      "nationwideRecordedInformation": false,
                      "hiddenField": false,
                      "hiddenTitle": false,
                      "rowNumber": 8
                    },
                    "required": [],
                    "properties": {
                      "lahiosoite": {
                        "type": "string",
                        "sosmeta": {
                          "name": [
                            {
                              "lang": "fi",
                              "value": "Lähiosoite"
                            },
                            {
                              "lang": "sv",
                              "value": "Näradress"
                            }
                          ],
                          "description": [
                            {
                              "lang": "fi",
                              "value": "-"
                            },
                            {
                              "lang": "sv",
                              "value": "-"
                            }
                          ],
                          "example": [
                            {
                              "lang": "fi",
                              "value": "-"
                            },
                            {
                              "lang": "sv",
                              "value": "-"
                            }
                          ],
                          "representation": [
                            {
                              "lang": "fi",
                              "value": "Teksti"
                            },
                            {
                              "lang": "sv",
                              "value": "Text"
                            }
                          ],
                          "repeatable": false,
                          "required": false,
                          "conditionalRequired": false,
                          "nationwideRecordedInformation": false,
                          "hiddenField": false,
                          "hiddenTitle": false,
                          "rowNumber": 9
                        }
                      },
                      "postinumero": {
                        "type": "string",
                        "sosmeta": {
                          "name": [
                            {
                              "lang": "fi",
                              "value": "Postinumero"
                            },
                            {
                              "lang": "sv",
                              "value": "Postnummer"
                            }
                          ],
                          "description": [
                            {
                              "lang": "fi",
                              "value": "-"
                            },
                            {
                              "lang": "sv",
                              "value": "-"
                            }
                          ],
                          "example": [
                            {
                              "lang": "fi",
                              "value": "-"
                            },
                            {
                              "lang": "sv",
                              "value": "-"
                            }
                          ],
                          "representation": [
                            {
                              "lang": "fi",
                              "value": "Teksti"
                            },
                            {
                              "lang": "sv",
                              "value": "Text"
                            }
                          ],
                          "repeatable": false,
                          "required": false,
                          "conditionalRequired": false,
                          "nationwideRecordedInformation": false,
                          "hiddenField": false,
                          "hiddenTitle": false,
                          "rowNumber": 10
                        }
                      },
                      "postitoimipaikka": {
                        "type": "string",
                        "sosmeta": {
                          "name": [
                            {
                              "lang": "fi",
                              "value": "Postitoimipaikka"
                            },
                            {
                              "lang": "sv",
                              "value": "Postkontor"
                            }
                          ],
                          "description": [
                            {
                              "lang": "fi",
                              "value": "-"
                            },
                            {
                              "lang": "sv",
                              "value": "-"
                            }
                          ],
                          "example": [
                            {
                              "lang": "fi",
                              "value": "-"
                            },
                            {
                              "lang": "sv",
                              "value": "-"
                            }
                          ],
                          "representation": [
                            {
                              "lang": "fi",
                              "value": "Nimi"
                            },
                            {
                              "lang": "sv",
                              "value": "Namn"
                            }
                          ],
                          "repeatable": false,
                          "required": false,
                          "conditionalRequired": false,
                          "nationwideRecordedInformation": false,
                          "hiddenField": false,
                          "hiddenTitle": false,
                          "rowNumber": 11
                        }
                      }
                    }
                  }
                },
                "puhelinnumero": {
                  "type": "string",
                  "sosmeta": {
                    "name": [
                      {
                        "lang": "fi",
                        "value": "Puhelinnumero"
                      },
                      {
                        "lang": "sv",
                        "value": "Telefonnummer"
                      }
                    ],
                    "description": [
                      {
                        "lang": "fi",
                        "value": "-"
                      },
                      {
                        "lang": "sv",
                        "value": "-"
                      }
                    ],
                    "representation": [
                      {
                        "lang": "fi",
                        "value": "Teksti"
                      },
                      {
                        "lang": "sv",
                        "value": "Text"
                      }
                    ],
                    "repeatable": false,
                    "required": false,
                    "conditionalRequired": false,
                    "nationwideRecordedInformation": false,
                    "hiddenField": false,
                    "hiddenTitle": false,
                    "rowNumber": 12
                  }
                },
                "sahkopostiosoite": {
                  "type": "string",
                  "sosmeta": {
                    "name": [
                      {
                        "lang": "fi",
                        "value": "Sähköpostiosoite"
                      },
                      {
                        "lang": "sv",
                        "value": "E-postadress"
                      }
                    ],
                    "description": [
                      {
                        "lang": "fi",
                        "value": "-"
                      },
                      {
                        "lang": "sv",
                        "value": "-"
                      }
                    ],
                    "representation": [
                      {
                        "lang": "fi",
                        "value": "Teksti"
                      },
                      {
                        "lang": "sv",
                        "value": "Text"
                      }
                    ],
                    "repeatable": false,
                    "required": false,
                    "conditionalRequired": false,
                    "nationwideRecordedInformation": false,
                    "hiddenField": false,
                    "hiddenTitle": false,
                    "rowNumber": 13
                  }
                }
              }
            },
            "yhteyshenkilo": {
              "type": "array",
              "minItems": 0,
              "items": {
                "type": "object",
                "additionalProperties": false,
                "sosmeta": {
                  "name": [
                    {
                      "lang": "fi",
                      "value": "Yhteyshenkilö"
                    },
                    {
                      "lang": "sv",
                      "value": "Kontaktperson"
                    }
                  ],
                  "description": [
                    {
                      "lang": "fi",
                      "value": "Tähän kirjataan organisaation yhteyshenkilön tiedot. Yhteyshenkilö on henkilö, joka on sopijapuolena sopimuksessa ja allekirjoittaa sopimuksen."
                    },
                    {
                      "lang": "sv",
                      "value": "Här antecknas uppgifter för organisationens kontaktperson. Kontaktpersonen är den person, som är avtalspart i avtalet och som undertecknar avtalet."
                    }
                  ],
                  "repeatable": true,
                  "required": false,
                  "conditionalRequired": false,
                  "nationwideRecordedInformation": false,
                  "hiddenField": false,
                  "hiddenTitle": false,
                  "rowNumber": 14
                },
                "required": [
                  "sukunimi",
                  "etunimet"
                ],
                "properties": {
                  "sukunimi": {
                    "type": "string",
                    "minLength": 1,
                    "sosmeta": {
                      "name": [
                        {
                          "lang": "fi",
                          "value": "Sukunimi"
                        },
                        {
                          "lang": "sv",
                          "value": "Efternamn"
                        }
                      ],
                      "description": [
                        {
                          "lang": "fi",
                          "value": "-"
                        },
                        {
                          "lang": "sv",
                          "value": "-"
                        }
                      ],
                      "representation": [
                        {
                          "lang": "fi",
                          "value": "Nimi"
                        },
                        {
                          "lang": "sv",
                          "value": "Namn"
                        }
                      ],
                      "repeatable": false,
                      "required": true,
                      "conditionalRequired": false,
                      "nationwideRecordedInformation": false,
                      "hiddenField": false,
                      "hiddenTitle": false,
                      "rowNumber": 15
                    }
                  },
                  "etunimet": {
                    "type": "string",
                    "minLength": 1,
                    "sosmeta": {
                      "name": [
                        {
                          "lang": "fi",
                          "value": "Etunimet"
                        },
                        {
                          "lang": "sv",
                          "value": "Samtliga förnamn"
                        }
                      ],
                      "description": [
                        {
                          "lang": "fi",
                          "value": "-"
                        },
                        {
                          "lang": "sv",
                          "value": "-"
                        }
                      ],
                      "representation": [
                        {
                          "lang": "fi",
                          "value": "Nimi"
                        },
                        {
                          "lang": "sv",
                          "value": "Namn"
                        }
                      ],
                      "repeatable": false,
                      "required": true,
                      "conditionalRequired": false,
                      "nationwideRecordedInformation": false,
                      "hiddenField": false,
                      "hiddenTitle": false,
                      "rowNumber": 16
                    }
                  },
                  "tehtavanimike": {
                    "type": "string",
                    "sosmeta": {
                      "name": [
                        {
                          "lang": "fi",
                          "value": "Tehtävänimike"
                        },
                        {
                          "lang": "sv",
                          "value": "Uppgiftsbeteckning"
                        }
                      ],
                      "description": [
                        {
                          "lang": "fi",
                          "value": "-"
                        },
                        {
                          "lang": "sv",
                          "value": "-"
                        }
                      ],
                      "representation": [
                        {
                          "lang": "fi",
                          "value": "Teksti"
                        },
                        {
                          "lang": "sv",
                          "value": "Text"
                        }
                      ],
                      "repeatable": false,
                      "required": false,
                      "conditionalRequired": false,
                      "nationwideRecordedInformation": false,
                      "hiddenField": false,
                      "hiddenTitle": false,
                      "rowNumber": 17
                    }
                  }
                }
              }
            }
          }
        },
        "muut_sopijat": {
          "type": "array",
          "minItems": 0,
          "items": {
            "type": "object",
            "additionalProperties": false,
            "sosmeta": {
              "name": [
                {
                  "lang": "fi",
                  "value": "Muut sopijat"
                },
                {
                  "lang": "sv",
                  "value": "Övriga avtalsparter"
                }
              ],
              "description": [
                {
                  "lang": "fi",
                  "value": "Muita sopijoita palvelun saajan ja palveluntuottajan lisäksi voivat olla esimerkiksi edunvalvoja tai asiakkaan muu laillinen edustaja."
                },
                {
                  "lang": "sv",
                  "value": "Övriga avtalsparter utöver servicemottagaren och tjänsteproducenten kan vara till exempel intressebevakaren eller någon annan laglig företrädare för klienten."
                }
              ],
              "implementationNote": [
                {
                  "lang": "fi",
                  "value": "Jos tietokokonaisuus toistuu, otsikko \"Muut sopijat\" näytetään vain kerran."
                },
                {
                  "lang": "sv",
                  "value": "Jos tietokokonaisuus toistuu, otsikko \"Muut sopijat\" näytetään vain kerran."
                }
              ],
              "repeatable": true,
              "required": false,
              "conditionalRequired": false,
              "nationwideRecordedInformation": false,
              "hiddenField": false,
              "hiddenTitle": false,
              "rowNumber": 18
            },
            "required": [
              "sukunimi",
              "etunimet"
            ],
            "properties": {
              "sukunimi": {
                "type": "string",
                "minLength": 1,
                "sosmeta": {
                  "name": [
                    {
                      "lang": "fi",
                      "value": "Sukunimi"
                    },
                    {
                      "lang": "sv",
                      "value": "Efternamn"
                    }
                  ],
                  "description": [
                    {
                      "lang": "fi",
                      "value": "-"
                    },
                    {
                      "lang": "sv",
                      "value": "-"
                    }
                  ],
                  "representation": [
                    {
                      "lang": "fi",
                      "value": "Nimi"
                    },
                    {
                      "lang": "sv",
                      "value": "Namn"
                    }
                  ],
                  "repeatable": false,
                  "required": true,
                  "conditionalRequired": false,
                  "nationwideRecordedInformation": false,
                  "hiddenField": false,
                  "hiddenTitle": false,
                  "rowNumber": 19
                }
              },
              "etunimet": {
                "type": "string",
                "minLength": 1,
                "sosmeta": {
                  "name": [
                    {
                      "lang": "fi",
                      "value": "Etunimet"
                    },
                    {
                      "lang": "sv",
                      "value": "Samtliga förnamn"
                    }
                  ],
                  "description": [
                    {
                      "lang": "fi",
                      "value": "-"
                    },
                    {
                      "lang": "sv",
                      "value": "-"
                    }
                  ],
                  "representation": [
                    {
                      "lang": "fi",
                      "value": "Nimi"
                    },
                    {
                      "lang": "sv",
                      "value": "Namn"
                    }
                  ],
                  "repeatable": false,
                  "required": true,
                  "conditionalRequired": false,
                  "nationwideRecordedInformation": false,
                  "hiddenField": false,
                  "hiddenTitle": false,
                  "rowNumber": 20
                }
              },
              "tehtavanimike": {
                "type": "string",
                "sosmeta": {
                  "name": [
                    {
                      "lang": "fi",
                      "value": "Tehtävänimike"
                    },
                    {
                      "lang": "sv",
                      "value": "Uppgiftsbeteckning"
                    }
                  ],
                  "description": [
                    {
                      "lang": "fi",
                      "value": "Kenttää käytetään, jos sopijapuoli on ammattihenkilö."
                    },
                    {
                      "lang": "sv",
                      "value": "Fältet används, om avtalsparten är en yrkesutbildad person."
                    }
                  ],
                  "representation": [
                    {
                      "lang": "fi",
                      "value": "Teksti"
                    },
                    {
                      "lang": "sv",
                      "value": "Text"
                    }
                  ],
                  "repeatable": false,
                  "required": false,
                  "conditionalRequired": false,
                  "nationwideRecordedInformation": false,
                  "hiddenField": false,
                  "hiddenTitle": false,
                  "rowNumber": 21
                }
              },
              "organisaatio": {
                "type": "string",
                "sosmeta": {
                  "name": [
                    {
                      "lang": "fi",
                      "value": "Organisaatio"
                    },
                    {
                      "lang": "sv",
                      "value": "Organisation"
                    }
                  ],
                  "description": [
                    {
                      "lang": "fi",
                      "value": "-"
                    },
                    {
                      "lang": "sv",
                      "value": "-"
                    }
                  ],
                  "representation": [
                    {
                      "lang": "fi",
                      "value": "Nimi"
                    },
                    {
                      "lang": "sv",
                      "value": "Namn"
                    }
                  ],
                  "repeatable": false,
                  "required": false,
                  "conditionalRequired": false,
                  "nationwideRecordedInformation": false,
                  "hiddenField": false,
                  "hiddenTitle": false,
                  "rowNumber": 22
                }
              },
              "yhteystiedot": {
                "type": "object",
                "additionalProperties": false,
                "sosmeta": {
                  "name": [
                    {
                      "lang": "fi",
                      "value": "Yhteystiedot"
                    },
                    {
                      "lang": "sv",
                      "value": "Kontaktuppgifter"
                    }
                  ],
                  "description": [
                    {
                      "lang": "fi",
                      "value": "-"
                    },
                    {
                      "lang": "sv",
                      "value": "-"
                    }
                  ],
                  "repeatable": false,
                  "required": false,
                  "conditionalRequired": false,
                  "nationwideRecordedInformation": false,
                  "hiddenField": false,
                  "hiddenTitle": false,
                  "rowNumber": 23
                },
                "required": [],
                "properties": {
                  "osoite": {
                    "type": "array",
                    "minItems": 0,
                    "items": {
                      "type": "object",
                      "additionalProperties": false,
                      "sosmeta": {
                        "name": [
                          {
                            "lang": "fi",
                            "value": "Osoite"
                          },
                          {
                            "lang": "sv",
                            "value": "Adress"
                          }
                        ],
                        "description": [
                          {
                            "lang": "fi",
                            "value": "-"
                          },
                          {
                            "lang": "sv",
                            "value": "-"
                          }
                        ],
                        "repeatable": true,
                        "required": false,
                        "conditionalRequired": false,
                        "nationwideRecordedInformation": false,
                        "hiddenField": false,
                        "hiddenTitle": false,
                        "rowNumber": 24
                      },
                      "required": [],
                      "properties": {
                        "lahiosoite": {
                          "type": "string",
                          "sosmeta": {
                            "name": [
                              {
                                "lang": "fi",
                                "value": "Lähiosoite"
                              },
                              {
                                "lang": "sv",
                                "value": "Näradress"
                              }
                            ],
                            "description": [
                              {
                                "lang": "fi",
                                "value": "-"
                              },
                              {
                                "lang": "sv",
                                "value": "-"
                              }
                            ],
                            "example": [
                              {
                                "lang": "fi",
                                "value": "-"
                              },
                              {
                                "lang": "sv",
                                "value": "-"
                              }
                            ],
                            "representation": [
                              {
                                "lang": "fi",
                                "value": "Teksti"
                              },
                              {
                                "lang": "sv",
                                "value": "Text"
                              }
                            ],
                            "repeatable": false,
                            "required": false,
                            "conditionalRequired": false,
                            "nationwideRecordedInformation": false,
                            "hiddenField": false,
                            "hiddenTitle": false,
                            "rowNumber": 25
                          }
                        },
                        "postinumero": {
                          "type": "string",
                          "sosmeta": {
                            "name": [
                              {
                                "lang": "fi",
                                "value": "Postinumero"
                              },
                              {
                                "lang": "sv",
                                "value": "Postnummer"
                              }
                            ],
                            "description": [
                              {
                                "lang": "fi",
                                "value": "-"
                              },
                              {
                                "lang": "sv",
                                "value": "-"
                              }
                            ],
                            "example": [
                              {
                                "lang": "fi",
                                "value": "-"
                              },
                              {
                                "lang": "sv",
                                "value": "-"
                              }
                            ],
                            "representation": [
                              {
                                "lang": "fi",
                                "value": "Teksti"
                              },
                              {
                                "lang": "sv",
                                "value": "Text"
                              }
                            ],
                            "repeatable": false,
                            "required": false,
                            "conditionalRequired": false,
                            "nationwideRecordedInformation": false,
                            "hiddenField": false,
                            "hiddenTitle": false,
                            "rowNumber": 26
                          }
                        },
                        "postitoimipaikka": {
                          "type": "string",
                          "sosmeta": {
                            "name": [
                              {
                                "lang": "fi",
                                "value": "Postitoimipaikka"
                              },
                              {
                                "lang": "sv",
                                "value": "Postkontor"
                              }
                            ],
                            "description": [
                              {
                                "lang": "fi",
                                "value": "-"
                              },
                              {
                                "lang": "sv",
                                "value": "-"
                              }
                            ],
                            "example": [
                              {
                                "lang": "fi",
                                "value": "-"
                              },
                              {
                                "lang": "sv",
                                "value": "-"
                              }
                            ],
                            "representation": [
                              {
                                "lang": "fi",
                                "value": "Nimi"
                              },
                              {
                                "lang": "sv",
                                "value": "Namn"
                              }
                            ],
                            "repeatable": false,
                            "required": false,
                            "conditionalRequired": false,
                            "nationwideRecordedInformation": false,
                            "hiddenField": false,
                            "hiddenTitle": false,
                            "rowNumber": 27
                          }
                        }
                      }
                    }
                  },
                  "puhelinnumero": {
                    "type": "string",
                    "sosmeta": {
                      "name": [
                        {
                          "lang": "fi",
                          "value": "Puhelinnumero"
                        },
                        {
                          "lang": "sv",
                          "value": "Telefonnummer"
                        }
                      ],
                      "description": [
                        {
                          "lang": "fi",
                          "value": "-"
                        },
                        {
                          "lang": "sv",
                          "value": "-"
                        }
                      ],
                      "representation": [
                        {
                          "lang": "fi",
                          "value": "Teksti"
                        },
                        {
                          "lang": "sv",
                          "value": "Text"
                        }
                      ],
                      "repeatable": false,
                      "required": false,
                      "conditionalRequired": false,
                      "nationwideRecordedInformation": false,
                      "hiddenField": false,
                      "hiddenTitle": false,
                      "rowNumber": 28
                    }
                  },
                  "sahkopostiosoite": {
                    "type": "string",
                    "sosmeta": {
                      "name": [
                        {
                          "lang": "fi",
                          "value": "Sähköpostiosoite"
                        },
                        {
                          "lang": "sv",
                          "value": "E-postadress"
                        }
                      ],
                      "description": [
                        {
                          "lang": "fi",
                          "value": "-"
                        },
                        {
                          "lang": "sv",
                          "value": "-"
                        }
                      ],
                      "representation": [
                        {
                          "lang": "fi",
                          "value": "Teksti"
                        },
                        {
                          "lang": "sv",
                          "value": "Text"
                        }
                      ],
                      "repeatable": false,
                      "required": false,
                      "conditionalRequired": false,
                      "nationwideRecordedInformation": false,
                      "hiddenField": false,
                      "hiddenTitle": false,
                      "rowNumber": 29
                    }
                  }
                }
              }
            }
          }
        },
        "palvelut_joita_sopimus_koskee": {
          "type": "object",
          "additionalProperties": false,
          "sosmeta": {
            "name": [
              {
                "lang": "fi",
                "value": "Palvelut, joita sopimus koskee"
              },
              {
                "lang": "sv",
                "value": "Service, som avtalet gäller"
              }
            ],
            "description": [
              {
                "lang": "fi",
                "value": "-"
              },
              {
                "lang": "sv",
                "value": "-"
              }
            ],
            "repeatable": false,
            "required": false,
            "conditionalRequired": false,
            "nationwideRecordedInformation": false,
            "hiddenField": false,
            "hiddenTitle": false,
            "rowNumber": 30
          },
          "required": [],
          "properties": {
            "palvelutehtava": {
              "type": "object",
              "additionalProperties": false,
              "sosmeta": {
                "name": [
                  {
                    "lang": "fi",
                    "value": "Palvelutehtävä"
                  },
                  {
                    "lang": "sv",
                    "value": "Serviceuppgift"
                  }
                ],
                "description": [
                  {
                    "lang": "fi",
                    "value": "Kenttään kirjataan luokituksen avulla se sosiaalihuollon palvelutehtävä, jossa annettavaa sosiaalipalvelua sopimus koskee."
                  },
                  {
                    "lang": "sv",
                    "value": "I fältet antecknas med hjälp av klassificeringen den serviceuppgift inom socialvården, som den avtalade socialservicen gäller."
                  }
                ],
                "example": [
                  {
                    "lang": "fi",
                    "value": "15 \u003d Päihdehuolto"
                  },
                  {
                    "lang": "sv",
                    "value": "15 \u003d Missbrukarvård"
                  }
                ],
                "classification": [
                  {
                    "lang": "fi",
                    "value": "Koodistopalvelin: Sosiaalihuolto - Palvelutehtävä 1.2.246.537.6.1221"
                  },
                  {
                    "lang": "sv",
                    "value": "Kodtjänsten: Socialvård - Serviceuppgift 1.2.246.537.6.1221"
                  }
                ],
                "classificationLink": [
                  {
                    "lang": "",
                    "value": "https://koodistopalvelu.kanta.fi/codeserver/pages/classification-view-page.xhtml?classificationKey\u003d704\u0026versionKey\u003d2563"
                  }
                ],
                "classificationOid": [
                  {
                    "lang": "",
                    "value": "1.2.246.537.6.1221"
                  }
                ],
                "representation": [
                  {
                    "lang": "fi",
                    "value": "Koodi"
                  },
                  {
                    "lang": "sv",
                    "value": "Kod"
                  }
                ],
                "repeatable": false,
                "required": false,
                "conditionalRequired": false,
                "nationwideRecordedInformation": true,
                "hiddenField": false,
                "hiddenTitle": false,
                "rowNumber": 31
              },
              "required": [
                "system",
                "code",
                "display"
              ],
              "properties": {
                "system": {
                  "type": "string",
                  "pattern": "^urn:oid:1\\.2\\.246\\.537\\.6\\.1221(\\.\\d+)*$"
                },
                "code": {
                  "type": "string"
                },
                "display": {
                  "type": "string"
                }
              }
            },
            "sosiaalipalvelu": {
              "type": "array",
              "minItems": 0,
              "items": {
                "type": "object",
                "additionalProperties": false,
                "sosmeta": {
                  "name": [
                    {
                      "lang": "fi",
                      "value": "Sosiaalipalvelu"
                    },
                    {
                      "lang": "sv",
                      "value": "Socialservice"
                    }
                  ],
                  "description": [
                    {
                      "lang": "fi",
                      "value": "Kenttään kirjataan luokituksen avulla sosiaalipalvelu, jota sopimus koskee."
                    },
                    {
                      "lang": "sv",
                      "value": "I fältet antecknas med hjälp av klassificeringen den socialservice som avtalet gäller."
                    }
                  ],
                  "example": [
                    {
                      "lang": "fi",
                      "value": "46 \u003d Sosiaalityö"
                    },
                    {
                      "lang": "sv",
                      "value": "46 \u003d Socialt arbete"
                    }
                  ],
                  "classification": [
                    {
                      "lang": "fi",
                      "value": "Koodistopalvelin: Sosiaalihuolto - Sosiaalipalvelut 1.2.246.537.6.1222"
                    },
                    {
                      "lang": "sv",
                      "value": "Kodtjänsten: Socialvård - Socialservice 1.2.246.537.6.1222"
                    }
                  ],
                  "classificationLink": [
                    {
                      "lang": "",
                      "value": "https://koodistopalvelu.kanta.fi/codeserver/pages/classification-view-page.xhtml?classificationKey\u003d703\u0026versionKey\u003d2683"
                    }
                  ],
                  "classificationOid": [
                    {
                      "lang": "",
                      "value": "1.2.246.537.6.1222"
                    }
                  ],
                  "representation": [
                    {
                      "lang": "fi",
                      "value": "Koodi"
                    },
                    {
                      "lang": "sv",
                      "value": "Kod"
                    }
                  ],
                  "repeatable": true,
                  "required": false,
                  "conditionalRequired": false,
                  "nationwideRecordedInformation": true,
                  "hiddenField": false,
                  "hiddenTitle": false,
                  "rowNumber": 32
                },
                "required": [
                  "system",
                  "code",
                  "display"
                ],
                "properties": {
                  "system": {
                    "type": "string",
                    "pattern": "^urn:oid:1\\.2\\.246\\.537\\.6\\.1222(\\.\\d+)*$"
                  },
                  "code": {
                    "type": "string"
                  },
                  "display": {
                    "type": "string"
                  }
                }
              }
            }
          }
        },
        "sopimus": {
          "type": "object",
          "additionalProperties": false,
          "sosmeta": {
            "name": [
              {
                "lang": "fi",
                "value": "Sopimus"
              },
              {
                "lang": "sv",
                "value": "Avtal"
              }
            ],
            "description": [
              {
                "lang": "fi",
                "value": "-"
              },
              {
                "lang": "sv",
                "value": "-"
              }
            ],
            "example": [
              {
                "lang": "fi",
                "value": "-"
              },
              {
                "lang": "sv",
                "value": "-"
              }
            ],
            "repeatable": false,
            "required": false,
            "conditionalRequired": false,
            "nationwideRecordedInformation": false,
            "hiddenField": false,
            "hiddenTitle": false,
            "rowNumber": 33
          },
          "required": [
            "asiasisalto"
          ],
          "properties": {
            "asiasisalto": {
              "type": "string",
              "minLength": 1,
              "sosmeta": {
                "name": [
                  {
                    "lang": "fi",
                    "value": "Asiasisältö"
                  },
                  {
                    "lang": "sv",
                    "value": "Sakinnehåll"
                  }
                ],
                "description": [
                  {
                    "lang": "fi",
                    "value": "Kenttään kirjataan sopimuksen sisältö, esimerkiksi palvelun määrä ja hinta, muut sovitut asiat, laskutuskäytännöt, eri osapuolten oikeudet ja velvollisuudet."
                  },
                  {
                    "lang": "sv",
                    "value": "I fältet antecknas avtalets innehåll, till exempel mängden och priset för servicen, annat som överenskommits, faktureringspraxis, olika parters rättigheter och skyldigheter."
                  }
                ],
                "representation": [
                  {
                    "lang": "fi",
                    "value": "Teksti"
                  },
                  {
                    "lang": "sv",
                    "value": "Text"
                  }
                ],
                "repeatable": false,
                "required": true,
                "conditionalRequired": false,
                "nationwideRecordedInformation": false,
                "hiddenField": false,
                "hiddenTitle": false,
                "rowNumber": 34
              }
            },
            "ehdot": {
              "type": "string",
              "sosmeta": {
                "name": [
                  {
                    "lang": "fi",
                    "value": "Ehdot"
                  },
                  {
                    "lang": "sv",
                    "value": "Villkor"
                  }
                ],
                "description": [
                  {
                    "lang": "fi",
                    "value": "Kenttään kirjataan sopimuksen ehdot, esimerkiksi sopimuksen irtisanomiseen liittyvät ehdot."
                  },
                  {
                    "lang": "sv",
                    "value": "I fältet antecknas avtalsvillkoren, till exempel villkor angående uppsägning av avtalet."
                  }
                ],
                "example": [
                  {
                    "lang": "fi",
                    "value": "-"
                  },
                  {
                    "lang": "sv",
                    "value": "-"
                  }
                ],
                "representation": [
                  {
                    "lang": "fi",
                    "value": "Teksti"
                  },
                  {
                    "lang": "sv",
                    "value": "Text"
                  }
                ],
                "repeatable": false,
                "required": false,
                "conditionalRequired": false,
                "nationwideRecordedInformation": false,
                "hiddenField": false,
                "hiddenTitle": false,
                "rowNumber": 35
              }
            },
            "voimassaolo": {
              "type": "object",
              "additionalProperties": false,
              "sosmeta": {
                "name": [
                  {
                    "lang": "fi",
                    "value": "Voimassaolo"
                  },
                  {
                    "lang": "sv",
                    "value": "Giltighet"
                  }
                ],
                "description": [
                  {
                    "lang": "fi",
                    "value": "Tähän kirjataan ajanjakso, jonka sopimus on voimassa."
                  },
                  {
                    "lang": "sv",
                    "value": "Här antecknas tidsperioden, under vilken avtalet är giltigt."
                  }
                ],
                "repeatable": false,
                "required": false,
                "conditionalRequired": false,
                "nationwideRecordedInformation": false,
                "hiddenField": false,
                "hiddenTitle": false,
                "rowNumber": 36
              },
              "required": [],
              "properties": {
                "alkamispaiva": {
                  "type": "string",
                  "pattern": "^-?[0-9]{4}(-(0[1-9]|1[0-2])(-(0[0-9]|[1-2][0-9]|3[0-1]))?)?$",
                  "sosmeta": {
                    "name": [
                      {
                        "lang": "fi",
                        "value": "Alkamispäivä"
                      },
                      {
                        "lang": "sv",
                        "value": "Inledningsdatum"
                      }
                    ],
                    "description": [
                      {
                        "lang": "fi",
                        "value": "-"
                      },
                      {
                        "lang": "sv",
                        "value": "-"
                      }
                    ],
                    "example": [
                      {
                        "lang": "fi",
                        "value": "-"
                      },
                      {
                        "lang": "sv",
                        "value": "-"
                      }
                    ],
                    "representation": [
                      {
                        "lang": "fi",
                        "value": "Pvm"
                      },
                      {
                        "lang": "sv",
                        "value": "Datum"
                      }
                    ],
                    "repeatable": false,
                    "required": false,
                    "conditionalRequired": false,
                    "nationwideRecordedInformation": true,
                    "hiddenField": false,
                    "hiddenTitle": false,
                    "rowNumber": 37
                  }
                },
                "paattymispaiva": {
                  "type": "string",
                  "pattern": "^-?[0-9]{4}(-(0[1-9]|1[0-2])(-(0[0-9]|[1-2][0-9]|3[0-1]))?)?$",
                  "sosmeta": {
                    "name": [
                      {
                        "lang": "fi",
                        "value": "Päättymispäivä"
                      },
                      {
                        "lang": "sv",
                        "value": "Avslutningsdatum"
                      }
                    ],
                    "description": [
                      {
                        "lang": "fi",
                        "value": "-"
                      },
                      {
                        "lang": "sv",
                        "value": "-"
                      }
                    ],
                    "example": [
                      {
                        "lang": "fi",
                        "value": "-"
                      },
                      {
                        "lang": "sv",
                        "value": "-"
                      }
                    ],
                    "representation": [
                      {
                        "lang": "fi",
                        "value": "Pvm"
                      },
                      {
                        "lang": "sv",
                        "value": "Datum"
                      }
                    ],
                    "repeatable": false,
                    "required": false,
                    "conditionalRequired": false,
                    "nationwideRecordedInformation": true,
                    "hiddenField": false,
                    "hiddenTitle": false,
                    "rowNumber": 38
                  }
                }
              }
            }
          }
        },
        "lisatiedot": {
          "type": "string",
          "sosmeta": {
            "name": [
              {
                "lang": "fi",
                "value": "Lisätiedot"
              },
              {
                "lang": "sv",
                "value": "Mer information"
              }
            ],
            "description": [
              {
                "lang": "fi",
                "value": "Kenttään voi kirjata esimerkiksi tiedot mahdollisesta edunvalvojasta tai turvakiellosta."
              },
              {
                "lang": "sv",
                "value": "I fältet kan man anteckna till exempel uppgifter om intressebevakare eller spärrmarkering."
              }
            ],
            "representation": [
              {
                "lang": "fi",
                "value": "Teksti"
              },
              {
                "lang": "sv",
                "value": "Text"
              }
            ],
            "repeatable": false,
            "required": false,
            "conditionalRequired": false,
            "nationwideRecordedInformation": false,
            "hiddenField": false,
            "hiddenTitle": false,
            "rowNumber": 39
          }
        },
        "lakiselostus": {
          "type": "string",
          "sosmeta": {
            "name": [
              {
                "lang": "fi",
                "value": "Lakiselostus"
              },
              {
                "lang": "sv",
                "value": "Lagförklaring"
              }
            ],
            "representation": [
              {
                "lang": "fi",
                "value": "Teksti"
              },
              {
                "lang": "sv",
                "value": "Text"
              }
            ],
            "repeatable": false,
            "required": false,
            "conditionalRequired": false,
            "nationwideRecordedInformation": false,
            "hiddenField": false,
            "hiddenTitle": false,
            "rowNumber": 40
          }
        },
        "paivamaara": {
          "type": "string",
          "pattern": "^-?[0-9]{4}(-(0[1-9]|1[0-2])(-(0[0-9]|[1-2][0-9]|3[0-1]))?)?$",
          "sosmeta": {
            "name": [
              {
                "lang": "fi",
                "value": "Päivämäärä"
              },
              {
                "lang": "sv",
                "value": "Datum"
              }
            ],
            "description": [
              {
                "lang": "fi",
                "value": "Kenttään kirjataan sopimuksen laatimisen päivämäärä."
              },
              {
                "lang": "sv",
                "value": "I fältet antecknas datum för upprättandet av avtalet."
              }
            ],
            "representation": [
              {
                "lang": "fi",
                "value": "Pvm"
              },
              {
                "lang": "sv",
                "value": "Datum"
              }
            ],
            "repeatable": false,
            "required": false,
            "conditionalRequired": false,
            "nationwideRecordedInformation": true,
            "hiddenField": false,
            "hiddenTitle": false,
            "rowNumber": 41
          }
        },
        "laatija": {
          "type": "object",
          "additionalProperties": false,
          "sosmeta": {
            "name": [
              {
                "lang": "fi",
                "value": "Laatija"
              },
              {
                "lang": "sv",
                "value": "Upprättare"
              }
            ],
            "description": [
              {
                "lang": "fi",
                "value": "-"
              },
              {
                "lang": "sv",
                "value": "-"
              }
            ],
            "repeatable": false,
            "required": true,
            "conditionalRequired": false,
            "nationwideRecordedInformation": false,
            "hiddenField": false,
            "hiddenTitle": false,
            "rowNumber": 42
          },
          "required": [
            "sukunimi",
            "etunimet"
          ],
          "properties": {
            "sukunimi": {
              "type": "string",
              "minLength": 1,
              "sosmeta": {
                "name": [
                  {
                    "lang": "fi",
                    "value": "Sukunimi"
                  },
                  {
                    "lang": "sv",
                    "value": "Efternamn"
                  }
                ],
                "description": [
                  {
                    "lang": "fi",
                    "value": "-"
                  },
                  {
                    "lang": "sv",
                    "value": "-"
                  }
                ],
                "representation": [
                  {
                    "lang": "fi",
                    "value": "Nimi"
                  },
                  {
                    "lang": "sv",
                    "value": "Namn"
                  }
                ],
                "repeatable": false,
                "required": true,
                "conditionalRequired": false,
                "nationwideRecordedInformation": false,
                "hiddenField": false,
                "hiddenTitle": false,
                "rowNumber": 43
              }
            },
            "etunimet": {
              "type": "string",
              "minLength": 1,
              "sosmeta": {
                "name": [
                  {
                    "lang": "fi",
                    "value": "Etunimet"
                  },
                  {
                    "lang": "sv",
                    "value": "Samtliga förnamn"
                  }
                ],
                "description": [
                  {
                    "lang": "fi",
                    "value": "-"
                  },
                  {
                    "lang": "sv",
                    "value": "-"
                  }
                ],
                "representation": [
                  {
                    "lang": "fi",
                    "value": "Nimi"
                  },
                  {
                    "lang": "sv",
                    "value": "Namn"
                  }
                ],
                "repeatable": false,
                "required": true,
                "conditionalRequired": false,
                "nationwideRecordedInformation": false,
                "hiddenField": false,
                "hiddenTitle": false,
                "rowNumber": 44
              }
            },
            "tehtavanimike": {
              "type": "string",
              "sosmeta": {
                "name": [
                  {
                    "lang": "fi",
                    "value": "Tehtävänimike"
                  },
                  {
                    "lang": "sv",
                    "value": "Uppgiftsbeteckning"
                  }
                ],
                "description": [
                  {
                    "lang": "fi",
                    "value": "-"
                  },
                  {
                    "lang": "sv",
                    "value": "-"
                  }
                ],
                "example": [
                  {
                    "lang": "fi",
                    "value": "-"
                  },
                  {
                    "lang": "sv",
                    "value": "-"
                  }
                ],
                "representation": [
                  {
                    "lang": "fi",
                    "value": "Teksti"
                  },
                  {
                    "lang": "sv",
                    "value": "Text"
                  }
                ],
                "repeatable": false,
                "required": false,
                "conditionalRequired": false,
                "nationwideRecordedInformation": false,
                "hiddenField": false,
                "hiddenTitle": false,
                "rowNumber": 45
              }
            },
            "palveluyksikko": {
              "type": "object",
              "additionalProperties": false,
              "sosmeta": {
                "name": [
                  {
                    "lang": "fi",
                    "value": "Palveluyksikkö"
                  },
                  {
                    "lang": "sv",
                    "value": "Serviceenhet"
                  }
                ],
                "description": [
                  {
                    "lang": "fi",
                    "value": "Kenttään kirjataan palveluyksikön nimi SOTE-organisaatiorekisterin avulla."
                  },
                  {
                    "lang": "sv",
                    "value": "I fältet antecknas namnet på serviceenheten enligt Organisationsregistret för social- och hälsovården."
                  }
                ],
                "example": [
                  {
                    "lang": "fi",
                    "value": "1.2.246.10.1012636.10.1.1.100768 \u003d Espoon keskuksen lastensuojelu, Espoon kaupunki, sosiaali- ja terveystoimi"
                  },
                  {
                    "lang": "sv",
                    "value": "1.2.246.10.1012636.10.1.1.100768 \u003d Esbo centrums barnskydd, Esbo stad, social- och hälsovårdssektorn"
                  }
                ],
                "classification": [
                  {
                    "lang": "fi",
                    "value": "Koodistopalvelin: THL - SOTE-organisaatiorekisteri 1.2.246.537.6.202"
                  },
                  {
                    "lang": "sv",
                    "value": "Kodtjänsten: THL - SOTE-organisationsregister 1.2.246.537.6.202"
                  }
                ],
                "classificationLink": [
                  {
                    "lang": "",
                    "value": "https://koodistopalvelu.kanta.fi/codeserver/pages/classification-view-page.xhtml?classificationKey\u003d421\u0026versionKey\u003d501"
                  }
                ],
                "classificationOid": [
                  {
                    "lang": "",
                    "value": "1.2.246.537.6.202"
                  }
                ],
                "representation": [
                  {
                    "lang": "fi",
                    "value": "Koodi"
                  },
                  {
                    "lang": "sv",
                    "value": "Kod"
                  }
                ],
                "repeatable": false,
                "required": false,
                "conditionalRequired": false,
                "nationwideRecordedInformation": true,
                "hiddenField": false,
                "hiddenTitle": false,
                "rowNumber": 46
              },
              "required": [
                "system",
                "code",
                "display"
              ],
              "properties": {
                "system": {
                  "type": "string",
                  "pattern": "^urn:oid:1\\.2\\.246\\.537\\.6\\.202(\\.\\d+)*$"
                },
                "code": {
                  "type": "string"
                },
                "display": {
                  "type": "string"
                }
              }
            }
          }
        },
        "allekirjoitus": {
          "type": "array",
          "minItems": 1,
          "items": {
            "type": "object",
            "additionalProperties": false,
            "sosmeta": {
              "name": [
                {
                  "lang": "fi",
                  "value": "Allekirjoitus"
                },
                {
                  "lang": "sv",
                  "value": "Underskrift"
                }
              ],
              "description": [
                {
                  "lang": "fi",
                  "value": "Asiakirjan allekirjoittavat sopijapuolet, kuten asiakas tai asiakkaan laillinen edustaja ja palveluntuottajan edustaja."
                },
                {
                  "lang": "sv",
                  "value": "Avtalsparter som undertecknar handlingen, såsom klienten eller klientens lagliga företrädare och företrädaren för tjänsteproducenten."
                }
              ],
              "repeatable": true,
              "required": true,
              "conditionalRequired": false,
              "nationwideRecordedInformation": false,
              "hiddenField": false,
              "hiddenTitle": false,
              "rowNumber": 47
            },
            "required": [
              "allekirjoituksen_tyyppi"
            ],
            "properties": {
              "allekirjoituksen_tyyppi": {
                "type": "object",
                "additionalProperties": false,
                "sosmeta": {
                  "name": [
                    {
                      "lang": "fi",
                      "value": "Allekirjoituksen tyyppi"
                    },
                    {
                      "lang": "sv",
                      "value": "Typ av underskrift"
                    }
                  ],
                  "description": [
                    {
                      "lang": "fi",
                      "value": "Kenttään kirjataan luokituksen avulla allekirjoituksen tyyppi."
                    },
                    {
                      "lang": "sv",
                      "value": "I fältet antecknas underskriftens typ med hjälp av klassificeringen."
                    }
                  ],
                  "example": [
                    {
                      "lang": "fi",
                      "value": "1 \u003d Asiakirja on allekirjoitettu sähköisesti"
                    },
                    {
                      "lang": "sv",
                      "value": "1 \u003d Handlingen har undertecknats elektroniskt"
                    }
                  ],
                  "classification": [
                    {
                      "lang": "fi",
                      "value": "Koodistopalvelin: eArkisto - Allekirjoitus 1.2.246.537.5.40161"
                    },
                    {
                      "lang": "sv",
                      "value": "Kodtjänsten: eArkiv - Underskrift 1.2.246.537.5.40161"
                    }
                  ],
                  "classificationLink": [
                    {
                      "lang": "",
                      "value": "https://koodistopalvelu.kanta.fi/codeserver/pages/classification-view-page.xhtml?classificationKey\u003d252\u0026versionKey\u003d329"
                    }
                  ],
                  "classificationOid": [
                    {
                      "lang": "",
                      "value": "1.2.246.537.5.40161"
                    }
                  ],
                  "representation": [
                    {
                      "lang": "fi",
                      "value": "Koodi"
                    },
                    {
                      "lang": "sv",
                      "value": "Kod"
                    }
                  ],
                  "repeatable": false,
                  "required": true,
                  "conditionalRequired": false,
                  "nationwideRecordedInformation": false,
                  "hiddenField": false,
                  "hiddenTitle": false,
                  "rowNumber": 48
                },
                "required": [
                  "system",
                  "code",
                  "display"
                ],
                "properties": {
                  "system": {
                    "type": "string",
                    "pattern": "^urn:oid:1\\.2\\.246\\.537\\.5\\.40161(\\.\\d+)*$"
                  },
                  "code": {
                    "type": "string"
                  },
                  "display": {
                    "type": "string"
                  }
                }
              },
              "paikka": {
                "type": "string",
                "sosmeta": {
                  "name": [
                    {
                      "lang": "fi",
                      "value": "Paikka"
                    },
                    {
                      "lang": "sv",
                      "value": "Plats"
                    }
                  ],
                  "description": [
                    {
                      "lang": "fi",
                      "value": "Kenttään kirjataan allekirjoituspaikka. Kenttää käytetään vain paperitulosteessa tai -lomakkeessa silloin, kun asiakirja allekirjoitetaan käsin eli Allekirjoituksen tyyppi -kenttään on valittu koodi 2 \u003d Asiakirja on allekirjoitettu käsin. Kenttä voidaan täyttää asiakastietojärjestelmässä samalla kun asiakirja laaditaan, jos asiakirja allekirjoitetaan laatimisen yhteydessä."
                    },
                    {
                      "lang": "sv",
                      "value": "I fältet antecknas orten för underskriften. Fältet används endast för pappersutskrift eller -blankett när handlingen undertecknas för hand dvs. kod 2 \u003d Handlingen har undertecknats för hand har valts i fältet Underskriftens typ. Fältet kan ifyllas i klientdatasystemet samtidigt som handlingen upprättas, om handlingen undertecknas i samband med upprättandet."
                    }
                  ],
                  "example": [
                    {
                      "lang": "fi",
                      "value": "Helsinki"
                    },
                    {
                      "lang": "sv",
                      "value": "Helsingfors"
                    }
                  ],
                  "representation": [
                    {
                      "lang": "fi",
                      "value": "Teksti"
                    },
                    {
                      "lang": "sv",
                      "value": "Text"
                    }
                  ],
                  "repeatable": false,
                  "required": false,
                  "conditionalRequired": false,
                  "nationwideRecordedInformation": false,
                  "hiddenField": false,
                  "hiddenTitle": false,
                  "rowNumber": 49
                }
              },
              "paivamaara": {
                "type": "string",
                "pattern": "^-?[0-9]{4}(-(0[1-9]|1[0-2])(-(0[0-9]|[1-2][0-9]|3[0-1]))?)?$",
                "sosmeta": {
                  "name": [
                    {
                      "lang": "fi",
                      "value": "Päivämäärä"
                    },
                    {
                      "lang": "sv",
                      "value": "Datum"
                    }
                  ],
                  "description": [
                    {
                      "lang": "fi",
                      "value": "Kenttään kirjataan allekirjoituksen päivämäärä. Kenttää käytetään vain paperitulosteessa tai -lomakkeessa, kun asiakirja allekirjoitetaan käsin ja Allekirjoituksen tyyppi -kenttään on valittu koodi 2 \u003d Asiakirja on allekirjoitettu käsin. Kenttä voidaan täyttää asiakastietojärjestelmässä samalla kun asiakirja laaditaan, jos asiakirja allekirjoitetaan laatimisen yhteydessä."
                    },
                    {
                      "lang": "sv",
                      "value": "I fältet antecknas datum för underskriften. Fältet används endast för pappersutskrift eller -blankett när handlingen undertecknas för hand och kod 2 \u003d Handlingen har undertecknats för hand har valts i fältet Underskriftens typ. Fältet kan ifyllas i klientdatasystemet samtidigt som handlingen upprättas, om handlingen undertecknas i samband med upprättandet."
                    }
                  ],
                  "example": [
                    {
                      "lang": "fi",
                      "value": "29.05.2020"
                    },
                    {
                      "lang": "sv",
                      "value": "29.05.2020"
                    }
                  ],
                  "representation": [
                    {
                      "lang": "fi",
                      "value": "Pvm"
                    },
                    {
                      "lang": "sv",
                      "value": "Datum"
                    }
                  ],
                  "repeatable": false,
                  "required": false,
                  "conditionalRequired": false,
                  "nationwideRecordedInformation": false,
                  "hiddenField": false,
                  "hiddenTitle": false,
                  "rowNumber": 50
                }
              },
              "allekirjoitus": {
                "type": "string",
                "sosmeta": {
                  "name": [
                    {
                      "lang": "fi",
                      "value": "Allekirjoitus"
                    },
                    {
                      "lang": "sv",
                      "value": "Underskrift"
                    }
                  ],
                  "description": [
                    {
                      "lang": "fi",
                      "value": "Kenttää käytetään vain paperitulosteessa tai -lomakkeessa, kun asiakirja allekirjoitetaan käsin ja Allekirjoituksen tyyppi -kenttään on valittu koodi 2 \u003d Asiakirja on allekirjoitettu käsin."
                    },
                    {
                      "lang": "sv",
                      "value": "Fältet används endast för pappersutskrift eller -blankett när handlingen undertecknas för hand och kod 2 \u003d Handlingen har undertecknats för hand har valts i fältet Underskriftens typ."
                    }
                  ],
                  "representation": [
                    {
                      "lang": "fi",
                      "value": "Allekirjoitus"
                    },
                    {
                      "lang": "sv",
                      "value": "Underskrift"
                    }
                  ],
                  "repeatable": false,
                  "required": false,
                  "conditionalRequired": false,
                  "nationwideRecordedInformation": false,
                  "hiddenField": false,
                  "hiddenTitle": false,
                  "rowNumber": 51
                }
              },
              "nimi": {
                "type": "string",
                "sosmeta": {
                  "name": [
                    {
                      "lang": "fi",
                      "value": "Nimi"
                    },
                    {
                      "lang": "sv",
                      "value": "Namn"
                    }
                  ],
                  "description": [
                    {
                      "lang": "fi",
                      "value": "Kenttään kirjataan allekirjoittajan nimi tai nimenselvennys. Kenttää käytetään vain paperitulosteessa tai -lomakkeessa, kun asiakirja allekirjoitetaan käsin ja Allekirjoituksen tyyppi -kenttään on valittu koodi 2 \u003d Asiakirja on allekirjoitettu käsin. Kenttä voidaan täyttää asiakastietojärjestelmässä samalla kun asiakirja laaditaan, jos asiakirja allekirjoitetaan laatimisen yhteydessä."
                    },
                    {
                      "lang": "sv",
                      "value": "I fältet antecknas undertecknarens namn eller namnförtydligande. Fältet används endast för pappersutskrift eller -blankett när handlingen undertecknas för hand och kod 2 \u003d Handlingen har undertecknats för hand har valts i fältet Underskriftens typ. Fältet kan ifyllas i klientdatasystemet samtidigt som handlingen upprättas, om handlingen undertecknas i samband med upprättandet."
                    }
                  ],
                  "representation": [
                    {
                      "lang": "fi",
                      "value": "Nimi"
                    },
                    {
                      "lang": "sv",
                      "value": "Namn"
                    }
                  ],
                  "repeatable": false,
                  "required": false,
                  "conditionalRequired": false,
                  "nationwideRecordedInformation": false,
                  "hiddenField": false,
                  "hiddenTitle": false,
                  "rowNumber": 52
                }
              }
            }
          }
        }
      }
    }
  }
}