{
  "$schema": "http://json-schema.org/draft-07/schema#",
  "title": "\u0027Lausuntopyyntö sukulaisen oikeusgeneettisestä isyystutkimuksesta\u0027 JSON schema",
  "type": "object",
  "additionalProperties": false,
  "sosmeta": {
    "title": "\u0027Lausuntopyyntö sukulaisen oikeusgeneettisestä isyystutkimuksesta\u0027 JSON schema",
    "status": "Vanhentunut",
    "documentDefinitionVersion": "2022-09-28",
    "dataComponentLibraryVersion": "2022-09-27",
    "oid": "1.2.246.537.6.1506.10001.2022.9.28",
    "documentType": "Pyyntö",
    "documentAuthor": "lastenvalvoja (tuomioistuin, THL)",
    "documentSubject": "Vanhemmuuden selvittämisen asiakasasiakirjat"
  },
  "required": [
    "lausuntopyynto_sukulaisen_oikeusgeneettisesta_isyystutkimuksesta"
  ],
  "properties": {
    "lausuntopyynto_sukulaisen_oikeusgeneettisesta_isyystutkimuksesta": {
      "type": "object",
      "additionalProperties": false,
      "sosmeta": {
        "name": [
          {
            "lang": "fi",
            "value": "Lausuntopyyntö sukulaisen oikeusgeneettisestä isyystutkimuksesta"
          },
          {
            "lang": "sv",
            "value": "Begäran om utlåtande om rättsgenetisk faderskapsundersökning som gäller släkting"
          }
        ]
      },
      "required": [
        "versiotunnus",
        "tilauksen_asianumero",
        "asiakas",
        "pyynto",
        "lapsi",
        "synnyttanyt_aiti",
        "mahdollinen_isa",
        "mahdollisesti_tutkittavien_sukulaisten_tiedot",
        "ohje_yksi"
      ],
      "properties": {
        "versiotunnus": {
          "type": "object",
          "additionalProperties": false,
          "sosmeta": {
            "name": [
              {
                "lang": "fi",
                "value": "Versiotunnus"
              },
              {
                "lang": "sv",
                "value": "Versionnummer"
              }
            ],
            "title": [
              {
                "lang": "fi",
                "value": "VSAK-16-THL-2023-01-01-fi"
              },
              {
                "lang": "sv",
                "value": "VSAK-16-THL-2023-01-01-sv"
              }
            ],
            "implementationNote": [
              {
                "lang": "fi",
                "value": "Versiotunnuksena näytetään asiakirjan alatunnisteessa otsikko-kentässä oleva tunnus."
              },
              {
                "lang": "sv",
                "value": "Versiotunnuksena näytetään asiakirjan alatunnisteessa otsikko-kentässä oleva tunnus."
              }
            ],
            "representation": [
              {
                "lang": "fi",
                "value": "Tunnus"
              },
              {
                "lang": "sv",
                "value": "Identifierare"
              }
            ],
            "repeatable": false,
            "required": true,
            "conditionalRequired": false,
            "nationwideRecordedInformation": false,
            "hiddenField": false,
            "hiddenTitle": false,
            "rowNumber": 1
          },
          "required": [
            "value"
          ],
          "properties": {
            "system": {
              "type": "string"
            },
            "value": {
              "type": "string"
            }
          }
        },
        "tilauksen_asianumero": {
          "type": "object",
          "additionalProperties": false,
          "sosmeta": {
            "name": [
              {
                "lang": "fi",
                "value": "Tilauksen asianumero"
              },
              {
                "lang": "sv",
                "value": "Beställningens ärendenummer"
              }
            ],
            "implementationNote": [
              {
                "lang": "fi",
                "value": "Asianumero näytetään asiakirjan ylätunnisteessa. Asianumeron tulee olla sama kuin asiakirjan metatiedoissa oleva asiatunnus."
              },
              {
                "lang": "sv",
                "value": "Ärendenumret visas i handlingens sidhuvud. Ärendenumret ska vara samma nummer som ärendekoden i handlingens metadata."
              }
            ],
            "representation": [
              {
                "lang": "fi",
                "value": "Tunnus"
              },
              {
                "lang": "sv",
                "value": "Identifierare"
              }
            ],
            "repeatable": false,
            "required": true,
            "conditionalRequired": false,
            "nationwideRecordedInformation": false,
            "hiddenField": false,
            "hiddenTitle": false,
            "rowNumber": 2
          },
          "required": [
            "value"
          ],
          "properties": {
            "system": {
              "type": "string"
            },
            "value": {
              "type": "string"
            }
          }
        },
        "maarayksen_diaarinumero": {
          "type": "object",
          "additionalProperties": false,
          "sosmeta": {
            "name": [
              {
                "lang": "fi",
                "value": "Määräyksen diaarinumero"
              },
              {
                "lang": "sv",
                "value": "Förordnandets diarienummer"
              }
            ],
            "implementationNote": [
              {
                "lang": "fi",
                "value": "Määräyksen diaarinumero näytetään asiakirjan ylätunnisteessa kentän \u0027Tilauksen asianumero\u0027 alla."
              },
              {
                "lang": "sv",
                "value": "Määräyksen diaarinumero näytetään asiakirjan ylätunnisteessa kentän \u0027Beställningens ärendenummer\u0027 alla."
              }
            ],
            "representation": [
              {
                "lang": "fi",
                "value": "Tunnus"
              },
              {
                "lang": "sv",
                "value": "Identifierare"
              }
            ],
            "repeatable": false,
            "required": false,
            "conditionalRequired": false,
            "nationwideRecordedInformation": false,
            "hiddenField": false,
            "hiddenTitle": false,
            "rowNumber": 3
          },
          "required": [
            "value"
          ],
          "properties": {
            "system": {
              "type": "string"
            },
            "value": {
              "type": "string"
            }
          }
        },
        "laki_oikeusgeneettisesta_isyystutkimuksesta_kolmeseitsemankahdeksankaksinollanollaviisi_yksiyksi__yksi_momentti": {
          "type": "object",
          "additionalProperties": false,
          "sosmeta": {
            "name": [
              {
                "lang": "fi",
                "value": "Laki oikeusgeneettisestä isyystutkimuksesta 378/2005 11 § 1 momentti"
              },
              {
                "lang": "sv",
                "value": "Lagen om rättsgenetisk faderskapsundersökning 378/2005 11 § 1 mom."
              }
            ],
            "implementationNote": [
              {
                "lang": "fi",
                "value": "Kentässä oleva lain nimi, pykälä ja momentti näytetään asiakirjan nimen alla."
              },
              {
                "lang": "sv",
                "value": "Kentässä oleva lain nimi, pykälä ja momentti näytetään asiakirjan nimen alla."
              }
            ],
            "representation": [
              {
                "lang": "fi",
                "value": "Otsikko"
              },
              {
                "lang": "sv",
                "value": "Rubrik"
              }
            ],
            "repeatable": false,
            "required": false,
            "conditionalRequired": false,
            "nationwideRecordedInformation": false,
            "hiddenField": false,
            "hiddenTitle": false,
            "rowNumber": 4
          },
          "required": [],
          "properties": {}
        },
        "asiakas": {
          "type": "array",
          "minItems": 1,
          "items": {
            "type": "object",
            "additionalProperties": false,
            "sosmeta": {
              "name": [
                {
                  "lang": "fi",
                  "value": "Asiakas"
                },
                {
                  "lang": "sv",
                  "value": "Klient"
                }
              ],
              "description": [
                {
                  "lang": "fi",
                  "value": "-"
                },
                {
                  "lang": "sv",
                  "value": "-"
                }
              ],
              "repeatable": true,
              "required": true,
              "conditionalRequired": false,
              "nationwideRecordedInformation": false,
              "hiddenField": false,
              "hiddenTitle": false,
              "rowNumber": 5
            },
            "required": [
              "sukunimi",
              "etunimet"
            ],
            "properties": {
              "sukunimi": {
                "type": "string",
                "minLength": 1,
                "sosmeta": {
                  "name": [
                    {
                      "lang": "fi",
                      "value": "Sukunimi"
                    },
                    {
                      "lang": "sv",
                      "value": "Efternamn"
                    }
                  ],
                  "description": [
                    {
                      "lang": "fi",
                      "value": "-"
                    },
                    {
                      "lang": "sv",
                      "value": "-"
                    }
                  ],
                  "example": [
                    {
                      "lang": "fi",
                      "value": "-"
                    },
                    {
                      "lang": "sv",
                      "value": "-"
                    }
                  ],
                  "representation": [
                    {
                      "lang": "fi",
                      "value": "Nimi"
                    },
                    {
                      "lang": "sv",
                      "value": "Namn"
                    }
                  ],
                  "repeatable": false,
                  "required": true,
                  "conditionalRequired": false,
                  "nationwideRecordedInformation": false,
                  "hiddenField": false,
                  "hiddenTitle": false,
                  "rowNumber": 6
                }
              },
              "etunimet": {
                "type": "string",
                "minLength": 1,
                "sosmeta": {
                  "name": [
                    {
                      "lang": "fi",
                      "value": "Etunimet"
                    },
                    {
                      "lang": "sv",
                      "value": "Samtliga förnamn"
                    }
                  ],
                  "description": [
                    {
                      "lang": "fi",
                      "value": "-"
                    },
                    {
                      "lang": "sv",
                      "value": "-"
                    }
                  ],
                  "example": [
                    {
                      "lang": "fi",
                      "value": "-"
                    },
                    {
                      "lang": "sv",
                      "value": "-"
                    }
                  ],
                  "representation": [
                    {
                      "lang": "fi",
                      "value": "Nimi"
                    },
                    {
                      "lang": "sv",
                      "value": "Namn"
                    }
                  ],
                  "repeatable": false,
                  "required": true,
                  "conditionalRequired": false,
                  "nationwideRecordedInformation": false,
                  "hiddenField": false,
                  "hiddenTitle": false,
                  "rowNumber": 7
                }
              },
              "henkilotunnus": {
                "type": "object",
                "additionalProperties": false,
                "sosmeta": {
                  "name": [
                    {
                      "lang": "fi",
                      "value": "Henkilötunnus"
                    },
                    {
                      "lang": "sv",
                      "value": "Personbeteckning"
                    }
                  ],
                  "description": [
                    {
                      "lang": "fi",
                      "value": "-"
                    },
                    {
                      "lang": "sv",
                      "value": "-"
                    }
                  ],
                  "example": [
                    {
                      "lang": "fi",
                      "value": "-"
                    },
                    {
                      "lang": "sv",
                      "value": "-"
                    }
                  ],
                  "implementationNote": [
                    {
                      "lang": "fi",
                      "value": "Ehdollisesti pakollinen: Henkilötunnus- ja Syntymäaika -kentistä toinen on pakollinen."
                    },
                    {
                      "lang": "sv",
                      "value": "Ehdollisesti pakollinen: Henkilötunnus- ja Syntymäaika -kentistä toinen on pakollinen."
                    }
                  ],
                  "representation": [
                    {
                      "lang": "fi",
                      "value": "Tunnus"
                    },
                    {
                      "lang": "sv",
                      "value": "Identifierare"
                    }
                  ],
                  "systemUri": [
                    {
                      "lang": "",
                      "value": "urn:oid:1.2.246.21"
                    }
                  ],
                  "repeatable": false,
                  "required": false,
                  "conditionalRequired": true,
                  "nationwideRecordedInformation": false,
                  "hiddenField": false,
                  "hiddenTitle": false,
                  "rowNumber": 8
                },
                "required": [
                  "value"
                ],
                "properties": {
                  "system": {
                    "type": "string"
                  },
                  "value": {
                    "type": "string"
                  }
                }
              },
              "syntymaaika": {
                "type": "string",
                "pattern": "^-?[0-9]{4}(-(0[1-9]|1[0-2])(-(0[0-9]|[1-2][0-9]|3[0-1]))?)?$",
                "sosmeta": {
                  "name": [
                    {
                      "lang": "fi",
                      "value": "Syntymäaika"
                    },
                    {
                      "lang": "sv",
                      "value": "Födelsetid"
                    }
                  ],
                  "title": [
                    {
                      "lang": "fi",
                      "value": "Syntymäaika, jos henkilöllä ei ole suomalaista henkilötunnusta"
                    },
                    {
                      "lang": "sv",
                      "value": "Födelsedatum, om personen inte har en finsk personbeteckning"
                    }
                  ],
                  "description": [
                    {
                      "lang": "fi",
                      "value": "-"
                    },
                    {
                      "lang": "sv",
                      "value": "-"
                    }
                  ],
                  "example": [
                    {
                      "lang": "fi",
                      "value": "-"
                    },
                    {
                      "lang": "sv",
                      "value": "-"
                    }
                  ],
                  "implementationNote": [
                    {
                      "lang": "fi",
                      "value": "Ehdollisesti pakollinen: Henkilötunnus- ja Syntymäaika -kentistä toinen on pakollinen."
                    },
                    {
                      "lang": "sv",
                      "value": "Ehdollisesti pakollinen: Henkilötunnus- ja Syntymäaika -kentistä toinen on pakollinen."
                    }
                  ],
                  "representation": [
                    {
                      "lang": "fi",
                      "value": "Pvm"
                    },
                    {
                      "lang": "sv",
                      "value": "Datum"
                    }
                  ],
                  "repeatable": false,
                  "required": false,
                  "conditionalRequired": true,
                  "nationwideRecordedInformation": false,
                  "hiddenField": false,
                  "hiddenTitle": false,
                  "rowNumber": 9
                }
              }
            }
          }
        },
        "pyynto": {
          "type": "string",
          "enum": [
            "Tutkimuksen tekijää pyydetään toimittamaan lausunto siitä, edistääkö sukulaisen tutkiminen lapsen isyyden selvittämistä ja voiko tutkimuksessa tulla ilmi tutkittavan omaa tai hänen lapsensa syntyperää koskevia seikkoja."
          ],
          "sosmeta": {
            "name": [
              {
                "lang": "fi",
                "value": "Pyyntö"
              },
              {
                "lang": "sv",
                "value": "Begäran"
              }
            ],
            "implementationNote": [
              {
                "lang": "fi",
                "value": "Fraasi-kentässä ”Kenttää ei näytetä” tarkoittaa, ettei ammattilainen voi täyttää kenttää. Fraasi-kohdassa oleva teksti näytetään sekä tietojärjestelmässä että valmiissa asiakirjassa."
              },
              {
                "lang": "sv",
                "value": "Fraasi-kentässä ”Kenttää ei näytetä” tarkoittaa, ettei ammattilainen voi täyttää kenttää. Fraasi-kohdassa oleva teksti näytetään sekä tietojärjestelmässä että valmiissa asiakirjassa."
              }
            ],
            "phrase": [
              {
                "lang": "fi",
                "value": "Tutkimuksen tekijää pyydetään toimittamaan lausunto siitä, edistääkö sukulaisen tutkiminen lapsen isyyden selvittämistä ja voiko tutkimuksessa tulla ilmi tutkittavan omaa tai hänen lapsensa syntyperää koskevia seikkoja."
              },
              {
                "lang": "sv",
                "value": "Av undersökningsmyndigheten begärs ett utlåtande om en undersökning som gäller släkting främjar utredningen av faderskapet till barnet och om det i samband med undersökningen kan komma fram omständigheter som gäller den undersöktes egen eller dennes barns härkomst."
              }
            ],
            "representation": [
              {
                "lang": "fi",
                "value": "Fraasi"
              },
              {
                "lang": "sv",
                "value": "Fras"
              }
            ],
            "repeatable": false,
            "required": true,
            "conditionalRequired": false,
            "nationwideRecordedInformation": false,
            "hiddenField": true,
            "hiddenTitle": false,
            "rowNumber": 10
          }
        },
        "lapsi": {
          "type": "object",
          "additionalProperties": false,
          "sosmeta": {
            "name": [
              {
                "lang": "fi",
                "value": "Lapsi"
              },
              {
                "lang": "sv",
                "value": "Barnet"
              }
            ],
            "description": [
              {
                "lang": "fi",
                "value": "-"
              },
              {
                "lang": "sv",
                "value": "-"
              }
            ],
            "repeatable": false,
            "required": true,
            "conditionalRequired": false,
            "nationwideRecordedInformation": false,
            "hiddenField": false,
            "hiddenTitle": false,
            "rowNumber": 11
          },
          "required": [
            "sukunimi",
            "etunimet"
          ],
          "properties": {
            "sukunimi": {
              "type": "string",
              "minLength": 1,
              "sosmeta": {
                "name": [
                  {
                    "lang": "fi",
                    "value": "Sukunimi"
                  },
                  {
                    "lang": "sv",
                    "value": "Efternamn"
                  }
                ],
                "description": [
                  {
                    "lang": "fi",
                    "value": "-"
                  },
                  {
                    "lang": "sv",
                    "value": "-"
                  }
                ],
                "example": [
                  {
                    "lang": "fi",
                    "value": "-"
                  },
                  {
                    "lang": "sv",
                    "value": "-"
                  }
                ],
                "representation": [
                  {
                    "lang": "fi",
                    "value": "Nimi"
                  },
                  {
                    "lang": "sv",
                    "value": "Namn"
                  }
                ],
                "repeatable": false,
                "required": true,
                "conditionalRequired": false,
                "nationwideRecordedInformation": false,
                "hiddenField": false,
                "hiddenTitle": false,
                "rowNumber": 12
              }
            },
            "etunimet": {
              "type": "string",
              "minLength": 1,
              "sosmeta": {
                "name": [
                  {
                    "lang": "fi",
                    "value": "Etunimet"
                  },
                  {
                    "lang": "sv",
                    "value": "Samtliga förnamn"
                  }
                ],
                "description": [
                  {
                    "lang": "fi",
                    "value": "-"
                  },
                  {
                    "lang": "sv",
                    "value": "-"
                  }
                ],
                "example": [
                  {
                    "lang": "fi",
                    "value": "-"
                  },
                  {
                    "lang": "sv",
                    "value": "-"
                  }
                ],
                "representation": [
                  {
                    "lang": "fi",
                    "value": "Nimi"
                  },
                  {
                    "lang": "sv",
                    "value": "Namn"
                  }
                ],
                "repeatable": false,
                "required": true,
                "conditionalRequired": false,
                "nationwideRecordedInformation": false,
                "hiddenField": false,
                "hiddenTitle": false,
                "rowNumber": 13
              }
            },
            "henkilotunnus": {
              "type": "object",
              "additionalProperties": false,
              "sosmeta": {
                "name": [
                  {
                    "lang": "fi",
                    "value": "Henkilötunnus"
                  },
                  {
                    "lang": "sv",
                    "value": "Personbeteckning"
                  }
                ],
                "description": [
                  {
                    "lang": "fi",
                    "value": "-"
                  },
                  {
                    "lang": "sv",
                    "value": "-"
                  }
                ],
                "example": [
                  {
                    "lang": "fi",
                    "value": "-"
                  },
                  {
                    "lang": "sv",
                    "value": "-"
                  }
                ],
                "implementationNote": [
                  {
                    "lang": "fi",
                    "value": "Ehdollisesti pakollinen: Henkilötunnus- ja Syntymäaika -kentistä toinen on pakollinen."
                  },
                  {
                    "lang": "sv",
                    "value": "Ehdollisesti pakollinen: Henkilötunnus- ja Syntymäaika -kentistä toinen on pakollinen."
                  }
                ],
                "representation": [
                  {
                    "lang": "fi",
                    "value": "Tunnus"
                  },
                  {
                    "lang": "sv",
                    "value": "Identifierare"
                  }
                ],
                "systemUri": [
                  {
                    "lang": "",
                    "value": "urn:oid:1.2.246.21"
                  }
                ],
                "repeatable": false,
                "required": false,
                "conditionalRequired": true,
                "nationwideRecordedInformation": false,
                "hiddenField": false,
                "hiddenTitle": false,
                "rowNumber": 14
              },
              "required": [
                "value"
              ],
              "properties": {
                "system": {
                  "type": "string"
                },
                "value": {
                  "type": "string"
                }
              }
            },
            "syntymaaika": {
              "type": "string",
              "pattern": "^-?[0-9]{4}(-(0[1-9]|1[0-2])(-(0[0-9]|[1-2][0-9]|3[0-1]))?)?$",
              "sosmeta": {
                "name": [
                  {
                    "lang": "fi",
                    "value": "Syntymäaika"
                  },
                  {
                    "lang": "sv",
                    "value": "Födelsetid"
                  }
                ],
                "title": [
                  {
                    "lang": "fi",
                    "value": "Syntymäaika, jos henkilöllä ei ole suomalaista henkilötunnusta"
                  },
                  {
                    "lang": "sv",
                    "value": "Födelsedatum, om personen inte har en finsk personbeteckning"
                  }
                ],
                "description": [
                  {
                    "lang": "fi",
                    "value": "-"
                  },
                  {
                    "lang": "sv",
                    "value": "-"
                  }
                ],
                "example": [
                  {
                    "lang": "fi",
                    "value": "-"
                  },
                  {
                    "lang": "sv",
                    "value": "-"
                  }
                ],
                "implementationNote": [
                  {
                    "lang": "fi",
                    "value": "Ehdollisesti pakollinen: Henkilötunnus- ja Syntymäaika -kentistä toinen on pakollinen."
                  },
                  {
                    "lang": "sv",
                    "value": "Ehdollisesti pakollinen: Henkilötunnus- ja Syntymäaika -kentistä toinen on pakollinen."
                  }
                ],
                "representation": [
                  {
                    "lang": "fi",
                    "value": "Pvm"
                  },
                  {
                    "lang": "sv",
                    "value": "Datum"
                  }
                ],
                "repeatable": false,
                "required": false,
                "conditionalRequired": true,
                "nationwideRecordedInformation": false,
                "hiddenField": false,
                "hiddenTitle": false,
                "rowNumber": 15
              }
            }
          }
        },
        "synnyttanyt_aiti": {
          "type": "object",
          "additionalProperties": false,
          "sosmeta": {
            "name": [
              {
                "lang": "fi",
                "value": "Synnyttänyt äiti"
              },
              {
                "lang": "sv",
                "value": "Den mor som har fött barnet"
              }
            ],
            "description": [
              {
                "lang": "fi",
                "value": "-"
              },
              {
                "lang": "sv",
                "value": "-"
              }
            ],
            "repeatable": false,
            "required": true,
            "conditionalRequired": false,
            "nationwideRecordedInformation": false,
            "hiddenField": false,
            "hiddenTitle": false,
            "rowNumber": 16
          },
          "required": [
            "sukunimi",
            "etunimet"
          ],
          "properties": {
            "sukunimi": {
              "type": "string",
              "minLength": 1,
              "sosmeta": {
                "name": [
                  {
                    "lang": "fi",
                    "value": "Sukunimi"
                  },
                  {
                    "lang": "sv",
                    "value": "Efternamn"
                  }
                ],
                "description": [
                  {
                    "lang": "fi",
                    "value": "-"
                  },
                  {
                    "lang": "sv",
                    "value": "-"
                  }
                ],
                "example": [
                  {
                    "lang": "fi",
                    "value": "-"
                  },
                  {
                    "lang": "sv",
                    "value": "-"
                  }
                ],
                "representation": [
                  {
                    "lang": "fi",
                    "value": "Nimi"
                  },
                  {
                    "lang": "sv",
                    "value": "Namn"
                  }
                ],
                "repeatable": false,
                "required": true,
                "conditionalRequired": false,
                "nationwideRecordedInformation": false,
                "hiddenField": false,
                "hiddenTitle": false,
                "rowNumber": 17
              }
            },
            "etunimet": {
              "type": "string",
              "minLength": 1,
              "sosmeta": {
                "name": [
                  {
                    "lang": "fi",
                    "value": "Etunimet"
                  },
                  {
                    "lang": "sv",
                    "value": "Samtliga förnamn"
                  }
                ],
                "description": [
                  {
                    "lang": "fi",
                    "value": "-"
                  },
                  {
                    "lang": "sv",
                    "value": "-"
                  }
                ],
                "example": [
                  {
                    "lang": "fi",
                    "value": "-"
                  },
                  {
                    "lang": "sv",
                    "value": "-"
                  }
                ],
                "representation": [
                  {
                    "lang": "fi",
                    "value": "Nimi"
                  },
                  {
                    "lang": "sv",
                    "value": "Namn"
                  }
                ],
                "repeatable": false,
                "required": true,
                "conditionalRequired": false,
                "nationwideRecordedInformation": false,
                "hiddenField": false,
                "hiddenTitle": false,
                "rowNumber": 18
              }
            },
            "henkilotunnus": {
              "type": "object",
              "additionalProperties": false,
              "sosmeta": {
                "name": [
                  {
                    "lang": "fi",
                    "value": "Henkilötunnus"
                  },
                  {
                    "lang": "sv",
                    "value": "Personbeteckning"
                  }
                ],
                "description": [
                  {
                    "lang": "fi",
                    "value": "-"
                  },
                  {
                    "lang": "sv",
                    "value": "-"
                  }
                ],
                "example": [
                  {
                    "lang": "fi",
                    "value": "-"
                  },
                  {
                    "lang": "sv",
                    "value": "-"
                  }
                ],
                "implementationNote": [
                  {
                    "lang": "fi",
                    "value": "Ehdollisesti pakollinen: Henkilötunnus- ja Syntymäaika -kentistä toinen on pakollinen."
                  },
                  {
                    "lang": "sv",
                    "value": "Ehdollisesti pakollinen: Henkilötunnus- ja Syntymäaika -kentistä toinen on pakollinen."
                  }
                ],
                "representation": [
                  {
                    "lang": "fi",
                    "value": "Tunnus"
                  },
                  {
                    "lang": "sv",
                    "value": "Identifierare"
                  }
                ],
                "systemUri": [
                  {
                    "lang": "",
                    "value": "urn:oid:1.2.246.21"
                  }
                ],
                "repeatable": false,
                "required": false,
                "conditionalRequired": true,
                "nationwideRecordedInformation": false,
                "hiddenField": false,
                "hiddenTitle": false,
                "rowNumber": 19
              },
              "required": [
                "value"
              ],
              "properties": {
                "system": {
                  "type": "string"
                },
                "value": {
                  "type": "string"
                }
              }
            },
            "syntymaaika": {
              "type": "string",
              "pattern": "^-?[0-9]{4}(-(0[1-9]|1[0-2])(-(0[0-9]|[1-2][0-9]|3[0-1]))?)?$",
              "sosmeta": {
                "name": [
                  {
                    "lang": "fi",
                    "value": "Syntymäaika"
                  },
                  {
                    "lang": "sv",
                    "value": "Födelsetid"
                  }
                ],
                "title": [
                  {
                    "lang": "fi",
                    "value": "Syntymäaika, jos henkilöllä ei ole suomalaista henkilötunnusta"
                  },
                  {
                    "lang": "sv",
                    "value": "Födelsedatum, om personen inte har en finsk personbeteckning"
                  }
                ],
                "description": [
                  {
                    "lang": "fi",
                    "value": "-"
                  },
                  {
                    "lang": "sv",
                    "value": "-"
                  }
                ],
                "example": [
                  {
                    "lang": "fi",
                    "value": "-"
                  },
                  {
                    "lang": "sv",
                    "value": "-"
                  }
                ],
                "implementationNote": [
                  {
                    "lang": "fi",
                    "value": "Ehdollisesti pakollinen: Henkilötunnus- ja Syntymäaika -kentistä toinen on pakollinen."
                  },
                  {
                    "lang": "sv",
                    "value": "Ehdollisesti pakollinen: Henkilötunnus- ja Syntymäaika -kentistä toinen on pakollinen."
                  }
                ],
                "representation": [
                  {
                    "lang": "fi",
                    "value": "Pvm"
                  },
                  {
                    "lang": "sv",
                    "value": "Datum"
                  }
                ],
                "repeatable": false,
                "required": false,
                "conditionalRequired": true,
                "nationwideRecordedInformation": false,
                "hiddenField": false,
                "hiddenTitle": false,
                "rowNumber": 20
              }
            }
          }
        },
        "mahdollinen_isa": {
          "type": "object",
          "additionalProperties": false,
          "sosmeta": {
            "name": [
              {
                "lang": "fi",
                "value": "Mahdollinen isä"
              },
              {
                "lang": "sv",
                "value": "Den eventuella fadern"
              }
            ],
            "description": [
              {
                "lang": "fi",
                "value": "-"
              },
              {
                "lang": "sv",
                "value": "-"
              }
            ],
            "repeatable": false,
            "required": true,
            "conditionalRequired": false,
            "nationwideRecordedInformation": false,
            "hiddenField": false,
            "hiddenTitle": false,
            "rowNumber": 21
          },
          "required": [
            "sukunimi",
            "etunimet"
          ],
          "properties": {
            "sukunimi": {
              "type": "string",
              "minLength": 1,
              "sosmeta": {
                "name": [
                  {
                    "lang": "fi",
                    "value": "Sukunimi"
                  },
                  {
                    "lang": "sv",
                    "value": "Efternamn"
                  }
                ],
                "description": [
                  {
                    "lang": "fi",
                    "value": "-"
                  },
                  {
                    "lang": "sv",
                    "value": "-"
                  }
                ],
                "example": [
                  {
                    "lang": "fi",
                    "value": "-"
                  },
                  {
                    "lang": "sv",
                    "value": "-"
                  }
                ],
                "representation": [
                  {
                    "lang": "fi",
                    "value": "Nimi"
                  },
                  {
                    "lang": "sv",
                    "value": "Namn"
                  }
                ],
                "repeatable": false,
                "required": true,
                "conditionalRequired": false,
                "nationwideRecordedInformation": false,
                "hiddenField": false,
                "hiddenTitle": false,
                "rowNumber": 22
              }
            },
            "etunimet": {
              "type": "string",
              "minLength": 1,
              "sosmeta": {
                "name": [
                  {
                    "lang": "fi",
                    "value": "Etunimet"
                  },
                  {
                    "lang": "sv",
                    "value": "Samtliga förnamn"
                  }
                ],
                "description": [
                  {
                    "lang": "fi",
                    "value": "-"
                  },
                  {
                    "lang": "sv",
                    "value": "-"
                  }
                ],
                "example": [
                  {
                    "lang": "fi",
                    "value": "-"
                  },
                  {
                    "lang": "sv",
                    "value": "-"
                  }
                ],
                "representation": [
                  {
                    "lang": "fi",
                    "value": "Nimi"
                  },
                  {
                    "lang": "sv",
                    "value": "Namn"
                  }
                ],
                "repeatable": false,
                "required": true,
                "conditionalRequired": false,
                "nationwideRecordedInformation": false,
                "hiddenField": false,
                "hiddenTitle": false,
                "rowNumber": 23
              }
            },
            "henkilotunnus": {
              "type": "object",
              "additionalProperties": false,
              "sosmeta": {
                "name": [
                  {
                    "lang": "fi",
                    "value": "Henkilötunnus"
                  },
                  {
                    "lang": "sv",
                    "value": "Personbeteckning"
                  }
                ],
                "description": [
                  {
                    "lang": "fi",
                    "value": "-"
                  },
                  {
                    "lang": "sv",
                    "value": "-"
                  }
                ],
                "example": [
                  {
                    "lang": "fi",
                    "value": "-"
                  },
                  {
                    "lang": "sv",
                    "value": "-"
                  }
                ],
                "implementationNote": [
                  {
                    "lang": "fi",
                    "value": "Ehdollisesti pakollinen: Henkilötunnus- ja Syntymäaika -kentistä toinen on pakollinen."
                  },
                  {
                    "lang": "sv",
                    "value": "Ehdollisesti pakollinen: Henkilötunnus- ja Syntymäaika -kentistä toinen on pakollinen."
                  }
                ],
                "representation": [
                  {
                    "lang": "fi",
                    "value": "Tunnus"
                  },
                  {
                    "lang": "sv",
                    "value": "Identifierare"
                  }
                ],
                "systemUri": [
                  {
                    "lang": "",
                    "value": "urn:oid:1.2.246.21"
                  }
                ],
                "repeatable": false,
                "required": false,
                "conditionalRequired": true,
                "nationwideRecordedInformation": false,
                "hiddenField": false,
                "hiddenTitle": false,
                "rowNumber": 24
              },
              "required": [
                "value"
              ],
              "properties": {
                "system": {
                  "type": "string"
                },
                "value": {
                  "type": "string"
                }
              }
            },
            "syntymaaika": {
              "type": "string",
              "pattern": "^-?[0-9]{4}(-(0[1-9]|1[0-2])(-(0[0-9]|[1-2][0-9]|3[0-1]))?)?$",
              "sosmeta": {
                "name": [
                  {
                    "lang": "fi",
                    "value": "Syntymäaika"
                  },
                  {
                    "lang": "sv",
                    "value": "Födelsetid"
                  }
                ],
                "title": [
                  {
                    "lang": "fi",
                    "value": "Syntymäaika, jos henkilöllä ei ole suomalaista henkilötunnusta"
                  },
                  {
                    "lang": "sv",
                    "value": "Födelsedatum, om personen inte har en finsk personbeteckning"
                  }
                ],
                "description": [
                  {
                    "lang": "fi",
                    "value": "-"
                  },
                  {
                    "lang": "sv",
                    "value": "-"
                  }
                ],
                "example": [
                  {
                    "lang": "fi",
                    "value": "-"
                  },
                  {
                    "lang": "sv",
                    "value": "-"
                  }
                ],
                "implementationNote": [
                  {
                    "lang": "fi",
                    "value": "Ehdollisesti pakollinen: Henkilötunnus- ja Syntymäaika -kentistä toinen on pakollinen."
                  },
                  {
                    "lang": "sv",
                    "value": "Ehdollisesti pakollinen: Henkilötunnus- ja Syntymäaika -kentistä toinen on pakollinen."
                  }
                ],
                "representation": [
                  {
                    "lang": "fi",
                    "value": "Pvm"
                  },
                  {
                    "lang": "sv",
                    "value": "Datum"
                  }
                ],
                "repeatable": false,
                "required": false,
                "conditionalRequired": true,
                "nationwideRecordedInformation": false,
                "hiddenField": false,
                "hiddenTitle": false,
                "rowNumber": 25
              }
            }
          }
        },
        "mahdollisesti_tutkittavien_sukulaisten_tiedot": {
          "type": "array",
          "minItems": 1,
          "items": {
            "type": "object",
            "additionalProperties": false,
            "sosmeta": {
              "name": [
                {
                  "lang": "fi",
                  "value": "Mahdollisesti tutkittavien sukulaisten tiedot"
                },
                {
                  "lang": "sv",
                  "value": "Uppgifter om de släktingar som eventuellt undersöks"
                }
              ],
              "description": [
                {
                  "lang": "fi",
                  "value": "-"
                },
                {
                  "lang": "sv",
                  "value": "-"
                }
              ],
              "repeatable": true,
              "required": true,
              "conditionalRequired": false,
              "nationwideRecordedInformation": false,
              "hiddenField": false,
              "hiddenTitle": false,
              "rowNumber": 26
            },
            "required": [
              "sukunimi",
              "etunimet"
            ],
            "properties": {
              "sukunimi": {
                "type": "string",
                "minLength": 1,
                "sosmeta": {
                  "name": [
                    {
                      "lang": "fi",
                      "value": "Sukunimi"
                    },
                    {
                      "lang": "sv",
                      "value": "Efternamn"
                    }
                  ],
                  "description": [
                    {
                      "lang": "fi",
                      "value": "-"
                    },
                    {
                      "lang": "sv",
                      "value": "-"
                    }
                  ],
                  "example": [
                    {
                      "lang": "fi",
                      "value": "-"
                    },
                    {
                      "lang": "sv",
                      "value": "-"
                    }
                  ],
                  "representation": [
                    {
                      "lang": "fi",
                      "value": "Nimi"
                    },
                    {
                      "lang": "sv",
                      "value": "Namn"
                    }
                  ],
                  "repeatable": false,
                  "required": true,
                  "conditionalRequired": false,
                  "nationwideRecordedInformation": false,
                  "hiddenField": false,
                  "hiddenTitle": false,
                  "rowNumber": 27
                }
              },
              "etunimet": {
                "type": "string",
                "minLength": 1,
                "sosmeta": {
                  "name": [
                    {
                      "lang": "fi",
                      "value": "Etunimet"
                    },
                    {
                      "lang": "sv",
                      "value": "Samtliga förnamn"
                    }
                  ],
                  "description": [
                    {
                      "lang": "fi",
                      "value": "-"
                    },
                    {
                      "lang": "sv",
                      "value": "-"
                    }
                  ],
                  "example": [
                    {
                      "lang": "fi",
                      "value": "-"
                    },
                    {
                      "lang": "sv",
                      "value": "-"
                    }
                  ],
                  "representation": [
                    {
                      "lang": "fi",
                      "value": "Nimi"
                    },
                    {
                      "lang": "sv",
                      "value": "Namn"
                    }
                  ],
                  "repeatable": false,
                  "required": true,
                  "conditionalRequired": false,
                  "nationwideRecordedInformation": false,
                  "hiddenField": false,
                  "hiddenTitle": false,
                  "rowNumber": 28
                }
              },
              "henkilotunnus": {
                "type": "object",
                "additionalProperties": false,
                "sosmeta": {
                  "name": [
                    {
                      "lang": "fi",
                      "value": "Henkilötunnus"
                    },
                    {
                      "lang": "sv",
                      "value": "Personbeteckning"
                    }
                  ],
                  "description": [
                    {
                      "lang": "fi",
                      "value": "-"
                    },
                    {
                      "lang": "sv",
                      "value": "-"
                    }
                  ],
                  "example": [
                    {
                      "lang": "fi",
                      "value": "-"
                    },
                    {
                      "lang": "sv",
                      "value": "-"
                    }
                  ],
                  "implementationNote": [
                    {
                      "lang": "fi",
                      "value": "Ehdollisesti pakollinen: Henkilötunnus- ja Syntymäaika -kentistä toinen on pakollinen."
                    },
                    {
                      "lang": "sv",
                      "value": "Ehdollisesti pakollinen: Henkilötunnus- ja Syntymäaika -kentistä toinen on pakollinen."
                    }
                  ],
                  "representation": [
                    {
                      "lang": "fi",
                      "value": "Tunnus"
                    },
                    {
                      "lang": "sv",
                      "value": "Identifierare"
                    }
                  ],
                  "systemUri": [
                    {
                      "lang": "",
                      "value": "urn:oid:1.2.246.21"
                    }
                  ],
                  "repeatable": false,
                  "required": false,
                  "conditionalRequired": true,
                  "nationwideRecordedInformation": false,
                  "hiddenField": false,
                  "hiddenTitle": false,
                  "rowNumber": 29
                },
                "required": [
                  "value"
                ],
                "properties": {
                  "system": {
                    "type": "string"
                  },
                  "value": {
                    "type": "string"
                  }
                }
              },
              "syntymaaika": {
                "type": "string",
                "pattern": "^-?[0-9]{4}(-(0[1-9]|1[0-2])(-(0[0-9]|[1-2][0-9]|3[0-1]))?)?$",
                "sosmeta": {
                  "name": [
                    {
                      "lang": "fi",
                      "value": "Syntymäaika"
                    },
                    {
                      "lang": "sv",
                      "value": "Födelsetid"
                    }
                  ],
                  "title": [
                    {
                      "lang": "fi",
                      "value": "Syntymäaika, jos henkilöllä ei ole suomalaista henkilötunnusta"
                    },
                    {
                      "lang": "sv",
                      "value": "Födelsedatum, om personen inte har en finsk personbeteckning"
                    }
                  ],
                  "description": [
                    {
                      "lang": "fi",
                      "value": "-"
                    },
                    {
                      "lang": "sv",
                      "value": "-"
                    }
                  ],
                  "example": [
                    {
                      "lang": "fi",
                      "value": "-"
                    },
                    {
                      "lang": "sv",
                      "value": "-"
                    }
                  ],
                  "implementationNote": [
                    {
                      "lang": "fi",
                      "value": "Ehdollisesti pakollinen: Henkilötunnus- ja Syntymäaika -kentistä toinen on pakollinen."
                    },
                    {
                      "lang": "sv",
                      "value": "Ehdollisesti pakollinen: Henkilötunnus- ja Syntymäaika -kentistä toinen on pakollinen."
                    }
                  ],
                  "representation": [
                    {
                      "lang": "fi",
                      "value": "Pvm"
                    },
                    {
                      "lang": "sv",
                      "value": "Datum"
                    }
                  ],
                  "repeatable": false,
                  "required": false,
                  "conditionalRequired": true,
                  "nationwideRecordedInformation": false,
                  "hiddenField": false,
                  "hiddenTitle": false,
                  "rowNumber": 30
                }
              },
              "kuvaus": {
                "type": "string",
                "sosmeta": {
                  "name": [
                    {
                      "lang": "fi",
                      "value": "Kuvaus"
                    },
                    {
                      "lang": "sv",
                      "value": "Beskrivning"
                    }
                  ],
                  "title": [
                    {
                      "lang": "fi",
                      "value": "Mikä sukulaisuussuhde ja keneen?"
                    },
                    {
                      "lang": "sv",
                      "value": "Vilket släktskapsförhållande och till vem?"
                    }
                  ],
                  "description": [
                    {
                      "lang": "fi",
                      "value": "-"
                    },
                    {
                      "lang": "sv",
                      "value": "-"
                    }
                  ],
                  "representation": [
                    {
                      "lang": "fi",
                      "value": "Teksti"
                    },
                    {
                      "lang": "sv",
                      "value": "Text"
                    }
                  ],
                  "repeatable": false,
                  "required": false,
                  "conditionalRequired": false,
                  "nationwideRecordedInformation": false,
                  "hiddenField": false,
                  "hiddenTitle": false,
                  "rowNumber": 31
                }
              }
            }
          }
        },
        "lisatiedot": {
          "type": "string",
          "sosmeta": {
            "name": [
              {
                "lang": "fi",
                "value": "Lisätiedot"
              },
              {
                "lang": "sv",
                "value": "Mer information"
              }
            ],
            "description": [
              {
                "lang": "fi",
                "value": "Tässä kohdassa voidaan tarpeen mukaan tarkemmin kuvata tutkittavien sukulaisten suhdetta siihen henkilöön, jonka sijasta sukulainen olisi tarkoitus tutkia sekä tutkittavien sukulaisten suhteita toisiinsa (lue lisää: thl.fi/vanhemmuus, thl.fi/oikeusgenetiikka)."
              },
              {
                "lang": "sv",
                "value": "Här kan vid behov beskrivas de undersökta släktingarnas förhållande till den person i vars ställe släktingarna ska undersökas och förhållandena mellan de släktingar som undersöks (läs mer: thl.fi/foraldraskap, thl.fi/rattsgenetik)."
              }
            ],
            "representation": [
              {
                "lang": "fi",
                "value": "Teksti"
              },
              {
                "lang": "sv",
                "value": "Text"
              }
            ],
            "repeatable": false,
            "required": false,
            "conditionalRequired": false,
            "nationwideRecordedInformation": false,
            "hiddenField": false,
            "hiddenTitle": false,
            "rowNumber": 32
          }
        },
        "lausunnon_pyytaja": {
          "type": "object",
          "additionalProperties": false,
          "sosmeta": {
            "name": [
              {
                "lang": "fi",
                "value": "Lausunnon pyytäjä"
              },
              {
                "lang": "sv",
                "value": "Den som begär utlåtandet"
              }
            ],
            "representation": [
              {
                "lang": "fi",
                "value": "Otsikko"
              },
              {
                "lang": "sv",
                "value": "Rubrik"
              }
            ],
            "repeatable": false,
            "required": false,
            "conditionalRequired": false,
            "nationwideRecordedInformation": false,
            "hiddenField": false,
            "hiddenTitle": false,
            "rowNumber": 33
          },
          "required": [
            "allekirjoitus",
            "nimenselvennys",
            "paivamaara",
            "puhelinnumero",
            "organisaatio"
          ],
          "properties": {
            "lastenvalvoja": {
              "type": "boolean",
              "sosmeta": {
                "name": [
                  {
                    "lang": "fi",
                    "value": "Lastenvalvoja"
                  },
                  {
                    "lang": "sv",
                    "value": "Barnatillsyningsmannen"
                  }
                ],
                "implementationNote": [
                  {
                    "lang": "fi",
                    "value": "Kytkin toteutetaan valintaruutuna kuten lomakkeessa. Ehdollisesti pakollinen: Lastenvalvoja- ja Tuomioistuin -kentistä toinen on pakollinen."
                  },
                  {
                    "lang": "sv",
                    "value": "Kytkin toteutetaan valintaruutuna kuten lomakkeessa. Ehdollisesti pakollinen: Lastenvalvoja- ja Tuomioistuin -kentistä toinen on pakollinen."
                  }
                ],
                "representation": [
                  {
                    "lang": "fi",
                    "value": "Kytkin"
                  },
                  {
                    "lang": "sv",
                    "value": "Brytare"
                  }
                ],
                "repeatable": false,
                "required": false,
                "conditionalRequired": true,
                "nationwideRecordedInformation": false,
                "hiddenField": false,
                "hiddenTitle": false,
                "rowNumber": 34
              }
            },
            "tuomioistuin": {
              "type": "boolean",
              "sosmeta": {
                "name": [
                  {
                    "lang": "fi",
                    "value": "Tuomioistuin"
                  },
                  {
                    "lang": "sv",
                    "value": "Domstolen"
                  }
                ],
                "implementationNote": [
                  {
                    "lang": "fi",
                    "value": "Kytkin toteutetaan valintaruutuna kuten lomakkeessa. Ehdollisesti pakollinen: Lastenvalvoja- ja Tuomioistuin -kentistä toinen on pakollinen."
                  },
                  {
                    "lang": "sv",
                    "value": "Kytkin toteutetaan valintaruutuna kuten lomakkeessa. Ehdollisesti pakollinen: Lastenvalvoja- ja Tuomioistuin -kentistä toinen on pakollinen."
                  }
                ],
                "representation": [
                  {
                    "lang": "fi",
                    "value": "Kytkin"
                  },
                  {
                    "lang": "sv",
                    "value": "Brytare"
                  }
                ],
                "repeatable": false,
                "required": false,
                "conditionalRequired": true,
                "nationwideRecordedInformation": false,
                "hiddenField": false,
                "hiddenTitle": false,
                "rowNumber": 35
              }
            },
            "allekirjoitus": {
              "type": "string",
              "minLength": 1,
              "sosmeta": {
                "name": [
                  {
                    "lang": "fi",
                    "value": "Allekirjoitus"
                  },
                  {
                    "lang": "sv",
                    "value": "Underskrift"
                  }
                ],
                "representation": [
                  {
                    "lang": "fi",
                    "value": "Allekirjoitus"
                  },
                  {
                    "lang": "sv",
                    "value": "Underskrift"
                  }
                ],
                "repeatable": false,
                "required": true,
                "conditionalRequired": false,
                "nationwideRecordedInformation": false,
                "hiddenField": false,
                "hiddenTitle": false,
                "rowNumber": 36
              }
            },
            "nimenselvennys": {
              "type": "string",
              "minLength": 1,
              "sosmeta": {
                "name": [
                  {
                    "lang": "fi",
                    "value": "Nimenselvennys"
                  },
                  {
                    "lang": "sv",
                    "value": "Namnförtydligande"
                  }
                ],
                "representation": [
                  {
                    "lang": "fi",
                    "value": "Teksti"
                  },
                  {
                    "lang": "sv",
                    "value": "Text"
                  }
                ],
                "repeatable": false,
                "required": true,
                "conditionalRequired": false,
                "nationwideRecordedInformation": false,
                "hiddenField": false,
                "hiddenTitle": false,
                "rowNumber": 37
              }
            },
            "paivamaara": {
              "type": "string",
              "pattern": "^-?[0-9]{4}(-(0[1-9]|1[0-2])(-(0[0-9]|[1-2][0-9]|3[0-1]))?)?$",
              "sosmeta": {
                "name": [
                  {
                    "lang": "fi",
                    "value": "Päivämäärä"
                  },
                  {
                    "lang": "sv",
                    "value": "Datum"
                  }
                ],
                "representation": [
                  {
                    "lang": "fi",
                    "value": "Pvm"
                  },
                  {
                    "lang": "sv",
                    "value": "Datum"
                  }
                ],
                "repeatable": false,
                "required": true,
                "conditionalRequired": false,
                "nationwideRecordedInformation": false,
                "hiddenField": false,
                "hiddenTitle": false,
                "rowNumber": 38
              }
            },
            "puhelinnumero": {
              "type": "string",
              "minLength": 1,
              "sosmeta": {
                "name": [
                  {
                    "lang": "fi",
                    "value": "Puhelinnumero"
                  },
                  {
                    "lang": "sv",
                    "value": "Telefonnummer"
                  }
                ],
                "representation": [
                  {
                    "lang": "fi",
                    "value": "Teksti"
                  },
                  {
                    "lang": "sv",
                    "value": "Text"
                  }
                ],
                "repeatable": false,
                "required": true,
                "conditionalRequired": false,
                "nationwideRecordedInformation": false,
                "hiddenField": false,
                "hiddenTitle": false,
                "rowNumber": 39
              }
            },
            "organisaatio": {
              "type": "object",
              "additionalProperties": false,
              "sosmeta": {
                "name": [
                  {
                    "lang": "fi",
                    "value": "Organisaatio"
                  },
                  {
                    "lang": "sv",
                    "value": "Organisation"
                  }
                ],
                "description": [
                  {
                    "lang": "fi",
                    "value": "-"
                  },
                  {
                    "lang": "sv",
                    "value": "-"
                  }
                ],
                "repeatable": false,
                "required": true,
                "conditionalRequired": false,
                "nationwideRecordedInformation": false,
                "hiddenField": true,
                "hiddenTitle": false,
                "rowNumber": 40
              },
              "required": [
                "organisaation_nimi",
                "yhteystiedot"
              ],
              "properties": {
                "organisaation_nimi": {
                  "type": "string",
                  "minLength": 1,
                  "sosmeta": {
                    "name": [
                      {
                        "lang": "fi",
                        "value": "Organisaation nimi"
                      },
                      {
                        "lang": "sv",
                        "value": "Organisationens namn"
                      }
                    ],
                    "description": [
                      {
                        "lang": "fi",
                        "value": "-"
                      },
                      {
                        "lang": "sv",
                        "value": "-"
                      }
                    ],
                    "example": [
                      {
                        "lang": "fi",
                        "value": "-"
                      },
                      {
                        "lang": "sv",
                        "value": "-"
                      }
                    ],
                    "implementationNote": [
                      {
                        "lang": "fi",
                        "value": "Kenttä on pakollinen TK Organisaation määrityksestä poiketen."
                      },
                      {
                        "lang": "sv",
                        "value": "Kenttä on pakollinen TK Organisaation määrityksestä poiketen."
                      }
                    ],
                    "representation": [
                      {
                        "lang": "fi",
                        "value": "Nimi"
                      },
                      {
                        "lang": "sv",
                        "value": "Namn"
                      }
                    ],
                    "repeatable": false,
                    "required": true,
                    "conditionalRequired": false,
                    "nationwideRecordedInformation": false,
                    "hiddenField": false,
                    "hiddenTitle": false,
                    "rowNumber": 41
                  }
                },
                "yhteystiedot": {
                  "type": "object",
                  "additionalProperties": false,
                  "sosmeta": {
                    "name": [
                      {
                        "lang": "fi",
                        "value": "Yhteystiedot"
                      },
                      {
                        "lang": "sv",
                        "value": "Kontaktuppgifter"
                      }
                    ],
                    "description": [
                      {
                        "lang": "fi",
                        "value": "-"
                      },
                      {
                        "lang": "sv",
                        "value": "-"
                      }
                    ],
                    "implementationNote": [
                      {
                        "lang": "fi",
                        "value": "Kenttä on pakollinen tietokomponentin määrityksestä poiketen."
                      },
                      {
                        "lang": "sv",
                        "value": "Kenttä on pakollinen tietokomponentin määrityksestä poiketen."
                      }
                    ],
                    "repeatable": false,
                    "required": true,
                    "conditionalRequired": false,
                    "nationwideRecordedInformation": false,
                    "hiddenField": true,
                    "hiddenTitle": false,
                    "rowNumber": 42
                  },
                  "required": [
                    "osoite",
                    "sahkopostiosoite"
                  ],
                  "properties": {
                    "osoite": {
                      "type": "array",
                      "minItems": 1,
                      "items": {
                        "type": "object",
                        "additionalProperties": false,
                        "sosmeta": {
                          "name": [
                            {
                              "lang": "fi",
                              "value": "Osoite"
                            },
                            {
                              "lang": "sv",
                              "value": "Adress"
                            }
                          ],
                          "title": [
                            {
                              "lang": "fi",
                              "value": "Toimipaikan osoite"
                            },
                            {
                              "lang": "sv",
                              "value": "Verksamhetsställets adress"
                            }
                          ],
                          "description": [
                            {
                              "lang": "fi",
                              "value": "-"
                            },
                            {
                              "lang": "sv",
                              "value": "-"
                            }
                          ],
                          "implementationNote": [
                            {
                              "lang": "fi",
                              "value": "Kenttä on pakollinen tietokomponentin määrityksestä poiketen."
                            },
                            {
                              "lang": "sv",
                              "value": "Kenttä on pakollinen tietokomponentin määrityksestä poiketen."
                            }
                          ],
                          "repeatable": true,
                          "required": true,
                          "conditionalRequired": false,
                          "nationwideRecordedInformation": false,
                          "hiddenField": false,
                          "hiddenTitle": false,
                          "rowNumber": 43
                        },
                        "required": [
                          "lahiosoite",
                          "postinumero",
                          "postitoimipaikka"
                        ],
                        "properties": {
                          "lahiosoite": {
                            "type": "string",
                            "minLength": 1,
                            "sosmeta": {
                              "name": [
                                {
                                  "lang": "fi",
                                  "value": "Lähiosoite"
                                },
                                {
                                  "lang": "sv",
                                  "value": "Näradress"
                                }
                              ],
                              "description": [
                                {
                                  "lang": "fi",
                                  "value": "-"
                                },
                                {
                                  "lang": "sv",
                                  "value": "-"
                                }
                              ],
                              "example": [
                                {
                                  "lang": "fi",
                                  "value": "-"
                                },
                                {
                                  "lang": "sv",
                                  "value": "-"
                                }
                              ],
                              "implementationNote": [
                                {
                                  "lang": "fi",
                                  "value": "Kenttä on pakollinen tietokomponentin määrityksestä poiketen."
                                },
                                {
                                  "lang": "sv",
                                  "value": "Kenttä on pakollinen tietokomponentin määrityksestä poiketen."
                                }
                              ],
                              "representation": [
                                {
                                  "lang": "fi",
                                  "value": "Teksti"
                                },
                                {
                                  "lang": "sv",
                                  "value": "Text"
                                }
                              ],
                              "repeatable": false,
                              "required": true,
                              "conditionalRequired": false,
                              "nationwideRecordedInformation": false,
                              "hiddenField": false,
                              "hiddenTitle": false,
                              "rowNumber": 44
                            }
                          },
                          "postinumero": {
                            "type": "string",
                            "minLength": 1,
                            "sosmeta": {
                              "name": [
                                {
                                  "lang": "fi",
                                  "value": "Postinumero"
                                },
                                {
                                  "lang": "sv",
                                  "value": "Postnummer"
                                }
                              ],
                              "description": [
                                {
                                  "lang": "fi",
                                  "value": "-"
                                },
                                {
                                  "lang": "sv",
                                  "value": "-"
                                }
                              ],
                              "example": [
                                {
                                  "lang": "fi",
                                  "value": "-"
                                },
                                {
                                  "lang": "sv",
                                  "value": "-"
                                }
                              ],
                              "implementationNote": [
                                {
                                  "lang": "fi",
                                  "value": "Kenttä on pakollinen tietokomponentin määrityksestä poiketen."
                                },
                                {
                                  "lang": "sv",
                                  "value": "Kenttä on pakollinen tietokomponentin määrityksestä poiketen."
                                }
                              ],
                              "representation": [
                                {
                                  "lang": "fi",
                                  "value": "Teksti"
                                },
                                {
                                  "lang": "sv",
                                  "value": "Text"
                                }
                              ],
                              "repeatable": false,
                              "required": true,
                              "conditionalRequired": false,
                              "nationwideRecordedInformation": false,
                              "hiddenField": false,
                              "hiddenTitle": false,
                              "rowNumber": 45
                            }
                          },
                          "postitoimipaikka": {
                            "type": "string",
                            "minLength": 1,
                            "sosmeta": {
                              "name": [
                                {
                                  "lang": "fi",
                                  "value": "Postitoimipaikka"
                                },
                                {
                                  "lang": "sv",
                                  "value": "Postkontor"
                                }
                              ],
                              "description": [
                                {
                                  "lang": "fi",
                                  "value": "-"
                                },
                                {
                                  "lang": "sv",
                                  "value": "-"
                                }
                              ],
                              "example": [
                                {
                                  "lang": "fi",
                                  "value": "-"
                                },
                                {
                                  "lang": "sv",
                                  "value": "-"
                                }
                              ],
                              "implementationNote": [
                                {
                                  "lang": "fi",
                                  "value": "Kenttä on pakollinen tietokomponentin määrityksestä poiketen."
                                },
                                {
                                  "lang": "sv",
                                  "value": "Kenttä on pakollinen tietokomponentin määrityksestä poiketen."
                                }
                              ],
                              "representation": [
                                {
                                  "lang": "fi",
                                  "value": "Nimi"
                                },
                                {
                                  "lang": "sv",
                                  "value": "Namn"
                                }
                              ],
                              "repeatable": false,
                              "required": true,
                              "conditionalRequired": false,
                              "nationwideRecordedInformation": false,
                              "hiddenField": false,
                              "hiddenTitle": false,
                              "rowNumber": 46
                            }
                          }
                        }
                      }
                    },
                    "sahkopostiosoite": {
                      "type": "string",
                      "minLength": 1,
                      "sosmeta": {
                        "name": [
                          {
                            "lang": "fi",
                            "value": "Sähköpostiosoite"
                          },
                          {
                            "lang": "sv",
                            "value": "E-postadress"
                          }
                        ],
                        "description": [
                          {
                            "lang": "fi",
                            "value": "-"
                          },
                          {
                            "lang": "sv",
                            "value": "-"
                          }
                        ],
                        "example": [
                          {
                            "lang": "fi",
                            "value": "-"
                          },
                          {
                            "lang": "sv",
                            "value": "-"
                          }
                        ],
                        "implementationNote": [
                          {
                            "lang": "fi",
                            "value": "Kenttä on pakollinen tietokomponentin määrityksestä poiketen."
                          },
                          {
                            "lang": "sv",
                            "value": "Kenttä on pakollinen tietokomponentin määrityksestä poiketen."
                          }
                        ],
                        "representation": [
                          {
                            "lang": "fi",
                            "value": "Teksti"
                          },
                          {
                            "lang": "sv",
                            "value": "Text"
                          }
                        ],
                        "repeatable": false,
                        "required": true,
                        "conditionalRequired": false,
                        "nationwideRecordedInformation": false,
                        "hiddenField": false,
                        "hiddenTitle": false,
                        "rowNumber": 47
                      }
                    }
                  }
                }
              }
            }
          }
        },
        "ohje_yksi": {
          "type": "string",
          "enum": [
            "Terveyden ja hyvinvoinnin laitos (THL)\nOikeusgenetiikka\nPL 30\n00271 Helsinki"
          ],
          "sosmeta": {
            "name": [
              {
                "lang": "fi",
                "value": "Ohje yksi"
              },
              {
                "lang": "sv",
                "value": "Anvisning ett"
              }
            ],
            "title": [
              {
                "lang": "fi",
                "value": "Lausuntopyynnön lähetysosoite"
              },
              {
                "lang": "sv",
                "value": "Begäran om utlåtande sänds till adressen"
              }
            ],
            "implementationNote": [
              {
                "lang": "fi",
                "value": "Kentässä näytetään fraasi-kohdassa oleva teksti."
              },
              {
                "lang": "sv",
                "value": "Kentässä näytetään fraasi-kohdassa oleva teksti."
              }
            ],
            "phrase": [
              {
                "lang": "fi",
                "value": "Terveyden ja hyvinvoinnin laitos (THL)\nOikeusgenetiikka\nPL 30\n00271 Helsinki"
              },
              {
                "lang": "sv",
                "value": "Institutet för hälsa och välfärd (THL)\nRättsgenetik\nPB 30\n00271 Helsingfors"
              }
            ],
            "representation": [
              {
                "lang": "fi",
                "value": "Fraasi"
              },
              {
                "lang": "sv",
                "value": "Fras"
              }
            ],
            "repeatable": false,
            "required": true,
            "conditionalRequired": false,
            "nationwideRecordedInformation": false,
            "hiddenField": false,
            "hiddenTitle": false,
            "rowNumber": 48
          }
        }
      }
    }
  }
}