{
  "$schema": "http://json-schema.org/draft-07/schema#",
  "title": "\u0027Asia-asiakirja\u0027 JSON schema",
  "type": "object",
  "additionalProperties": false,
  "sosmeta": {
    "title": "\u0027Asia-asiakirja\u0027 JSON schema",
    "status": "Vanhentunut",
    "documentDefinitionVersion": "2020-04-07",
    "dataComponentLibraryVersion": "2020-04-07",
    "oid": "1.2.246.537.6.1505.2.2020.4.7",
    "documentType": "Asia-asiakirja",
    "documentAuthor": "Ammattihenkilö",
    "documentSubject": "Asia- ja asiakkuusasiakirja"
  },
  "required": [
    "asia_asiakirja"
  ],
  "properties": {
    "asia_asiakirja": {
      "type": "object",
      "additionalProperties": false,
      "sosmeta": {
        "name": [
          {
            "lang": "fi",
            "value": "Asia-asiakirja"
          },
          {
            "lang": "sv",
            "value": "Ärendehandling"
          }
        ]
      },
      "required": [
        "palvelunjarjestajan_nimi",
        "palvelunjarjestajan_organisaatiokoodi",
        "asiakas"
      ],
      "properties": {
        "palvelunjarjestajan_nimi": {
          "type": "string",
          "minLength": 1,
          "sosmeta": {
            "name": [
              {
                "lang": "fi",
                "value": "Palvelunjärjestäjän nimi"
              },
              {
                "lang": "sv",
                "value": "Namn på anordnaren av tjänster"
              }
            ],
            "description": [
              {
                "lang": "fi",
                "value": "Kenttään kirjataan tekstimuodossa palvelunjärjestäjän nimi, jota käytetään yhdessä palvelunjärjestäjän organisaatiokoodin kanssa."
              },
              {
                "lang": "sv",
                "value": "I fältet antecknas i textform det namn på anordnaren av tjänster, som används tillsammans med organisationskoden för anordnaren av tjänster."
              }
            ],
            "representation": [
              {
                "lang": "fi",
                "value": "Teksti"
              },
              {
                "lang": "sv",
                "value": "Text"
              }
            ],
            "repeatable": false,
            "required": true,
            "hiddenField": false,
            "hiddenTitle": false,
            "rowNumber": 1
          }
        },
        "palvelunjarjestajan_organisaatiokoodi": {
          "type": "object",
          "additionalProperties": false,
          "sosmeta": {
            "name": [
              {
                "lang": "fi",
                "value": "Palvelunjärjestäjän organisaatiokoodi"
              },
              {
                "lang": "sv",
                "value": "Organisationskod för anordnaren av tjänster"
              }
            ],
            "description": [
              {
                "lang": "fi",
                "value": "Kenttään kirjataan palvelunjärjestäjän yksilöivä OID-tunnus."
              },
              {
                "lang": "sv",
                "value": "I fältet antecknas den OID-kod som identifierar anordnaren av tjänster."
              }
            ],
            "representation": [
              {
                "lang": "fi",
                "value": "Tunnus"
              },
              {
                "lang": "sv",
                "value": "Identifierare"
              }
            ],
            "repeatable": false,
            "required": true,
            "hiddenField": false,
            "hiddenTitle": false,
            "rowNumber": 2
          },
          "required": [
            "value"
          ],
          "properties": {
            "system": {
              "type": "string"
            },
            "value": {
              "type": "string"
            }
          }
        },
        "asiakas": {
          "type": "array",
          "minItems": 1,
          "items": {
            "type": "object",
            "additionalProperties": false,
            "sosmeta": {
              "name": [
                {
                  "lang": "fi",
                  "value": "Asiakas"
                },
                {
                  "lang": "sv",
                  "value": "Klient"
                }
              ],
              "description": [
                {
                  "lang": "fi",
                  "value": "Tähän kirjataan sen asiakkaan tiedot, jonka asiasta on kyse. Asiakkaan tiedot toistuvat, jos kyseessä on yhteinen asia."
                },
                {
                  "lang": "sv",
                  "value": "Här antecknas uppgifter för den klient, vars ärende det gäller. Klientens uppgifter upprepas, om det är frågan om ett gemensamt ärende."
                }
              ],
              "implementationNote": [
                {
                  "lang": "fi",
                  "value": "Ehdollisesti toistuva: Jos kyseessä on yhteinen asia, tämä kohta toistuu."
                },
                {
                  "lang": "sv",
                  "value": "Villkorlig återkommande: Om det är frågan om ett gemensamt ärende, återkommer denna punkt."
                }
              ],
              "repeatable": true,
              "required": true,
              "hiddenField": false,
              "hiddenTitle": false,
              "rowNumber": 3
            },
            "required": [
              "sukunimi",
              "etunimet"
            ],
            "properties": {
              "sukunimi": {
                "type": "string",
                "minLength": 1,
                "sosmeta": {
                  "name": [
                    {
                      "lang": "fi",
                      "value": "Sukunimi"
                    },
                    {
                      "lang": "sv",
                      "value": "Efternamn"
                    }
                  ],
                  "description": [
                    {
                      "lang": "fi",
                      "value": "Kenttään kirjataan asiakkaan sukunimi."
                    },
                    {
                      "lang": "sv",
                      "value": "I fältet antecknas klientens efternamn."
                    }
                  ],
                  "example": [
                    {
                      "lang": "fi",
                      "value": "Virtanen"
                    },
                    {
                      "lang": "sv",
                      "value": "Johansson"
                    }
                  ],
                  "implementationNote": [
                    {
                      "lang": "fi",
                      "value": "Tietotyyppi kuvailutietotasolla CDA R2 headeria vastaava (PN), sisällössä JSON"
                    },
                    {
                      "lang": "sv",
                      "value": "Informationstyp på nivån för beskrivningsinformation som motsvarar CDA R2 header (PN), i innehållet JSON"
                    }
                  ],
                  "representation": [
                    {
                      "lang": "fi",
                      "value": "Nimi"
                    },
                    {
                      "lang": "sv",
                      "value": "Namn"
                    }
                  ],
                  "repeatable": false,
                  "required": true,
                  "hiddenField": false,
                  "hiddenTitle": false,
                  "rowNumber": 4
                }
              },
              "etunimet": {
                "type": "string",
                "minLength": 1,
                "sosmeta": {
                  "name": [
                    {
                      "lang": "fi",
                      "value": "Etunimet"
                    },
                    {
                      "lang": "sv",
                      "value": "Förnamn"
                    }
                  ],
                  "description": [
                    {
                      "lang": "fi",
                      "value": "Kenttään kirjataan asiakkaan etunimi tai etunimet."
                    },
                    {
                      "lang": "sv",
                      "value": "I fältet antecknas klientens förnamn eller efternamn."
                    }
                  ],
                  "example": [
                    {
                      "lang": "fi",
                      "value": "Matti Tapio"
                    },
                    {
                      "lang": "sv",
                      "value": "Sven Erik"
                    }
                  ],
                  "implementationNote": [
                    {
                      "lang": "fi",
                      "value": "Tietotyyppi kuvailutietotasolla CDA R2 headeria vastaava (PN), sisällössä JSON"
                    },
                    {
                      "lang": "sv",
                      "value": "Informationstyp på nivån för beskrivningsinformation som motsvarar CDA R2 header (PN), i innehållet JSON"
                    }
                  ],
                  "representation": [
                    {
                      "lang": "fi",
                      "value": "Nimi"
                    },
                    {
                      "lang": "sv",
                      "value": "Namn"
                    }
                  ],
                  "repeatable": false,
                  "required": true,
                  "hiddenField": false,
                  "hiddenTitle": false,
                  "rowNumber": 5
                }
              },
              "henkilotunnus": {
                "type": "object",
                "additionalProperties": false,
                "sosmeta": {
                  "name": [
                    {
                      "lang": "fi",
                      "value": "Henkilötunnus"
                    },
                    {
                      "lang": "sv",
                      "value": "Personbeteckning"
                    }
                  ],
                  "description": [
                    {
                      "lang": "fi",
                      "value": "Kenttään kirjataan asiakkaan henkilötunnus."
                    },
                    {
                      "lang": "sv",
                      "value": "I fältet antecknas klientens personbeteckning."
                    }
                  ],
                  "example": [
                    {
                      "lang": "fi",
                      "value": "123456-789A"
                    },
                    {
                      "lang": "sv",
                      "value": "123456-789A"
                    }
                  ],
                  "implementationNote": [
                    {
                      "lang": "fi",
                      "value": "Ehdollisesti pakollinen: Joko henkilötunnus tai tilapäinen yksilöintitunnus on pakollinen. Tietotyyppi kuvailutietotasolla CDA R2 headeria vastaava (PN), sisällössä JSON"
                    },
                    {
                      "lang": "sv",
                      "value": "Villkorlig obligatorisk: Antingen personbeteckning eller tillfällig identifikationskod är obligatorisk. Informationstyp på nivån för beskrivningsinformation som motsvarar CDA R2 header (PN), i innehållet JSON"
                    }
                  ],
                  "representation": [
                    {
                      "lang": "fi",
                      "value": "Tunnus"
                    },
                    {
                      "lang": "sv",
                      "value": "Identifierare"
                    }
                  ],
                  "systemUri": [
                    {
                      "lang": "",
                      "value": "urn:oid:1.2.246.21"
                    }
                  ],
                  "repeatable": false,
                  "required": false,
                  "hiddenField": false,
                  "hiddenTitle": false,
                  "rowNumber": 6
                },
                "required": [
                  "value"
                ],
                "properties": {
                  "system": {
                    "type": "string"
                  },
                  "value": {
                    "type": "string"
                  }
                }
              },
              "tilapainen_yksilointitunnus": {
                "type": "object",
                "additionalProperties": false,
                "sosmeta": {
                  "name": [
                    {
                      "lang": "fi",
                      "value": "Tilapäinen yksilöintitunnus"
                    },
                    {
                      "lang": "sv",
                      "value": "Temporär identifikationskod"
                    }
                  ],
                  "description": [
                    {
                      "lang": "fi",
                      "value": "Kenttään kirjataan tarvittaessa asiakkaan tilapäinen yksilöintitunnus."
                    },
                    {
                      "lang": "sv",
                      "value": "I fältet antecknas vid behov klientens tillfälliga identifikationskod."
                    }
                  ],
                  "example": [
                    {
                      "lang": "fi",
                      "value": "112233-445a"
                    },
                    {
                      "lang": "sv",
                      "value": "112233-445a"
                    }
                  ],
                  "implementationNote": [
                    {
                      "lang": "fi",
                      "value": "Ehdollisesti pakollinen: Joko henkilötunnus tai tilapäinen yksilöintitunnus on pakollinen."
                    },
                    {
                      "lang": "sv",
                      "value": "Villkorlig obligatorisk: Antingen personbeteckning eller tillfällig identifikationskod är obligatorisk."
                    }
                  ],
                  "representation": [
                    {
                      "lang": "fi",
                      "value": "Tunnus"
                    },
                    {
                      "lang": "sv",
                      "value": "Identifierare"
                    }
                  ],
                  "repeatable": false,
                  "required": false,
                  "hiddenField": false,
                  "hiddenTitle": false,
                  "rowNumber": 7
                },
                "required": [
                  "value"
                ],
                "properties": {
                  "system": {
                    "type": "string"
                  },
                  "value": {
                    "type": "string"
                  }
                }
              },
              "syntymaaika": {
                "type": "string",
                "pattern": "^-?[0-9]{4}(-(0[1-9]|1[0-2])(-(0[0-9]|[1-2][0-9]|3[0-1]))?)?$",
                "sosmeta": {
                  "name": [
                    {
                      "lang": "fi",
                      "value": "Syntymäaika"
                    },
                    {
                      "lang": "sv",
                      "value": "Födelsetid"
                    }
                  ],
                  "description": [
                    {
                      "lang": "fi",
                      "value": "Kenttään kirjataan asiakkaan syntymäaika, jos käytetään tilapäistä yksilöintitunnusta."
                    },
                    {
                      "lang": "sv",
                      "value": "I fältet antecknas klientens födelsetid, om en tillfällig identifikationskod används."
                    }
                  ],
                  "example": [
                    {
                      "lang": "fi",
                      "value": "11/16/1922"
                    },
                    {
                      "lang": "sv",
                      "value": "11/16/1922"
                    }
                  ],
                  "representation": [
                    {
                      "lang": "fi",
                      "value": "Pvm"
                    },
                    {
                      "lang": "sv",
                      "value": "Datum"
                    }
                  ],
                  "repeatable": false,
                  "required": false,
                  "hiddenField": false,
                  "hiddenTitle": false,
                  "rowNumber": 8
                }
              },
              "asiaan_liittymishetki": {
                "type": "string",
                "pattern": "^-?[0-9]{4}(-(0[1-9]|1[0-2])(-(0[0-9]|[1-2][0-9]|3[0-1])(T([01][0-9]|2[0-3]):[0-5][0-9]:[0-5][0-9](\\.[0-9]+)?(Z|(\\+|-)((0[0-9]|1[0-3]):[0-5][0-9]|14:00)))?)?)?$",
                "sosmeta": {
                  "name": [
                    {
                      "lang": "fi",
                      "value": "Asiaan liittymishetki"
                    },
                    {
                      "lang": "sv",
                      "value": "Anslutningstidpunkt för ärendet"
                    }
                  ],
                  "description": [
                    {
                      "lang": "fi",
                      "value": "Kenttään kirjataan ajankohta, jolloin asiakas on liittynyt yhteiseen asiaan."
                    },
                    {
                      "lang": "sv",
                      "value": "I fältet antecknas den tidpunkt, då klienten har anslutits till ett gemensamt ärende."
                    }
                  ],
                  "implementationNote": [
                    {
                      "lang": "fi",
                      "value": "Ehdollisesti pakollinen: Jos kyseessä on yhteinen asia, asiakkaiden asiaan liittymishetket on kirjattava. Kenttää käytetään II-vaiheesta eteenpäin."
                    },
                    {
                      "lang": "sv",
                      "value": "Villkorlig obligatorisk: Om det är frågan om ett gemensamt ärende, ska tidpunkten för klientens anslutning till ärendet antecknas. Fältet används från skede II framåt."
                    }
                  ],
                  "representation": [
                    {
                      "lang": "fi",
                      "value": "Hetki"
                    },
                    {
                      "lang": "sv",
                      "value": "Datum och klockslag"
                    }
                  ],
                  "repeatable": false,
                  "required": false,
                  "hiddenField": false,
                  "hiddenTitle": false,
                  "rowNumber": 9
                }
              },
              "asiasta_poistumishetki": {
                "type": "string",
                "pattern": "^-?[0-9]{4}(-(0[1-9]|1[0-2])(-(0[0-9]|[1-2][0-9]|3[0-1])(T([01][0-9]|2[0-3]):[0-5][0-9]:[0-5][0-9](\\.[0-9]+)?(Z|(\\+|-)((0[0-9]|1[0-3]):[0-5][0-9]|14:00)))?)?)?$",
                "sosmeta": {
                  "name": [
                    {
                      "lang": "fi",
                      "value": "Asiasta poistumishetki"
                    },
                    {
                      "lang": "sv",
                      "value": "Tidpunkt för avlägsnande från ärendet"
                    }
                  ],
                  "description": [
                    {
                      "lang": "fi",
                      "value": "Kenttään kirjataan ajankohta, jolloin asiakas on poistunut yhteisestä asiasta."
                    },
                    {
                      "lang": "sv",
                      "value": "I fältet antecknas den tidpunkt, då klienten har avlägsnats från ett gemensamt ärende."
                    }
                  ],
                  "implementationNote": [
                    {
                      "lang": "fi",
                      "value": "Kenttää käytetään, jos kyseessä on yhteinen asia. Kenttää käytetään II vaiheesta eteenpäin."
                    },
                    {
                      "lang": "sv",
                      "value": "Fältet används om det är frågan om ett gemensamt ärende. Fältet används från skede II framåt."
                    }
                  ],
                  "representation": [
                    {
                      "lang": "fi",
                      "value": "Hetki"
                    },
                    {
                      "lang": "sv",
                      "value": "Datum och klockslag"
                    }
                  ],
                  "repeatable": false,
                  "required": false,
                  "hiddenField": false,
                  "hiddenTitle": false,
                  "rowNumber": 10
                }
              }
            }
          }
        },
        "asian_tiedot": {
          "type": "object",
          "additionalProperties": false,
          "sosmeta": {
            "name": [
              {
                "lang": "fi",
                "value": "Asian tiedot"
              },
              {
                "lang": "sv",
                "value": "Information om ärendet"
              }
            ],
            "representation": [
              {
                "lang": "fi",
                "value": "Otsikko"
              },
              {
                "lang": "sv",
                "value": "Rubrik"
              }
            ]
          },
          "required": [
            "asiatunnus",
            "nimi",
            "tila",
            "avauspaiva",
            "palvelutehtava"
          ],
          "properties": {
            "asiatunnus": {
              "type": "object",
              "additionalProperties": false,
              "sosmeta": {
                "name": [
                  {
                    "lang": "fi",
                    "value": "Asiatunnus"
                  },
                  {
                    "lang": "sv",
                    "value": "Ärendenummer"
                  }
                ],
                "description": [
                  {
                    "lang": "fi",
                    "value": "Kenttään kirjataan asian yksilöivä OID-tunnus."
                  },
                  {
                    "lang": "sv",
                    "value": "I fältet antecknas den OID-kod som identifierar ärendet."
                  }
                ],
                "representation": [
                  {
                    "lang": "fi",
                    "value": "Tunnus"
                  },
                  {
                    "lang": "sv",
                    "value": "Identifierare"
                  }
                ],
                "repeatable": false,
                "required": true,
                "hiddenField": false,
                "hiddenTitle": false,
                "rowNumber": 11
              },
              "required": [
                "value"
              ],
              "properties": {
                "system": {
                  "type": "string"
                },
                "value": {
                  "type": "string"
                }
              }
            },
            "nimi": {
              "type": "object",
              "additionalProperties": false,
              "sosmeta": {
                "name": [
                  {
                    "lang": "fi",
                    "value": "Nimi"
                  },
                  {
                    "lang": "sv",
                    "value": "Namn"
                  }
                ],
                "description": [
                  {
                    "lang": "fi",
                    "value": "Kenttään kirjataan luokituksen avulla käsiteltävänä olevan asian nimi."
                  },
                  {
                    "lang": "sv",
                    "value": "I fältet antecknas med hjälp av klassificeringen namnet på det ärende som är under behandling."
                  }
                ],
                "classification": [
                  {
                    "lang": "fi",
                    "value": "Koodistopalvelin: Sosiaalihuolto - Sosiaalihuollon asia 1.2.246.537.6.1265 https://koodistopalvelu.kanta.fi/codeserver/pages/classification-view-page.xhtml?classificationKey\u003d2545\u0026versionKey\u003d2845"
                  },
                  {
                    "lang": "sv",
                    "value": "Kodtjänsten: Socialvård - Socialvårdsärende 1.2.246.537.6.1265 https://koodistopalvelu.kanta.fi/codeserver/pages/classification-view-page.xhtml?classificationKey\u003d2545\u0026versionKey\u003d2845"
                  }
                ],
                "classificationLink": [
                  {
                    "lang": "",
                    "value": "https://koodistopalvelu.kanta.fi/codeserver/pages/classification-view-page.xhtml?classificationKey\u003d2545\u0026versionKey\u003d2845"
                  }
                ],
                "classificationOid": [
                  {
                    "lang": "",
                    "value": "1.2.246.537.6.1265"
                  }
                ],
                "representation": [
                  {
                    "lang": "fi",
                    "value": "Koodi"
                  },
                  {
                    "lang": "sv",
                    "value": "Kod"
                  }
                ],
                "repeatable": false,
                "required": true,
                "hiddenField": false,
                "hiddenTitle": false,
                "rowNumber": 12
              },
              "required": [
                "system",
                "code",
                "display"
              ],
              "properties": {
                "system": {
                  "type": "string"
                },
                "code": {
                  "type": "string"
                },
                "display": {
                  "type": "string"
                }
              }
            },
            "tila": {
              "type": "object",
              "additionalProperties": false,
              "sosmeta": {
                "name": [
                  {
                    "lang": "fi",
                    "value": "Tila"
                  },
                  {
                    "lang": "sv",
                    "value": "Status"
                  }
                ],
                "description": [
                  {
                    "lang": "fi",
                    "value": "Kenttään kirjataan luokituksen avulla käsiteltävänä olevan asian tilatieto."
                  },
                  {
                    "lang": "sv",
                    "value": "I fältet antecknas med hjälp av klassificeringen status för det ärende som är under behandling."
                  }
                ],
                "classification": [
                  {
                    "lang": "fi",
                    "value": "Koodistopalvelin: Sosiaalihuolto - Asian tila 1.2.246.537.6.1501 https://koodistopalvelu.kanta.fi/codeserver/pages/classification-view-page.xhtml?classificationKey\u003d2364\u0026versionKey\u003d2624"
                  },
                  {
                    "lang": "sv",
                    "value": "Kodtjänsten: Socialvård - Ärendestatus 1.2.246.537.6.1501 https://koodistopalvelu.kanta.fi/codeserver/pages/classification-view-page.xhtml?classificationKey\u003d2364\u0026versionKey\u003d2624"
                  }
                ],
                "classificationLink": [
                  {
                    "lang": "",
                    "value": "https://koodistopalvelu.kanta.fi/codeserver/pages/classification-view-page.xhtml?classificationKey\u003d2364\u0026versionKey\u003d2624"
                  }
                ],
                "classificationOid": [
                  {
                    "lang": "",
                    "value": "1.2.246.537.6.1501"
                  }
                ],
                "representation": [
                  {
                    "lang": "fi",
                    "value": "Koodi"
                  },
                  {
                    "lang": "sv",
                    "value": "Kod"
                  }
                ],
                "repeatable": false,
                "required": true,
                "hiddenField": false,
                "hiddenTitle": false,
                "rowNumber": 13
              },
              "required": [
                "system",
                "code",
                "display"
              ],
              "properties": {
                "system": {
                  "type": "string"
                },
                "code": {
                  "type": "string"
                },
                "display": {
                  "type": "string"
                }
              }
            },
            "avauspaiva": {
              "type": "string",
              "pattern": "^-?[0-9]{4}(-(0[1-9]|1[0-2])(-(0[0-9]|[1-2][0-9]|3[0-1]))?)?$",
              "sosmeta": {
                "name": [
                  {
                    "lang": "fi",
                    "value": "Avauspäivä"
                  },
                  {
                    "lang": "sv",
                    "value": "Öppningsdatum"
                  }
                ],
                "description": [
                  {
                    "lang": "fi",
                    "value": "Kenttään kirjataan ajankohta, jolloin asia avataan."
                  },
                  {
                    "lang": "sv",
                    "value": "I fältet antecknas det datum, då ärendet öppnas."
                  }
                ],
                "representation": [
                  {
                    "lang": "fi",
                    "value": "Pvm"
                  },
                  {
                    "lang": "sv",
                    "value": "Datum"
                  }
                ],
                "repeatable": false,
                "required": true,
                "hiddenField": false,
                "hiddenTitle": false,
                "rowNumber": 14
              }
            },
            "paattymispaiva": {
              "type": "string",
              "pattern": "^-?[0-9]{4}(-(0[1-9]|1[0-2])(-(0[0-9]|[1-2][0-9]|3[0-1]))?)?$",
              "sosmeta": {
                "name": [
                  {
                    "lang": "fi",
                    "value": "Päättymispäivä"
                  },
                  {
                    "lang": "sv",
                    "value": "Avslutningsdatum"
                  }
                ],
                "description": [
                  {
                    "lang": "fi",
                    "value": "Kenttään kirjataan ajankohta, jolloin asia suljetaan."
                  },
                  {
                    "lang": "sv",
                    "value": "I fältet antecknas det datum, då ärendet stängs."
                  }
                ],
                "implementationNote": [
                  {
                    "lang": "fi",
                    "value": "Ehdollisesti pakollinen: Jos asia on suljettu, kenttä on pakollinen."
                  },
                  {
                    "lang": "sv",
                    "value": "Villkorlig obligatorisk: Om ärendet är stängt, är fältet obligatoriskt."
                  }
                ],
                "representation": [
                  {
                    "lang": "fi",
                    "value": "Pvm"
                  },
                  {
                    "lang": "sv",
                    "value": "Datum"
                  }
                ],
                "repeatable": false,
                "required": false,
                "hiddenField": false,
                "hiddenTitle": false,
                "rowNumber": 15
              }
            },
            "yhteinen_asia": {
              "type": "boolean",
              "sosmeta": {
                "name": [
                  {
                    "lang": "fi",
                    "value": "Yhteinen asia"
                  },
                  {
                    "lang": "sv",
                    "value": "Gemensamt ärende"
                  }
                ],
                "description": [
                  {
                    "lang": "fi",
                    "value": "Kenttään kirjataan, onko kyseessä usean asiakkaan yhteinen asia."
                  },
                  {
                    "lang": "sv",
                    "value": "I fältet antecknas, om det är frågan om flera klienters gemensamma ärende."
                  }
                ],
                "implementationNote": [
                  {
                    "lang": "fi",
                    "value": "Jos tähän on vastattu \"kyllä\" (true), Asiaan liittymishetki on pakollinen. Kenttää käytetään II vaiheesta eteenpäin."
                  },
                  {
                    "lang": "sv",
                    "value": "Om svaret är \"ja” (true) här, är anslutningstidpunkt för ärendet obligatorisk. Fältet används från skede II framåt."
                  }
                ],
                "representation": [
                  {
                    "lang": "fi",
                    "value": "Kytkin"
                  },
                  {
                    "lang": "sv",
                    "value": "Brytare"
                  }
                ],
                "repeatable": false,
                "required": false,
                "hiddenField": false,
                "hiddenTitle": false,
                "rowNumber": 16
              }
            },
            "palvelutehtava": {
              "type": "object",
              "additionalProperties": false,
              "sosmeta": {
                "name": [
                  {
                    "lang": "fi",
                    "value": "Palvelutehtävä"
                  },
                  {
                    "lang": "sv",
                    "value": "Serviceuppgift"
                  }
                ],
                "description": [
                  {
                    "lang": "fi",
                    "value": "Kenttään kirjataan luokituksen avulla sosiaalihuollon palvelutehtävä, jonka järjestämisen yhteydessä asia avataan."
                  },
                  {
                    "lang": "sv",
                    "value": "I fältet antecknas med hjälp av klassificeringen den serviceuppgift inom socialvården, för vilken ärendet öppnas."
                  }
                ],
                "classification": [
                  {
                    "lang": "fi",
                    "value": "Koodistopalvelin: Sosiaalihuolto - Palvelutehtävä 1.2.246.537.6.1221 https://koodistopalvelu.kanta.fi/codeserver/pages/classification-view-page.xhtml?classificationKey\u003d704\u0026versionKey\u003d2563"
                  },
                  {
                    "lang": "sv",
                    "value": "Kodtjänsten: Socialvård - Serviceuppgift 1.2.246.537.6.1221 https://koodistopalvelu.kanta.fi/codeserver/pages/classification-view-page.xhtml?classificationKey\u003d704\u0026versionKey\u003d2563"
                  }
                ],
                "classificationLink": [
                  {
                    "lang": "",
                    "value": "https://koodistopalvelu.kanta.fi/codeserver/pages/classification-view-page.xhtml?classificationKey\u003d704\u0026versionKey\u003d2563"
                  }
                ],
                "classificationOid": [
                  {
                    "lang": "",
                    "value": "1.2.246.537.6.1221"
                  }
                ],
                "representation": [
                  {
                    "lang": "fi",
                    "value": "Koodi"
                  },
                  {
                    "lang": "sv",
                    "value": "Kod"
                  }
                ],
                "repeatable": false,
                "required": true,
                "hiddenField": false,
                "hiddenTitle": false,
                "rowNumber": 17
              },
              "required": [
                "system",
                "code",
                "display"
              ],
              "properties": {
                "system": {
                  "type": "string"
                },
                "code": {
                  "type": "string"
                },
                "display": {
                  "type": "string"
                }
              }
            }
          }
        },
        "muut_asiaan_liittyvat_henkilot": {
          "type": "array",
          "minItems": 0,
          "items": {
            "type": "object",
            "additionalProperties": false,
            "sosmeta": {
              "name": [
                {
                  "lang": "fi",
                  "value": "Muut asiaan liittyvät henkilöt"
                },
                {
                  "lang": "sv",
                  "value": "Andra samhörande personer"
                }
              ],
              "description": [
                {
                  "lang": "fi",
                  "value": "Tämä tietokokonaisuus toistuva, koska  asiaan liittyviä henkilöitä voi olla useita."
                },
                {
                  "lang": "sv",
                  "value": "Den här uppgiftshelheten är återkommande, eftersom det kan finnas flera samhörande personer."
                }
              ],
              "repeatable": true,
              "required": false,
              "hiddenField": false,
              "hiddenTitle": false,
              "rowNumber": 18
            },
            "required": [
              "sukunimi",
              "etunimet"
            ],
            "properties": {
              "sukunimi": {
                "type": "string",
                "minLength": 1,
                "sosmeta": {
                  "name": [
                    {
                      "lang": "fi",
                      "value": "Sukunimi"
                    },
                    {
                      "lang": "sv",
                      "value": "Efternamn"
                    }
                  ],
                  "description": [
                    {
                      "lang": "fi",
                      "value": "Kenttään kirjataan asianosaisen sukunimi."
                    },
                    {
                      "lang": "sv",
                      "value": "I fältet antecknas partens efternamn."
                    }
                  ],
                  "representation": [
                    {
                      "lang": "fi",
                      "value": "Nimi"
                    },
                    {
                      "lang": "sv",
                      "value": "Namn"
                    }
                  ],
                  "repeatable": false,
                  "required": true,
                  "hiddenField": false,
                  "hiddenTitle": false,
                  "rowNumber": 19
                }
              },
              "etunimet": {
                "type": "string",
                "minLength": 1,
                "sosmeta": {
                  "name": [
                    {
                      "lang": "fi",
                      "value": "Etunimet"
                    },
                    {
                      "lang": "sv",
                      "value": "Förnamn"
                    }
                  ],
                  "description": [
                    {
                      "lang": "fi",
                      "value": "Kenttään kirjataan asianosaisen etunimet."
                    },
                    {
                      "lang": "sv",
                      "value": "I fältet antecknas partens förnamn."
                    }
                  ],
                  "representation": [
                    {
                      "lang": "fi",
                      "value": "Nimi"
                    },
                    {
                      "lang": "sv",
                      "value": "Namn"
                    }
                  ],
                  "repeatable": false,
                  "required": true,
                  "hiddenField": false,
                  "hiddenTitle": false,
                  "rowNumber": 20
                }
              },
              "henkilotunnus": {
                "type": "object",
                "additionalProperties": false,
                "sosmeta": {
                  "name": [
                    {
                      "lang": "fi",
                      "value": "Henkilötunnus"
                    },
                    {
                      "lang": "sv",
                      "value": "Personbeteckning"
                    }
                  ],
                  "description": [
                    {
                      "lang": "fi",
                      "value": "Kenttään kirjataan asianosaisen henkilötunnus."
                    },
                    {
                      "lang": "sv",
                      "value": "I fältet antecknas partens personbeteckning."
                    }
                  ],
                  "representation": [
                    {
                      "lang": "fi",
                      "value": "Tunnus"
                    },
                    {
                      "lang": "sv",
                      "value": "Identifierare"
                    }
                  ],
                  "systemUri": [
                    {
                      "lang": "",
                      "value": "urn:oid:1.2.246.21"
                    }
                  ],
                  "repeatable": false,
                  "required": false,
                  "hiddenField": false,
                  "hiddenTitle": false,
                  "rowNumber": 21
                },
                "required": [
                  "value"
                ],
                "properties": {
                  "system": {
                    "type": "string"
                  },
                  "value": {
                    "type": "string"
                  }
                }
              },
              "rooli": {
                "type": "array",
                "minItems": 0,
                "items": {
                  "type": "object",
                  "additionalProperties": false,
                  "sosmeta": {
                    "name": [
                      {
                        "lang": "fi",
                        "value": "Rooli"
                      },
                      {
                        "lang": "sv",
                        "value": "Roll"
                      }
                    ],
                    "description": [
                      {
                        "lang": "fi",
                        "value": "Kenttään kirjataan luokituksen avulla rooli, jossa henkilö on suhteessa siihen asiakkaaseen, jonka asiasta on kyse. Kenttä on toistuva, koska henkilöllä voi olla useampia rooleja."
                      },
                      {
                        "lang": "sv",
                        "value": "I fältet antecknas med hjälp av klassificeringen den roll, i vilken personen anknyter till den klient vars ärende det gäller. Fältet upprepas, eftersom personen kan ha flera roller."
                      }
                    ],
                    "classification": [
                      {
                        "lang": "fi",
                        "value": "Luonnos:\n1 Huollettava\n2 Lapsi\n3 Vanhempi\n4 Puoliso\n5 Läheinen\n6 Omaishoitaja\n7 Muu asiakkaan huolenpidosta vastaava henkilö\n8 Laillinen edustaja\n8.1 Huoltaja\n8.2 Edunvalvoja\n8.3 Edunvalvontavaltuutettu\n8.4 Valtakirjalla valtuutettu edustaja\n99 Muu henkilö"
                      },
                      {
                        "lang": "sv",
                        "value": "Utkast:\n1 Vårdbehövande\n2 Barn\n3 Förälder\n4 Make/maka\n5 Närstående\n6 Närståendevårdare\n7 Annan person som ansvarar för klientens omvårdnad\n8 Laglig företrädare\n8.1 Vårdnadshavare\n8.2 Intressebevakare\n8.3 Intressebevakningsfullmäktig\n8.4 Företrädare befullmäktigad med fullmakt\n99 Annan person"
                      }
                    ],
                    "classificationLink": [
                      {
                        "lang": "",
                        "value": "-"
                      }
                    ],
                    "classificationOid": [
                      {
                        "lang": "",
                        "value": "-"
                      }
                    ],
                    "representation": [
                      {
                        "lang": "fi",
                        "value": "Koodi"
                      },
                      {
                        "lang": "sv",
                        "value": "Kod"
                      }
                    ],
                    "repeatable": true,
                    "required": false,
                    "hiddenField": false,
                    "hiddenTitle": false,
                    "rowNumber": 22
                  },
                  "required": [
                    "system",
                    "code",
                    "display"
                  ],
                  "properties": {
                    "system": {
                      "type": "string"
                    },
                    "code": {
                      "type": "string"
                    },
                    "display": {
                      "type": "string"
                    }
                  }
                }
              },
              "roolin_kuvaus": {
                "type": "string",
                "sosmeta": {
                  "name": [
                    {
                      "lang": "fi",
                      "value": "Roolin kuvaus"
                    },
                    {
                      "lang": "sv",
                      "value": "Rollbeskrivning"
                    }
                  ],
                  "title": [
                    {
                      "lang": "fi",
                      "value": "Lisätieto luokkaan \"Muu\" tai roolin tarkempi kuvaus"
                    },
                    {
                      "lang": "sv",
                      "value": "Ytterligare information i klassen ”Annan” eller noggrannare beskrivning av rollen"
                    }
                  ],
                  "description": [
                    {
                      "lang": "fi",
                      "value": "Kenttään annetaan lisätietoa, jos Rooli-kentässä olevasta luokituksesta on valittu \"Muu\", tai kuvataan tarkemmin luokituksesta valittua luokkaa."
                    },
                    {
                      "lang": "sv",
                      "value": "I fältet anges ytterligare information om \"Övrigt\" har valts i klassificeringen i fältet Roll eller om en klass som har valts ska beskrivas noggrannare."
                    }
                  ],
                  "representation": [
                    {
                      "lang": "fi",
                      "value": "Teksti"
                    },
                    {
                      "lang": "sv",
                      "value": "Text"
                    }
                  ],
                  "repeatable": false,
                  "required": false,
                  "hiddenField": false,
                  "hiddenTitle": false,
                  "rowNumber": 23
                }
              }
            }
          }
        }
      }
    }
  }
}