{
  "$schema": "http://json-schema.org/draft-07/schema#",
  "title": "\u0027Sosiaalihuollon asiakirjapyyntö\u0027 JSON schema",
  "type": "object",
  "additionalProperties": false,
  "sosmeta": {
    "title": "\u0027Sosiaalihuollon asiakirjapyyntö\u0027 JSON schema",
    "status": "Vanhentunut",
    "documentDefinitionVersion": "2023-05-31",
    "dataComponentLibraryVersion": "2023-05-26",
    "oid": "1.2.246.537.6.1506.10014.2023.5.31",
    "documentType": "Pyyntö",
    "documentAuthor": "Ammattihenkilö",
    "documentSubject": "Sosiaalihuollon  palvelutehtäville yhteiset asiakasasiakirjat"
  },
  "required": [
    "sosiaalihuollon_asiakirjapyynto"
  ],
  "properties": {
    "sosiaalihuollon_asiakirjapyynto": {
      "type": "object",
      "additionalProperties": false,
      "sosmeta": {
        "name": [
          {
            "lang": "fi",
            "value": "Sosiaalihuollon asiakirjapyyntö"
          },
          {
            "lang": "sv",
            "value": "Socialvårdens begäran om handling"
          }
        ]
      },
      "required": [
        "asiakirjapyynnon_vastaanottaja",
        "asiakas",
        "laatija"
      ],
      "properties": {
        "asiakirjapyynnon_vastaanottaja": {
          "type": "object",
          "additionalProperties": false,
          "sosmeta": {
            "name": [
              {
                "lang": "fi",
                "value": "Asiakirjapyynnön vastaanottaja"
              },
              {
                "lang": "sv",
                "value": "Mottagare av begäran om handling"
              }
            ],
            "description": [
              {
                "lang": "fi",
                "value": "Vastaanottaja on organisaatio. Jos pyyntö osoitetaan tietylle henkilölle, hänen nimensä kirjataan Yhteyshenkilö-kohtaan."
              },
              {
                "lang": "sv",
                "value": "Mottagaren är en organisation. Om begäran riktas till en viss person, antecknas dennes namn under Kontaktperson."
              }
            ],
            "repeatable": false,
            "required": true,
            "conditionalRequired": false,
            "nationwideRecordedInformation": false,
            "hiddenField": false,
            "hiddenTitle": false,
            "rowNumber": 1
          },
          "required": [
            "organisaation_nimi"
          ],
          "properties": {
            "organisaation_nimi": {
              "type": "string",
              "minLength": 1,
              "sosmeta": {
                "name": [
                  {
                    "lang": "fi",
                    "value": "Organisaation nimi"
                  },
                  {
                    "lang": "sv",
                    "value": "Organisationens namn"
                  }
                ],
                "description": [
                  {
                    "lang": "fi",
                    "value": "-"
                  },
                  {
                    "lang": "sv",
                    "value": "-"
                  }
                ],
                "example": [
                  {
                    "lang": "fi",
                    "value": "-"
                  },
                  {
                    "lang": "sv",
                    "value": "-"
                  }
                ],
                "implementationNote": [
                  {
                    "lang": "fi",
                    "value": "Kenttä on pakollinen TK Organisaation määrityksestä poiketen."
                  },
                  {
                    "lang": "sv",
                    "value": "Kenttä on pakollinen TK Organisaation määrityksestä poiketen."
                  }
                ],
                "representation": [
                  {
                    "lang": "fi",
                    "value": "Nimi"
                  },
                  {
                    "lang": "sv",
                    "value": "Namn"
                  }
                ],
                "repeatable": false,
                "required": true,
                "conditionalRequired": false,
                "nationwideRecordedInformation": false,
                "hiddenField": false,
                "hiddenTitle": false,
                "rowNumber": 2
              }
            },
            "yhteystiedot": {
              "type": "object",
              "additionalProperties": false,
              "sosmeta": {
                "name": [
                  {
                    "lang": "fi",
                    "value": "Yhteystiedot"
                  },
                  {
                    "lang": "sv",
                    "value": "Kontaktuppgifter"
                  }
                ],
                "description": [
                  {
                    "lang": "fi",
                    "value": "-"
                  },
                  {
                    "lang": "sv",
                    "value": "-"
                  }
                ],
                "repeatable": false,
                "required": false,
                "conditionalRequired": false,
                "nationwideRecordedInformation": false,
                "hiddenField": false,
                "hiddenTitle": false,
                "rowNumber": 3
              },
              "required": [],
              "properties": {
                "osoite": {
                  "type": "object",
                  "additionalProperties": false,
                  "sosmeta": {
                    "name": [
                      {
                        "lang": "fi",
                        "value": "Osoite"
                      },
                      {
                        "lang": "sv",
                        "value": "Adress"
                      }
                    ],
                    "description": [
                      {
                        "lang": "fi",
                        "value": "-"
                      },
                      {
                        "lang": "sv",
                        "value": "-"
                      }
                    ],
                    "implementationNote": [
                      {
                        "lang": "fi",
                        "value": "Kenttä ei ole toistuva TK:n määrityksestä poiketen."
                      },
                      {
                        "lang": "sv",
                        "value": "Kenttä ei ole toistuva TK:n määrityksestä poiketen."
                      }
                    ],
                    "repeatable": false,
                    "required": false,
                    "conditionalRequired": false,
                    "nationwideRecordedInformation": false,
                    "hiddenField": false,
                    "hiddenTitle": false,
                    "rowNumber": 4
                  },
                  "required": [],
                  "properties": {
                    "lahiosoite": {
                      "type": "string",
                      "sosmeta": {
                        "name": [
                          {
                            "lang": "fi",
                            "value": "Lähiosoite"
                          },
                          {
                            "lang": "sv",
                            "value": "Näradress"
                          }
                        ],
                        "description": [
                          {
                            "lang": "fi",
                            "value": "-"
                          },
                          {
                            "lang": "sv",
                            "value": "-"
                          }
                        ],
                        "example": [
                          {
                            "lang": "fi",
                            "value": "-"
                          },
                          {
                            "lang": "sv",
                            "value": "-"
                          }
                        ],
                        "representation": [
                          {
                            "lang": "fi",
                            "value": "Teksti"
                          },
                          {
                            "lang": "sv",
                            "value": "Text"
                          }
                        ],
                        "repeatable": false,
                        "required": false,
                        "conditionalRequired": false,
                        "nationwideRecordedInformation": false,
                        "hiddenField": false,
                        "hiddenTitle": false,
                        "rowNumber": 5
                      }
                    },
                    "postinumero": {
                      "type": "string",
                      "sosmeta": {
                        "name": [
                          {
                            "lang": "fi",
                            "value": "Postinumero"
                          },
                          {
                            "lang": "sv",
                            "value": "Postnummer"
                          }
                        ],
                        "description": [
                          {
                            "lang": "fi",
                            "value": "-"
                          },
                          {
                            "lang": "sv",
                            "value": "-"
                          }
                        ],
                        "example": [
                          {
                            "lang": "fi",
                            "value": "-"
                          },
                          {
                            "lang": "sv",
                            "value": "-"
                          }
                        ],
                        "representation": [
                          {
                            "lang": "fi",
                            "value": "Teksti"
                          },
                          {
                            "lang": "sv",
                            "value": "Text"
                          }
                        ],
                        "repeatable": false,
                        "required": false,
                        "conditionalRequired": false,
                        "nationwideRecordedInformation": false,
                        "hiddenField": false,
                        "hiddenTitle": false,
                        "rowNumber": 6
                      }
                    },
                    "postitoimipaikka": {
                      "type": "string",
                      "sosmeta": {
                        "name": [
                          {
                            "lang": "fi",
                            "value": "Postitoimipaikka"
                          },
                          {
                            "lang": "sv",
                            "value": "Postkontor"
                          }
                        ],
                        "description": [
                          {
                            "lang": "fi",
                            "value": "-"
                          },
                          {
                            "lang": "sv",
                            "value": "-"
                          }
                        ],
                        "example": [
                          {
                            "lang": "fi",
                            "value": "-"
                          },
                          {
                            "lang": "sv",
                            "value": "-"
                          }
                        ],
                        "representation": [
                          {
                            "lang": "fi",
                            "value": "Nimi"
                          },
                          {
                            "lang": "sv",
                            "value": "Namn"
                          }
                        ],
                        "repeatable": false,
                        "required": false,
                        "conditionalRequired": false,
                        "nationwideRecordedInformation": false,
                        "hiddenField": false,
                        "hiddenTitle": false,
                        "rowNumber": 7
                      }
                    }
                  }
                }
              }
            },
            "yhteyshenkilo": {
              "type": "object",
              "additionalProperties": false,
              "sosmeta": {
                "name": [
                  {
                    "lang": "fi",
                    "value": "Yhteyshenkilö"
                  },
                  {
                    "lang": "sv",
                    "value": "Kontaktperson"
                  }
                ],
                "description": [
                  {
                    "lang": "fi",
                    "value": "Jos asiakirjapyyntö osoitetaan organisaatiossa tietylle henkilölle, hänen nimensä kirjataan tähän."
                  },
                  {
                    "lang": "sv",
                    "value": "Om begäran riktas till en viss person i organisationen, antecknas dennes namn här."
                  }
                ],
                "implementationNote": [
                  {
                    "lang": "fi",
                    "value": "Kenttä ei ole toistuva TK:n määrityksestä poiketen."
                  },
                  {
                    "lang": "sv",
                    "value": "Kenttä ei ole toistuva TK:n määrityksestä poiketen."
                  }
                ],
                "repeatable": false,
                "required": false,
                "conditionalRequired": false,
                "nationwideRecordedInformation": false,
                "hiddenField": false,
                "hiddenTitle": false,
                "rowNumber": 8
              },
              "required": [
                "sukunimi",
                "etunimet"
              ],
              "properties": {
                "sukunimi": {
                  "type": "string",
                  "minLength": 1,
                  "sosmeta": {
                    "name": [
                      {
                        "lang": "fi",
                        "value": "Sukunimi"
                      },
                      {
                        "lang": "sv",
                        "value": "Efternamn"
                      }
                    ],
                    "description": [
                      {
                        "lang": "fi",
                        "value": "-"
                      },
                      {
                        "lang": "sv",
                        "value": "-"
                      }
                    ],
                    "representation": [
                      {
                        "lang": "fi",
                        "value": "Nimi"
                      },
                      {
                        "lang": "sv",
                        "value": "Namn"
                      }
                    ],
                    "repeatable": false,
                    "required": true,
                    "conditionalRequired": false,
                    "nationwideRecordedInformation": false,
                    "hiddenField": false,
                    "hiddenTitle": false,
                    "rowNumber": 9
                  }
                },
                "etunimet": {
                  "type": "string",
                  "minLength": 1,
                  "sosmeta": {
                    "name": [
                      {
                        "lang": "fi",
                        "value": "Etunimet"
                      },
                      {
                        "lang": "sv",
                        "value": "Samtliga förnamn"
                      }
                    ],
                    "description": [
                      {
                        "lang": "fi",
                        "value": "-"
                      },
                      {
                        "lang": "sv",
                        "value": "-"
                      }
                    ],
                    "representation": [
                      {
                        "lang": "fi",
                        "value": "Nimi"
                      },
                      {
                        "lang": "sv",
                        "value": "Namn"
                      }
                    ],
                    "repeatable": false,
                    "required": true,
                    "conditionalRequired": false,
                    "nationwideRecordedInformation": false,
                    "hiddenField": false,
                    "hiddenTitle": false,
                    "rowNumber": 10
                  }
                }
              }
            }
          }
        },
        "asiakas": {
          "type": "object",
          "additionalProperties": false,
          "sosmeta": {
            "name": [
              {
                "lang": "fi",
                "value": "Asiakas"
              },
              {
                "lang": "sv",
                "value": "Klient"
              }
            ],
            "title": [
              {
                "lang": "fi",
                "value": "Henkilö, jota koskevia asiakirjoja pyydetään"
              },
              {
                "lang": "sv",
                "value": "Den person som de begärda handlingarna berör"
              }
            ],
            "description": [
              {
                "lang": "fi",
                "value": "-"
              },
              {
                "lang": "sv",
                "value": "-"
              }
            ],
            "repeatable": false,
            "required": true,
            "conditionalRequired": false,
            "nationwideRecordedInformation": false,
            "hiddenField": false,
            "hiddenTitle": false,
            "rowNumber": 11
          },
          "required": [
            "sukunimi",
            "etunimet"
          ],
          "properties": {
            "sukunimi": {
              "type": "string",
              "minLength": 1,
              "sosmeta": {
                "name": [
                  {
                    "lang": "fi",
                    "value": "Sukunimi"
                  },
                  {
                    "lang": "sv",
                    "value": "Efternamn"
                  }
                ],
                "description": [
                  {
                    "lang": "fi",
                    "value": "-"
                  },
                  {
                    "lang": "sv",
                    "value": "-"
                  }
                ],
                "example": [
                  {
                    "lang": "fi",
                    "value": "-"
                  },
                  {
                    "lang": "sv",
                    "value": "-"
                  }
                ],
                "representation": [
                  {
                    "lang": "fi",
                    "value": "Nimi"
                  },
                  {
                    "lang": "sv",
                    "value": "Namn"
                  }
                ],
                "repeatable": false,
                "required": true,
                "conditionalRequired": false,
                "nationwideRecordedInformation": false,
                "hiddenField": false,
                "hiddenTitle": false,
                "rowNumber": 12
              }
            },
            "etunimet": {
              "type": "string",
              "minLength": 1,
              "sosmeta": {
                "name": [
                  {
                    "lang": "fi",
                    "value": "Etunimet"
                  },
                  {
                    "lang": "sv",
                    "value": "Samtliga förnamn"
                  }
                ],
                "description": [
                  {
                    "lang": "fi",
                    "value": "-"
                  },
                  {
                    "lang": "sv",
                    "value": "-"
                  }
                ],
                "example": [
                  {
                    "lang": "fi",
                    "value": "-"
                  },
                  {
                    "lang": "sv",
                    "value": "-"
                  }
                ],
                "representation": [
                  {
                    "lang": "fi",
                    "value": "Nimi"
                  },
                  {
                    "lang": "sv",
                    "value": "Namn"
                  }
                ],
                "repeatable": false,
                "required": true,
                "conditionalRequired": false,
                "nationwideRecordedInformation": false,
                "hiddenField": false,
                "hiddenTitle": false,
                "rowNumber": 13
              }
            },
            "henkilotunnus": {
              "type": "object",
              "additionalProperties": false,
              "sosmeta": {
                "name": [
                  {
                    "lang": "fi",
                    "value": "Henkilötunnus"
                  },
                  {
                    "lang": "sv",
                    "value": "Personbeteckning"
                  }
                ],
                "description": [
                  {
                    "lang": "fi",
                    "value": "-"
                  },
                  {
                    "lang": "sv",
                    "value": "-"
                  }
                ],
                "example": [
                  {
                    "lang": "fi",
                    "value": "-"
                  },
                  {
                    "lang": "sv",
                    "value": "-"
                  }
                ],
                "representation": [
                  {
                    "lang": "fi",
                    "value": "Tunnus"
                  },
                  {
                    "lang": "sv",
                    "value": "Identifierare"
                  }
                ],
                "systemUri": [
                  {
                    "lang": "",
                    "value": "urn:oid:1.2.246.21"
                  }
                ],
                "repeatable": false,
                "required": false,
                "conditionalRequired": false,
                "nationwideRecordedInformation": false,
                "hiddenField": false,
                "hiddenTitle": false,
                "rowNumber": 14
              },
              "required": [
                "value"
              ],
              "properties": {
                "system": {
                  "type": "string"
                },
                "value": {
                  "type": "string"
                }
              }
            }
          }
        },
        "pyynto": {
          "type": "object",
          "additionalProperties": false,
          "sosmeta": {
            "name": [
              {
                "lang": "fi",
                "value": "Pyyntö"
              },
              {
                "lang": "sv",
                "value": "Begäran"
              }
            ],
            "description": [
              {
                "lang": "fi",
                "value": "-"
              },
              {
                "lang": "sv",
                "value": "-"
              }
            ],
            "repeatable": false,
            "required": false,
            "conditionalRequired": false,
            "nationwideRecordedInformation": false,
            "hiddenField": true,
            "hiddenTitle": false,
            "rowNumber": 15
          },
          "required": [],
          "properties": {
            "pyydetyt_asiakirjat": {
              "type": "string",
              "sosmeta": {
                "name": [
                  {
                    "lang": "fi",
                    "value": "Pyydetyt asiakirjat"
                  },
                  {
                    "lang": "sv",
                    "value": "Begärda handlingar"
                  }
                ],
                "description": [
                  {
                    "lang": "fi",
                    "value": "Kenttään kirjataan mitä asiakirjoja palvelunantaja pyynnöllä pyytää asiakkaan asian ratkaisemiseksi tai käsittelemiseksi."
                  },
                  {
                    "lang": "sv",
                    "value": "I fältet antecknas vilka handlingar tillhandahållaren av tjänster begär för att kunna avgöra eller handlägga ärendet."
                  }
                ],
                "example": [
                  {
                    "lang": "fi",
                    "value": "Lääkärin lausunnot"
                  },
                  {
                    "lang": "sv",
                    "value": "Läkarutlåtanden"
                  }
                ],
                "representation": [
                  {
                    "lang": "fi",
                    "value": "Teksti"
                  },
                  {
                    "lang": "sv",
                    "value": "Text"
                  }
                ],
                "repeatable": false,
                "required": false,
                "conditionalRequired": false,
                "nationwideRecordedInformation": false,
                "hiddenField": false,
                "hiddenTitle": false,
                "rowNumber": 16
              }
            },
            "asiasisalto": {
              "type": "string",
              "sosmeta": {
                "name": [
                  {
                    "lang": "fi",
                    "value": "Asiasisältö"
                  },
                  {
                    "lang": "sv",
                    "value": "Sakinnehåll"
                  }
                ],
                "title": [
                  {
                    "lang": "fi",
                    "value": "Asiakirjapyynnön sisältö ja tarkoitus"
                  },
                  {
                    "lang": "sv",
                    "value": "Innehållet i och syftet med begäran om handling"
                  }
                ],
                "description": [
                  {
                    "lang": "fi",
                    "value": "Kenttään kirjataan asiakirjapyynnön sisältö ja esimerkiksi kuvataan mitä tarkoitusta varten asiakirjoja pyydetään."
                  },
                  {
                    "lang": "sv",
                    "value": "I fältet antecknar man innehållet i begäran om handling och till exempel beskriver i vilket syfte man begär handlingar."
                  }
                ],
                "example": [
                  {
                    "lang": "fi",
                    "value": "-"
                  },
                  {
                    "lang": "sv",
                    "value": "-"
                  }
                ],
                "representation": [
                  {
                    "lang": "fi",
                    "value": "Teksti"
                  },
                  {
                    "lang": "sv",
                    "value": "Text"
                  }
                ],
                "repeatable": false,
                "required": false,
                "conditionalRequired": false,
                "nationwideRecordedInformation": false,
                "hiddenField": false,
                "hiddenTitle": false,
                "rowNumber": 17
              }
            },
            "perustelu": {
              "type": "string",
              "sosmeta": {
                "name": [
                  {
                    "lang": "fi",
                    "value": "Perustelu"
                  },
                  {
                    "lang": "sv",
                    "value": "Motiveringar"
                  }
                ],
                "description": [
                  {
                    "lang": "fi",
                    "value": "Kenttään kirjataan säännökset, joiden nojalla asiakirjoja pyydetään ja jotka velvoittavat luovuttamaan asiakirjat. Jos asiakkaalta on suostumus asiakirjojen pyytämiseen, tieto suostumuksesta voidaan kirjata kenttään."
                  },
                  {
                    "lang": "sv",
                    "value": "I fältet antecknar man de bestämmelser, med stöd av vilka man begär handlingarna och som förpliktar till att lämna ut handlingarna. Om man har ett samtycke av klienten till begäran om handlingar, kan man anteckna uppgifter om samtycket i fältet."
                  }
                ],
                "example": [
                  {
                    "lang": "fi",
                    "value": "Laki sosiaalihuollon asiakkaan asemasta ja oikeuksista 20 §"
                  },
                  {
                    "lang": "sv",
                    "value": "Lagen om klientens ställning och rättigheter inom socialvården, 20 §."
                  }
                ],
                "representation": [
                  {
                    "lang": "fi",
                    "value": "Teksti"
                  },
                  {
                    "lang": "sv",
                    "value": "Text"
                  }
                ],
                "repeatable": false,
                "required": false,
                "conditionalRequired": false,
                "nationwideRecordedInformation": false,
                "hiddenField": false,
                "hiddenTitle": false,
                "rowNumber": 18
              }
            },
            "vastausosoite": {
              "type": "object",
              "additionalProperties": false,
              "sosmeta": {
                "name": [
                  {
                    "lang": "fi",
                    "value": "Vastausosoite"
                  },
                  {
                    "lang": "sv",
                    "value": "Svarsadress"
                  }
                ],
                "title": [
                  {
                    "lang": "fi",
                    "value": "Asiakirjat pyydetään toimittamaan seuraavaan osoitteeseen"
                  },
                  {
                    "lang": "sv",
                    "value": "Handlingarna ska skickas till följande adress"
                  }
                ],
                "description": [
                  {
                    "lang": "fi",
                    "value": "-"
                  },
                  {
                    "lang": "sv",
                    "value": "-"
                  }
                ],
                "repeatable": false,
                "required": false,
                "conditionalRequired": false,
                "nationwideRecordedInformation": false,
                "hiddenField": false,
                "hiddenTitle": false,
                "rowNumber": 19
              },
              "required": [],
              "properties": {
                "palveluyksikon_nimi": {
                  "type": "object",
                  "additionalProperties": false,
                  "sosmeta": {
                    "name": [
                      {
                        "lang": "fi",
                        "value": "Palveluyksikön nimi"
                      },
                      {
                        "lang": "sv",
                        "value": "Serviceenhetens namn"
                      }
                    ],
                    "description": [
                      {
                        "lang": "fi",
                        "value": "Kenttään kirjataan palveluyksikön nimi SOTE-organisaatiorekisterin avulla."
                      },
                      {
                        "lang": "sv",
                        "value": "I fältet antecknas namnet på serviceenheten enligt Organisationsregistret för social- och hälsovården."
                      }
                    ],
                    "example": [
                      {
                        "lang": "fi",
                        "value": "1.2.246.10.1012636.10.1.1.100768 \u003d Espoon keskuksen lastensuojelu, Espoon kaupunki, sosiaali- ja terveystoimi"
                      },
                      {
                        "lang": "sv",
                        "value": "1.2.246.10.1012636.10.1.1.100768 \u003d Esbo centrums barnskydd, Esbo stad, social- och hälsovårdssektorn"
                      }
                    ],
                    "classification": [
                      {
                        "lang": "fi",
                        "value": "Koodistopalvelin: THL - SOTE-organisaatiorekisteri 1.2.246.537.6.202"
                      },
                      {
                        "lang": "sv",
                        "value": "Kodtjänsten: THL - SOTE-organisationsregister 1.2.246.537.6.202"
                      }
                    ],
                    "classificationLink": [
                      {
                        "lang": "",
                        "value": "https://koodistopalvelu.kanta.fi/codeserver/pages/classification-view-page.xhtml?classificationKey\u003d421\u0026versionKey\u003d501"
                      }
                    ],
                    "classificationOid": [
                      {
                        "lang": "",
                        "value": "1.2.246.537.6.202"
                      }
                    ],
                    "representation": [
                      {
                        "lang": "fi",
                        "value": "Koodi"
                      },
                      {
                        "lang": "sv",
                        "value": "Kod"
                      }
                    ],
                    "repeatable": false,
                    "required": false,
                    "conditionalRequired": false,
                    "nationwideRecordedInformation": false,
                    "hiddenField": false,
                    "hiddenTitle": false,
                    "rowNumber": 20
                  },
                  "required": [
                    "system",
                    "code",
                    "display"
                  ],
                  "properties": {
                    "system": {
                      "type": "string",
                      "pattern": "^urn:oid:1\\.2\\.246\\.537\\.6\\.202(\\.\\d+)*$"
                    },
                    "code": {
                      "type": "string"
                    },
                    "display": {
                      "type": "string"
                    }
                  }
                },
                "yhteystiedot": {
                  "type": "object",
                  "additionalProperties": false,
                  "sosmeta": {
                    "name": [
                      {
                        "lang": "fi",
                        "value": "Yhteystiedot"
                      },
                      {
                        "lang": "sv",
                        "value": "Kontaktuppgifter"
                      }
                    ],
                    "description": [
                      {
                        "lang": "fi",
                        "value": "-"
                      },
                      {
                        "lang": "sv",
                        "value": "-"
                      }
                    ],
                    "repeatable": false,
                    "required": false,
                    "conditionalRequired": false,
                    "nationwideRecordedInformation": false,
                    "hiddenField": false,
                    "hiddenTitle": false,
                    "rowNumber": 21
                  },
                  "required": [],
                  "properties": {
                    "osoite": {
                      "type": "object",
                      "additionalProperties": false,
                      "sosmeta": {
                        "name": [
                          {
                            "lang": "fi",
                            "value": "Osoite"
                          },
                          {
                            "lang": "sv",
                            "value": "Adress"
                          }
                        ],
                        "description": [
                          {
                            "lang": "fi",
                            "value": "-"
                          },
                          {
                            "lang": "sv",
                            "value": "-"
                          }
                        ],
                        "implementationNote": [
                          {
                            "lang": "fi",
                            "value": "Kenttä ei ole toistuva TK Yhteystietojen määrityksestä poiketen."
                          },
                          {
                            "lang": "sv",
                            "value": "Kenttä ei ole toistuva TK Yhteystietojen määrityksestä poiketen."
                          }
                        ],
                        "repeatable": false,
                        "required": false,
                        "conditionalRequired": false,
                        "nationwideRecordedInformation": false,
                        "hiddenField": false,
                        "hiddenTitle": false,
                        "rowNumber": 22
                      },
                      "required": [],
                      "properties": {
                        "lahiosoite": {
                          "type": "string",
                          "sosmeta": {
                            "name": [
                              {
                                "lang": "fi",
                                "value": "Lähiosoite"
                              },
                              {
                                "lang": "sv",
                                "value": "Näradress"
                              }
                            ],
                            "description": [
                              {
                                "lang": "fi",
                                "value": "-"
                              },
                              {
                                "lang": "sv",
                                "value": "-"
                              }
                            ],
                            "example": [
                              {
                                "lang": "fi",
                                "value": "-"
                              },
                              {
                                "lang": "sv",
                                "value": "-"
                              }
                            ],
                            "representation": [
                              {
                                "lang": "fi",
                                "value": "Teksti"
                              },
                              {
                                "lang": "sv",
                                "value": "Text"
                              }
                            ],
                            "repeatable": false,
                            "required": false,
                            "conditionalRequired": false,
                            "nationwideRecordedInformation": false,
                            "hiddenField": false,
                            "hiddenTitle": false,
                            "rowNumber": 23
                          }
                        },
                        "postinumero": {
                          "type": "string",
                          "sosmeta": {
                            "name": [
                              {
                                "lang": "fi",
                                "value": "Postinumero"
                              },
                              {
                                "lang": "sv",
                                "value": "Postnummer"
                              }
                            ],
                            "description": [
                              {
                                "lang": "fi",
                                "value": "-"
                              },
                              {
                                "lang": "sv",
                                "value": "-"
                              }
                            ],
                            "example": [
                              {
                                "lang": "fi",
                                "value": "-"
                              },
                              {
                                "lang": "sv",
                                "value": "-"
                              }
                            ],
                            "representation": [
                              {
                                "lang": "fi",
                                "value": "Teksti"
                              },
                              {
                                "lang": "sv",
                                "value": "Text"
                              }
                            ],
                            "repeatable": false,
                            "required": false,
                            "conditionalRequired": false,
                            "nationwideRecordedInformation": false,
                            "hiddenField": false,
                            "hiddenTitle": false,
                            "rowNumber": 24
                          }
                        },
                        "postitoimipaikka": {
                          "type": "string",
                          "sosmeta": {
                            "name": [
                              {
                                "lang": "fi",
                                "value": "Postitoimipaikka"
                              },
                              {
                                "lang": "sv",
                                "value": "Postkontor"
                              }
                            ],
                            "description": [
                              {
                                "lang": "fi",
                                "value": "-"
                              },
                              {
                                "lang": "sv",
                                "value": "-"
                              }
                            ],
                            "example": [
                              {
                                "lang": "fi",
                                "value": "-"
                              },
                              {
                                "lang": "sv",
                                "value": "-"
                              }
                            ],
                            "representation": [
                              {
                                "lang": "fi",
                                "value": "Nimi"
                              },
                              {
                                "lang": "sv",
                                "value": "Namn"
                              }
                            ],
                            "repeatable": false,
                            "required": false,
                            "conditionalRequired": false,
                            "nationwideRecordedInformation": false,
                            "hiddenField": false,
                            "hiddenTitle": false,
                            "rowNumber": 25
                          }
                        }
                      }
                    }
                  }
                },
                "yhteyshenkilo": {
                  "type": "object",
                  "additionalProperties": false,
                  "sosmeta": {
                    "name": [
                      {
                        "lang": "fi",
                        "value": "Yhteyshenkilö"
                      },
                      {
                        "lang": "sv",
                        "value": "Kontaktperson"
                      }
                    ],
                    "description": [
                      {
                        "lang": "fi",
                        "value": "Jos asiakirjat tulee lähettää tietylle henkilölle, hänen nimensä kirjataan tähän."
                      },
                      {
                        "lang": "sv",
                        "value": "Om handlingarna ska skickas till en viss person, kan personens namn antecknas här."
                      }
                    ],
                    "implementationNote": [
                      {
                        "lang": "fi",
                        "value": "Kenttä ei ole toistuva TK Organisaation määrityksestä poiketen."
                      },
                      {
                        "lang": "sv",
                        "value": "Kenttä ei ole toistuva TK Organisaation määrityksestä poiketen."
                      }
                    ],
                    "repeatable": false,
                    "required": false,
                    "conditionalRequired": false,
                    "nationwideRecordedInformation": false,
                    "hiddenField": false,
                    "hiddenTitle": false,
                    "rowNumber": 26
                  },
                  "required": [
                    "sukunimi",
                    "etunimet"
                  ],
                  "properties": {
                    "sukunimi": {
                      "type": "string",
                      "minLength": 1,
                      "sosmeta": {
                        "name": [
                          {
                            "lang": "fi",
                            "value": "Sukunimi"
                          },
                          {
                            "lang": "sv",
                            "value": "Efternamn"
                          }
                        ],
                        "description": [
                          {
                            "lang": "fi",
                            "value": "-"
                          },
                          {
                            "lang": "sv",
                            "value": "-"
                          }
                        ],
                        "representation": [
                          {
                            "lang": "fi",
                            "value": "Nimi"
                          },
                          {
                            "lang": "sv",
                            "value": "Namn"
                          }
                        ],
                        "repeatable": false,
                        "required": true,
                        "conditionalRequired": false,
                        "nationwideRecordedInformation": false,
                        "hiddenField": false,
                        "hiddenTitle": false,
                        "rowNumber": 27
                      }
                    },
                    "etunimet": {
                      "type": "string",
                      "minLength": 1,
                      "sosmeta": {
                        "name": [
                          {
                            "lang": "fi",
                            "value": "Etunimet"
                          },
                          {
                            "lang": "sv",
                            "value": "Samtliga förnamn"
                          }
                        ],
                        "description": [
                          {
                            "lang": "fi",
                            "value": "-"
                          },
                          {
                            "lang": "sv",
                            "value": "-"
                          }
                        ],
                        "representation": [
                          {
                            "lang": "fi",
                            "value": "Nimi"
                          },
                          {
                            "lang": "sv",
                            "value": "Namn"
                          }
                        ],
                        "repeatable": false,
                        "required": true,
                        "conditionalRequired": false,
                        "nationwideRecordedInformation": false,
                        "hiddenField": false,
                        "hiddenTitle": false,
                        "rowNumber": 28
                      }
                    }
                  }
                }
              }
            },
            "vastauksen_maaraaika": {
              "type": "string",
              "pattern": "^-?[0-9]{4}(-(0[1-9]|1[0-2])(-(0[0-9]|[1-2][0-9]|3[0-1]))?)?$",
              "sosmeta": {
                "name": [
                  {
                    "lang": "fi",
                    "value": "Vastauksen määräaika"
                  },
                  {
                    "lang": "sv",
                    "value": "Tidsfrist för svaret"
                  }
                ],
                "title": [
                  {
                    "lang": "fi",
                    "value": "Päivämäärä, johon mennessä asiakirjat on toimitettava"
                  },
                  {
                    "lang": "sv",
                    "value": "Datum före vilket handlingarna ska lämnas in"
                  }
                ],
                "description": [
                  {
                    "lang": "fi",
                    "value": "-"
                  },
                  {
                    "lang": "sv",
                    "value": "-"
                  }
                ],
                "example": [
                  {
                    "lang": "fi",
                    "value": "07.08.2020"
                  },
                  {
                    "lang": "sv",
                    "value": "7.8.2020"
                  }
                ],
                "representation": [
                  {
                    "lang": "fi",
                    "value": "Pvm"
                  },
                  {
                    "lang": "sv",
                    "value": "Datum"
                  }
                ],
                "repeatable": false,
                "required": false,
                "conditionalRequired": false,
                "nationwideRecordedInformation": false,
                "hiddenField": false,
                "hiddenTitle": false,
                "rowNumber": 29
              }
            }
          }
        },
        "lisatiedot": {
          "type": "string",
          "sosmeta": {
            "name": [
              {
                "lang": "fi",
                "value": "Lisätiedot"
              },
              {
                "lang": "sv",
                "value": "Mer information"
              }
            ],
            "description": [
              {
                "lang": "fi",
                "value": "Kenttään voidaan kirjata esimerkiksi lisätietoja henkilön yksilöimiseksi mikäli henkilöllä ei ole henkilötunnusta."
              },
              {
                "lang": "sv",
                "value": "I fältet kan man anteckna till exempel tilläggsuppgifter för individualisering av personen, om personen inte har en personbeteckning."
              }
            ],
            "representation": [
              {
                "lang": "fi",
                "value": "Teksti"
              },
              {
                "lang": "sv",
                "value": "Text"
              }
            ],
            "repeatable": false,
            "required": false,
            "conditionalRequired": false,
            "nationwideRecordedInformation": false,
            "hiddenField": false,
            "hiddenTitle": false,
            "rowNumber": 30
          }
        },
        "paivamaara": {
          "type": "string",
          "pattern": "^-?[0-9]{4}(-(0[1-9]|1[0-2])(-(0[0-9]|[1-2][0-9]|3[0-1]))?)?$",
          "sosmeta": {
            "name": [
              {
                "lang": "fi",
                "value": "Päivämäärä"
              },
              {
                "lang": "sv",
                "value": "Datum"
              }
            ],
            "description": [
              {
                "lang": "fi",
                "value": "Kenttään kirjataan asiakirjapyynnön laatimisen päivämäärä."
              },
              {
                "lang": "sv",
                "value": "I fältet antecknas datum för upprättandet av begäran om handling."
              }
            ],
            "representation": [
              {
                "lang": "fi",
                "value": "Pvm"
              },
              {
                "lang": "sv",
                "value": "Datum"
              }
            ],
            "repeatable": false,
            "required": false,
            "conditionalRequired": false,
            "nationwideRecordedInformation": false,
            "hiddenField": false,
            "hiddenTitle": false,
            "rowNumber": 31
          }
        },
        "laatija": {
          "type": "object",
          "additionalProperties": false,
          "sosmeta": {
            "name": [
              {
                "lang": "fi",
                "value": "Laatija"
              },
              {
                "lang": "sv",
                "value": "Upprättare"
              }
            ],
            "description": [
              {
                "lang": "fi",
                "value": "-"
              },
              {
                "lang": "sv",
                "value": "-"
              }
            ],
            "repeatable": false,
            "required": true,
            "conditionalRequired": false,
            "nationwideRecordedInformation": false,
            "hiddenField": false,
            "hiddenTitle": false,
            "rowNumber": 32
          },
          "required": [
            "sukunimi",
            "etunimet"
          ],
          "properties": {
            "sukunimi": {
              "type": "string",
              "minLength": 1,
              "sosmeta": {
                "name": [
                  {
                    "lang": "fi",
                    "value": "Sukunimi"
                  },
                  {
                    "lang": "sv",
                    "value": "Efternamn"
                  }
                ],
                "description": [
                  {
                    "lang": "fi",
                    "value": "-"
                  },
                  {
                    "lang": "sv",
                    "value": "-"
                  }
                ],
                "representation": [
                  {
                    "lang": "fi",
                    "value": "Nimi"
                  },
                  {
                    "lang": "sv",
                    "value": "Namn"
                  }
                ],
                "repeatable": false,
                "required": true,
                "conditionalRequired": false,
                "nationwideRecordedInformation": false,
                "hiddenField": false,
                "hiddenTitle": false,
                "rowNumber": 33
              }
            },
            "etunimet": {
              "type": "string",
              "minLength": 1,
              "sosmeta": {
                "name": [
                  {
                    "lang": "fi",
                    "value": "Etunimet"
                  },
                  {
                    "lang": "sv",
                    "value": "Samtliga förnamn"
                  }
                ],
                "description": [
                  {
                    "lang": "fi",
                    "value": "-"
                  },
                  {
                    "lang": "sv",
                    "value": "-"
                  }
                ],
                "representation": [
                  {
                    "lang": "fi",
                    "value": "Nimi"
                  },
                  {
                    "lang": "sv",
                    "value": "Namn"
                  }
                ],
                "repeatable": false,
                "required": true,
                "conditionalRequired": false,
                "nationwideRecordedInformation": false,
                "hiddenField": false,
                "hiddenTitle": false,
                "rowNumber": 34
              }
            },
            "tehtavanimike": {
              "type": "string",
              "sosmeta": {
                "name": [
                  {
                    "lang": "fi",
                    "value": "Tehtävänimike"
                  },
                  {
                    "lang": "sv",
                    "value": "Uppgiftsbeteckning"
                  }
                ],
                "description": [
                  {
                    "lang": "fi",
                    "value": "-"
                  },
                  {
                    "lang": "sv",
                    "value": "-"
                  }
                ],
                "example": [
                  {
                    "lang": "fi",
                    "value": "-"
                  },
                  {
                    "lang": "sv",
                    "value": "-"
                  }
                ],
                "representation": [
                  {
                    "lang": "fi",
                    "value": "Teksti"
                  },
                  {
                    "lang": "sv",
                    "value": "Text"
                  }
                ],
                "repeatable": false,
                "required": false,
                "conditionalRequired": false,
                "nationwideRecordedInformation": false,
                "hiddenField": false,
                "hiddenTitle": false,
                "rowNumber": 35
              }
            },
            "palveluyksikko": {
              "type": "object",
              "additionalProperties": false,
              "sosmeta": {
                "name": [
                  {
                    "lang": "fi",
                    "value": "Palveluyksikkö"
                  },
                  {
                    "lang": "sv",
                    "value": "Serviceenhet"
                  }
                ],
                "description": [
                  {
                    "lang": "fi",
                    "value": "Kenttään kirjataan palveluyksikön nimi SOTE-organisaatiorekisterin avulla."
                  },
                  {
                    "lang": "sv",
                    "value": "I fältet antecknas namnet på serviceenheten enligt Organisationsregistret för social- och hälsovården."
                  }
                ],
                "example": [
                  {
                    "lang": "fi",
                    "value": "1.2.246.10.1012636.10.1.1.100768 \u003d Espoon keskuksen lastensuojelu, Espoon kaupunki, sosiaali- ja terveystoimi"
                  },
                  {
                    "lang": "sv",
                    "value": "1.2.246.10.1012636.10.1.1.100768 \u003d Esbo centrums barnskydd, Esbo stad, social- och hälsovårdssektorn"
                  }
                ],
                "classification": [
                  {
                    "lang": "fi",
                    "value": "Koodistopalvelin: THL - SOTE-organisaatiorekisteri 1.2.246.537.6.202"
                  },
                  {
                    "lang": "sv",
                    "value": "Kodtjänsten: THL - SOTE-organisationsregister 1.2.246.537.6.202"
                  }
                ],
                "classificationLink": [
                  {
                    "lang": "",
                    "value": "https://koodistopalvelu.kanta.fi/codeserver/pages/classification-view-page.xhtml?classificationKey\u003d421\u0026versionKey\u003d501"
                  }
                ],
                "classificationOid": [
                  {
                    "lang": "",
                    "value": "1.2.246.537.6.202"
                  }
                ],
                "representation": [
                  {
                    "lang": "fi",
                    "value": "Koodi"
                  },
                  {
                    "lang": "sv",
                    "value": "Kod"
                  }
                ],
                "repeatable": false,
                "required": false,
                "conditionalRequired": false,
                "nationwideRecordedInformation": false,
                "hiddenField": false,
                "hiddenTitle": false,
                "rowNumber": 36
              },
              "required": [
                "system",
                "code",
                "display"
              ],
              "properties": {
                "system": {
                  "type": "string",
                  "pattern": "^urn:oid:1\\.2\\.246\\.537\\.6\\.202(\\.\\d+)*$"
                },
                "code": {
                  "type": "string"
                },
                "display": {
                  "type": "string"
                }
              }
            }
          }
        }
      }
    }
  }
}