{
  "$schema": "http://json-schema.org/draft-07/schema#",
  "title": "\u0027Pöytäkirja rajoituksesta perheryhmäkotitoiminnassa\u0027 JSON schema",
  "type": "object",
  "additionalProperties": false,
  "sosmeta": {
    "title": "\u0027Pöytäkirja rajoituksesta perheryhmäkotitoiminnassa\u0027 JSON schema",
    "status": "Vanhentunut",
    "documentDefinitionVersion": "2024-10-31",
    "dataComponentLibraryVersion": "2024-09-17R02",
    "oid": "1.2.246.537.6.1506.16010.2024.10.31",
    "documentType": "Yhteenveto",
    "documentAuthor": "Ammattihenkilö",
    "documentSubject": "Perheryhmäkotitoiminnan asiakasasiakirjat"
  },
  "required": [
    "poytakirja_rajoituksesta_perheryhmakotitoiminnassa"
  ],
  "properties": {
    "poytakirja_rajoituksesta_perheryhmakotitoiminnassa": {
      "type": "object",
      "additionalProperties": false,
      "sosmeta": {
        "name": [
          {
            "lang": "fi",
            "value": "Pöytäkirja rajoituksesta perheryhmäkotitoiminnassa"
          },
          {
            "lang": "sv",
            "value": "Protokoll om begränsning inom familjegrupphemsverksamheten"
          }
        ]
      },
      "required": [
        "asiakas",
        "yksikko",
        "asiakkaalle_tehty_rajoitustoimenpide_tai_tehdyt_rajoitustoimenpiteet",
        "jakelu",
        "paivamaara",
        "laatija",
        "allekirjoitus"
      ],
      "properties": {
        "asiakas": {
          "type": "object",
          "additionalProperties": false,
          "sosmeta": {
            "name": [
              {
                "lang": "fi",
                "value": "Asiakas"
              },
              {
                "lang": "sv",
                "value": "Klient"
              }
            ],
            "description": [
              {
                "lang": "fi",
                "value": "Tähän kirjataan rajoitustoimenpiteen kohteena olleen asiakkaan nimi ja henkilötunnus tai tilapäinen yksilöintitunnus."
              },
              {
                "lang": "sv",
                "value": "I det här fältet antecknas namnet på och personbeteckningen eller den tillfälliga identifieringskoden för den klient som var föremål för begränsningsåtgärden"
              }
            ],
            "repeatable": false,
            "required": true,
            "conditionalRequired": false,
            "nationwideRecordedInformation": false,
            "hiddenField": false,
            "hiddenTitle": false,
            "rowNumber": 1
          },
          "required": [
            "sukunimi",
            "etunimet"
          ],
          "properties": {
            "sukunimi": {
              "type": "string",
              "minLength": 1,
              "sosmeta": {
                "name": [
                  {
                    "lang": "fi",
                    "value": "Sukunimi"
                  },
                  {
                    "lang": "sv",
                    "value": "Efternamn"
                  }
                ],
                "description": [
                  {
                    "lang": "fi",
                    "value": "-"
                  },
                  {
                    "lang": "sv",
                    "value": "-"
                  }
                ],
                "example": [
                  {
                    "lang": "fi",
                    "value": "-"
                  },
                  {
                    "lang": "sv",
                    "value": "-"
                  }
                ],
                "representation": [
                  {
                    "lang": "fi",
                    "value": "Nimi"
                  },
                  {
                    "lang": "sv",
                    "value": "Namn"
                  }
                ],
                "repeatable": false,
                "required": true,
                "conditionalRequired": false,
                "nationwideRecordedInformation": false,
                "hiddenField": false,
                "hiddenTitle": false,
                "rowNumber": 2
              }
            },
            "etunimet": {
              "type": "string",
              "minLength": 1,
              "sosmeta": {
                "name": [
                  {
                    "lang": "fi",
                    "value": "Etunimet"
                  },
                  {
                    "lang": "sv",
                    "value": "Samtliga förnamn"
                  }
                ],
                "description": [
                  {
                    "lang": "fi",
                    "value": "-"
                  },
                  {
                    "lang": "sv",
                    "value": "-"
                  }
                ],
                "example": [
                  {
                    "lang": "fi",
                    "value": "-"
                  },
                  {
                    "lang": "sv",
                    "value": "-"
                  }
                ],
                "representation": [
                  {
                    "lang": "fi",
                    "value": "Nimi"
                  },
                  {
                    "lang": "sv",
                    "value": "Namn"
                  }
                ],
                "repeatable": false,
                "required": true,
                "conditionalRequired": false,
                "nationwideRecordedInformation": false,
                "hiddenField": false,
                "hiddenTitle": false,
                "rowNumber": 3
              }
            },
            "henkilotunnus": {
              "type": "object",
              "additionalProperties": false,
              "sosmeta": {
                "name": [
                  {
                    "lang": "fi",
                    "value": "Henkilötunnus"
                  },
                  {
                    "lang": "sv",
                    "value": "Personbeteckning"
                  }
                ],
                "description": [
                  {
                    "lang": "fi",
                    "value": "-"
                  },
                  {
                    "lang": "sv",
                    "value": "-"
                  }
                ],
                "example": [
                  {
                    "lang": "fi",
                    "value": "-"
                  },
                  {
                    "lang": "sv",
                    "value": "-"
                  }
                ],
                "representation": [
                  {
                    "lang": "fi",
                    "value": "Tunnus"
                  },
                  {
                    "lang": "sv",
                    "value": "Identifierare"
                  }
                ],
                "systemUri": [
                  {
                    "lang": "",
                    "value": "urn:oid:1.2.246.21"
                  }
                ],
                "repeatable": false,
                "required": false,
                "conditionalRequired": true,
                "nationwideRecordedInformation": false,
                "hiddenField": false,
                "hiddenTitle": false,
                "rowNumber": 4
              },
              "required": [
                "value"
              ],
              "properties": {
                "system": {
                  "type": "string"
                },
                "value": {
                  "type": "string"
                }
              }
            },
            "tilapainen_yksilointitunnus": {
              "type": "object",
              "additionalProperties": false,
              "sosmeta": {
                "name": [
                  {
                    "lang": "fi",
                    "value": "Tilapäinen yksilöintitunnus"
                  },
                  {
                    "lang": "sv",
                    "value": "Temporär identifikationskod"
                  }
                ],
                "description": [
                  {
                    "lang": "fi",
                    "value": "Kenttään kirjataan henkilön tilapäiseen yksilöintiin annettu tunnus."
                  },
                  {
                    "lang": "sv",
                    "value": "I fältet antecknas identifikationskoden som getts personen för tillfällig identifiering."
                  }
                ],
                "example": [
                  {
                    "lang": "fi",
                    "value": "112233-445a"
                  },
                  {
                    "lang": "sv",
                    "value": "112233-445a"
                  }
                ],
                "representation": [
                  {
                    "lang": "fi",
                    "value": "Tunnus"
                  },
                  {
                    "lang": "sv",
                    "value": "Identifierare"
                  }
                ],
                "repeatable": false,
                "required": false,
                "conditionalRequired": true,
                "nationwideRecordedInformation": false,
                "hiddenField": false,
                "hiddenTitle": false,
                "rowNumber": 5
              },
              "required": [
                "value"
              ],
              "properties": {
                "system": {
                  "type": "string"
                },
                "value": {
                  "type": "string"
                }
              }
            }
          }
        },
        "yksikko": {
          "type": "object",
          "additionalProperties": false,
          "sosmeta": {
            "name": [
              {
                "lang": "fi",
                "value": "Yksikkö"
              },
              {
                "lang": "sv",
                "value": "Enhet"
              }
            ],
            "title": [
              {
                "lang": "fi",
                "value": "Perheryhmäkotitoiminnan yksikkö, jossa rajoitustoimenpide tai rajoitustoimenpiteet on tehty"
              },
              {
                "lang": "sv",
                "value": "Enhet inom familjegrupphemsverksamheten där begränsningsåtgärden eller begränsningsåtgärderna har utförts"
              }
            ],
            "description": [
              {
                "lang": "fi",
                "value": "Kenttään kirjataan sen perheryhmäkotitoiminnan yksikön nimi, jossa aineiden tai esineiden haltuunotto tai asukkaan käytössä olevien tilojen tarkastaminen on tehty. Kenttään kirjataan yksikön nimi SOTE-organisaatiorekisterin avulla."
              },
              {
                "lang": "sv",
                "value": "I fältet antecknas namnet på den enhet inom familjegrupphemsverksamheten, där omhändertagandet av ämnen eller föremål eller inspektion av det rum som den boende förfogar över har utförts."
              }
            ],
            "example": [
              {
                "lang": "fi",
                "value": "1.2.246.10.1012636.10.1.1.100768 \u003d Espoon keskuksen lastensuojelu, Espoon kaupunki, sosiaali- ja terveystoimi"
              },
              {
                "lang": "sv",
                "value": "1.2.246.10.1012636.10.1.1.100768 \u003d Esbo centrums barnskydd, Esbo stad, social- och hälsovårdssektorn"
              }
            ],
            "classification": [
              {
                "lang": "fi",
                "value": "Koodistopalvelin: THL - SOTE-organisaatiorekisteri 1.2.246.537.6.202"
              },
              {
                "lang": "sv",
                "value": "Kodtjänsten: THL - SOTE-organisationsregister 1.2.246.537.6.202"
              }
            ],
            "classificationLink": [
              {
                "lang": "",
                "value": "https://koodistopalvelu.kanta.fi/codeserver/pages/classification-view-page.xhtml?classificationKey\u003d421\u0026versionKey\u003d501"
              }
            ],
            "classificationOid": [
              {
                "lang": "",
                "value": "1.2.246.537.6.202"
              }
            ],
            "representation": [
              {
                "lang": "fi",
                "value": "Koodi"
              },
              {
                "lang": "sv",
                "value": "Kod"
              }
            ],
            "repeatable": false,
            "required": true,
            "conditionalRequired": false,
            "nationwideRecordedInformation": true,
            "hiddenField": false,
            "hiddenTitle": false,
            "rowNumber": 6
          },
          "required": [
            "system",
            "code",
            "display"
          ],
          "properties": {
            "system": {
              "type": "string",
              "pattern": "^urn:oid:1\\.2\\.246\\.537\\.6\\.202(\\.\\d+)*$"
            },
            "code": {
              "type": "string"
            },
            "display": {
              "type": "string"
            }
          }
        },
        "asiakkaalle_tehty_rajoitustoimenpide_tai_tehdyt_rajoitustoimenpiteet": {
          "type": "array",
          "minItems": 1,
          "items": {
            "type": "object",
            "additionalProperties": false,
            "sosmeta": {
              "name": [
                {
                  "lang": "fi",
                  "value": "Asiakkaalle tehty rajoitustoimenpide tai tehdyt rajoitustoimenpiteet"
                },
                {
                  "lang": "sv",
                  "value": "Begränsningsåtgärd eller begränsningsåtgärder som klienten har varit föremål för"
                }
              ],
              "description": [
                {
                  "lang": "fi",
                  "value": "Kansainvälistä suojelua hakevan vastaanotosta sekä ihmiskaupan uhrin tunnistamisesta ja auttamisesta annetun lain (jatkossa: vastaanottolaki) 63 §:n 2 momentissa säädetään, että pöytäkirjaan kirjataan toimenpiteen kuvaus, peruste, ajankohta sekä siitä päättäneen, sen toteuttaneen, läsnä olleen toisen työntekijän ja toimenpiteen kohteena olleen asukkaan nimi, ja että pöytäkirjassa luetellaan haltuun otetut aineet ja esineet ja kuvataan niiden kunto haltuunoton hetkellä. Perheryhmäkotitoiminnassa sovelletaan edellä mainittua lainkohtaa kotoutumisen edistämisestä annetun lain (jatkossa: kotoutumislaki) 33 §:n mukaisesti.\nMikäli aineiden ja esineiden haltuunotto ja käytössä olevien tilojen tarkastaminen on tehty samaan aikaan, voidaan samaan pöytäkirjaan kirjata molempien rajoitustoimenpiteiden tiedot. Tällöin tämä tietokokonaisuus täytetään kaksi kertaa."
                },
                {
                  "lang": "sv",
                  "value": "I 63 § 2 mom. i lagen om mottagande av personer som söker internationellt skydd och om identifiering av och hjälp till offer för människohandel (nedan: mottagningslagen) föreskrivs att protokollet ska innehålla en beskrivning av åtgärden, orsaken till att den genomförts och tidpunkten för genomförandet samt namnet på den som fattat beslut om åtgärden, den som utfört den och en annan anställd som varit närvarande vid utförandet och på den boende som varit föremål för åtgärden. I protokollet ska uppräknas de ämnen och föremål som har omhändertagits och ges en beskrivning av deras skick vid omhändertagandet. Inom familjegrupphemsverksamheten tillämpas ovan nämnda lagrum enligt 33 § i lagen om främjande av integration (nedan: integrationslagen). Om omhändertagandet av ämnen och föremål och inspektionen av de rum som den boende förfogar över har utförts samtidigt, kan uppgifter om båda begränsningsåtgärderna antecknas i samma protokoll. I detta fall kan uppgiftshelheten fyllas i två gånger."
                }
              ],
              "implementationNote": [
                {
                  "lang": "fi",
                  "value": "\"Asiakkaalle tehty rajoitustoimenpide tai tehdyt rajoitustoimenpiteet\" näytetään vain kerran, vaikka tämä kohta toistuisi."
                },
                {
                  "lang": "sv",
                  "value": "\"Asiakkaalle tehty rajoitustoimenpide tai tehdyt rajoitustoimenpiteet\" näytetään vain kerran, vaikka tämä kohta toistuisi."
                }
              ],
              "repeatable": true,
              "required": true,
              "conditionalRequired": false,
              "nationwideRecordedInformation": false,
              "hiddenField": false,
              "hiddenTitle": false,
              "rowNumber": 7
            },
            "required": [
              "ajankohta",
              "perheryhmakotitoiminnan_rajoitustoimenpiteen_laji",
              "kuvaus",
              "perustelu",
              "paatoksentekija",
              "rajoitustoimenpiteen_suorittaja"
            ],
            "properties": {
              "ajankohta": {
                "type": "string",
                "pattern": "^-?[0-9]{4}(-(0[1-9]|1[0-2])(-(0[0-9]|[1-2][0-9]|3[0-1])(T([01][0-9]|2[0-3]):[0-5][0-9]:[0-5][0-9](\\.[0-9]+)?(Z|(\\+|-)((0[0-9]|1[0-3]):[0-5][0-9]|14:00)))?)?)?$",
                "sosmeta": {
                  "name": [
                    {
                      "lang": "fi",
                      "value": "Ajankohta"
                    },
                    {
                      "lang": "sv",
                      "value": "Tidpunkt"
                    }
                  ],
                  "title": [
                    {
                      "lang": "fi",
                      "value": "Rajoitustoimenpiteen ajankohta"
                    },
                    {
                      "lang": "sv",
                      "value": "Tidpunkten för begränsningsåtgärden"
                    }
                  ],
                  "description": [
                    {
                      "lang": "fi",
                      "value": "Kenttään kirjataan rajoitustoimenpiteen ajankohta."
                    },
                    {
                      "lang": "sv",
                      "value": "I fältet antecknas tidpunkten för begränsningsåtgärden."
                    }
                  ],
                  "example": [
                    {
                      "lang": "fi",
                      "value": "20.8.2024 11:00"
                    },
                    {
                      "lang": "sv",
                      "value": "20.8.2024 11:00"
                    }
                  ],
                  "implementationNote": [
                    {
                      "lang": "fi",
                      "value": "Kenttä on pakollinen tietokomponentin määrityksestä poiketen"
                    },
                    {
                      "lang": "sv",
                      "value": "Kenttä on pakollinen tietokomponentin määrityksestä poiketen"
                    }
                  ],
                  "representation": [
                    {
                      "lang": "fi",
                      "value": "Hetki"
                    },
                    {
                      "lang": "sv",
                      "value": "Datum och klockslag"
                    }
                  ],
                  "repeatable": false,
                  "required": true,
                  "conditionalRequired": false,
                  "nationwideRecordedInformation": true,
                  "hiddenField": false,
                  "hiddenTitle": false,
                  "rowNumber": 8
                }
              },
              "perheryhmakotitoiminnan_rajoitustoimenpiteen_laji": {
                "type": "object",
                "additionalProperties": false,
                "sosmeta": {
                  "name": [
                    {
                      "lang": "fi",
                      "value": "Perheryhmäkotitoiminnan rajoitustoimenpiteen laji"
                    },
                    {
                      "lang": "sv",
                      "value": "Typ av begränsningsåtgärd inom familjegrupphemsverksamhet"
                    }
                  ],
                  "title": [
                    {
                      "lang": "fi",
                      "value": "Rajoitustoimenpiteen laji"
                    },
                    {
                      "lang": "sv",
                      "value": "Begränsningsåtgärdsslag"
                    }
                  ],
                  "description": [
                    {
                      "lang": "fi",
                      "value": "Kenttään kirjataan luokituksen avulla perheryhmäkotitoiminnan asiakkaan itsemääräämisoikeuksia rajoittavan toimenpiteen laji."
                    },
                    {
                      "lang": "sv",
                      "value": "I fältet antecknas med hjälp av klassifikationen åtgärdsslaget för begränsningen av klientens självbestämmanderätt inom familjegrupphemsverksamhet."
                    }
                  ],
                  "implementationNote": [
                    {
                      "lang": "fi",
                      "value": "Kentässä käytetään sisäistä luokitusta eli luokitusta, jota ei ole kansallisella koodistopalvelimella. Kentässä sallitut arvot on esitetty Luokitus-kohdassa. Kenttä on pakollinen tietokomponentin määrityksestä poiketen."
                    },
                    {
                      "lang": "sv",
                      "value": "Kentässä käytetään sisäistä luokitusta eli luokitusta, jota ei ole kansallisella koodistopalvelimella. Kentässä sallitut arvot on esitetty Luokitus-kohdassa. Kenttä on pakollinen tietokomponentin määrityksestä poiketen."
                    }
                  ],
                  "classification": [
                    {
                      "lang": "fi",
                      "value": "Sisäinen luokitus: 1 \u003d Aineiden ja esineiden haltuunotto, 2 \u003d Asiakkaan käytössä olevien tilojen tarkastaminen"
                    },
                    {
                      "lang": "sv",
                      "value": "Internt kodsystem: 1 \u003d Omhändertagande av ämnen och föremål, 2 \u003d Inspektion av rum som en klient förfogar över"
                    }
                  ],
                  "representation": [
                    {
                      "lang": "fi",
                      "value": "Koodi"
                    },
                    {
                      "lang": "sv",
                      "value": "Kod"
                    }
                  ],
                  "repeatable": false,
                  "required": true,
                  "conditionalRequired": false,
                  "nationwideRecordedInformation": true,
                  "hiddenField": false,
                  "hiddenTitle": false,
                  "acceptedValues": [
                    {
                      "lang": "",
                      "value": "1"
                    },
                    {
                      "lang": "",
                      "value": "2"
                    }
                  ],
                  "rowNumber": 9
                },
                "required": [
                  "system",
                  "code",
                  "display"
                ],
                "properties": {
                  "system": {
                    "type": "string"
                  },
                  "code": {
                    "type": "string",
                    "enum": [
                      "1",
                      "2"
                    ]
                  },
                  "display": {
                    "type": "string"
                  }
                }
              },
              "kuvaus": {
                "type": "string",
                "minLength": 1,
                "sosmeta": {
                  "name": [
                    {
                      "lang": "fi",
                      "value": "Kuvaus"
                    },
                    {
                      "lang": "sv",
                      "value": "Beskrivning"
                    }
                  ],
                  "title": [
                    {
                      "lang": "fi",
                      "value": "Rajoitustoimenpiteen kuvaus"
                    },
                    {
                      "lang": "sv",
                      "value": "Beskrivning av begränsningsåtgärden"
                    }
                  ],
                  "description": [
                    {
                      "lang": "fi",
                      "value": "Kenttään kuvataan tehtyä rajoitustoimenpidettä ja jos kyse on aineiden ja esineiden haltuunotosta, kenttään kirjataan myös haltuunotetut aineet ja esineet ja kuvataan niiden kunto haltuunoton hetkellä."
                    },
                    {
                      "lang": "sv",
                      "value": "I fältet beskrivs begränsningsåtgärden, och om det är fråga om omhändertagande av ämnen eller föremål, antecknas i fältet även de ämnen och föremål som omhändertagits och beskrivs deras skick vid tidpunkten för omhändertagandet."
                    }
                  ],
                  "example": [
                    {
                      "lang": "fi",
                      "value": "-"
                    },
                    {
                      "lang": "sv",
                      "value": "-"
                    }
                  ],
                  "implementationNote": [
                    {
                      "lang": "fi",
                      "value": "Kenttä on pakollinen tietokomponentin määrityksestä poiketen"
                    },
                    {
                      "lang": "sv",
                      "value": "Kenttä on pakollinen tietokomponentin määrityksestä poiketen"
                    }
                  ],
                  "representation": [
                    {
                      "lang": "fi",
                      "value": "Teksti"
                    },
                    {
                      "lang": "sv",
                      "value": "Text"
                    }
                  ],
                  "repeatable": false,
                  "required": true,
                  "conditionalRequired": false,
                  "nationwideRecordedInformation": false,
                  "hiddenField": false,
                  "hiddenTitle": false,
                  "rowNumber": 10
                }
              },
              "perustelu": {
                "type": "string",
                "minLength": 1,
                "sosmeta": {
                  "name": [
                    {
                      "lang": "fi",
                      "value": "Perustelu"
                    },
                    {
                      "lang": "sv",
                      "value": "Motiveringar"
                    }
                  ],
                  "title": [
                    {
                      "lang": "fi",
                      "value": "Peruste"
                    },
                    {
                      "lang": "sv",
                      "value": "Motivering"
                    }
                  ],
                  "description": [
                    {
                      "lang": "fi",
                      "value": "-"
                    },
                    {
                      "lang": "sv",
                      "value": "-"
                    }
                  ],
                  "example": [
                    {
                      "lang": "fi",
                      "value": "-"
                    },
                    {
                      "lang": "sv",
                      "value": "-"
                    }
                  ],
                  "representation": [
                    {
                      "lang": "fi",
                      "value": "Teksti"
                    },
                    {
                      "lang": "sv",
                      "value": "Text"
                    }
                  ],
                  "repeatable": false,
                  "required": true,
                  "conditionalRequired": false,
                  "nationwideRecordedInformation": false,
                  "hiddenField": false,
                  "hiddenTitle": false,
                  "rowNumber": 11
                }
              },
              "paatoksentekija": {
                "type": "object",
                "additionalProperties": false,
                "sosmeta": {
                  "name": [
                    {
                      "lang": "fi",
                      "value": "Päätöksentekijä"
                    },
                    {
                      "lang": "sv",
                      "value": "Beslutsfattare"
                    }
                  ],
                  "description": [
                    {
                      "lang": "fi",
                      "value": "Tähän kirjataan rajoitustoimenpiteestä päättäneen työntekijän nimi."
                    },
                    {
                      "lang": "sv",
                      "value": "Här antecknas namnet på den arbetstagare som fattat beslut om begränsningsåtgärden."
                    }
                  ],
                  "implementationNote": [
                    {
                      "lang": "fi",
                      "value": "Tietokokonaisuus on pakollinen tietokomponentin määrityksestä poiketen."
                    },
                    {
                      "lang": "sv",
                      "value": "Tietokokonaisuus on pakollinen tietokomponentin määrityksestä poiketen."
                    }
                  ],
                  "repeatable": false,
                  "required": true,
                  "conditionalRequired": false,
                  "nationwideRecordedInformation": false,
                  "hiddenField": false,
                  "hiddenTitle": false,
                  "rowNumber": 12
                },
                "required": [
                  "sukunimi",
                  "etunimet"
                ],
                "properties": {
                  "sukunimi": {
                    "type": "string",
                    "minLength": 1,
                    "sosmeta": {
                      "name": [
                        {
                          "lang": "fi",
                          "value": "Sukunimi"
                        },
                        {
                          "lang": "sv",
                          "value": "Efternamn"
                        }
                      ],
                      "description": [
                        {
                          "lang": "fi",
                          "value": "-"
                        },
                        {
                          "lang": "sv",
                          "value": "-"
                        }
                      ],
                      "representation": [
                        {
                          "lang": "fi",
                          "value": "Nimi"
                        },
                        {
                          "lang": "sv",
                          "value": "Namn"
                        }
                      ],
                      "repeatable": false,
                      "required": true,
                      "conditionalRequired": false,
                      "nationwideRecordedInformation": false,
                      "hiddenField": false,
                      "hiddenTitle": false,
                      "rowNumber": 13
                    }
                  },
                  "etunimet": {
                    "type": "string",
                    "minLength": 1,
                    "sosmeta": {
                      "name": [
                        {
                          "lang": "fi",
                          "value": "Etunimet"
                        },
                        {
                          "lang": "sv",
                          "value": "Samtliga förnamn"
                        }
                      ],
                      "description": [
                        {
                          "lang": "fi",
                          "value": "-"
                        },
                        {
                          "lang": "sv",
                          "value": "-"
                        }
                      ],
                      "representation": [
                        {
                          "lang": "fi",
                          "value": "Nimi"
                        },
                        {
                          "lang": "sv",
                          "value": "Namn"
                        }
                      ],
                      "repeatable": false,
                      "required": true,
                      "conditionalRequired": false,
                      "nationwideRecordedInformation": false,
                      "hiddenField": false,
                      "hiddenTitle": false,
                      "rowNumber": 14
                    }
                  }
                }
              },
              "rajoitustoimenpiteen_suorittaja": {
                "type": "array",
                "minItems": 1,
                "items": {
                  "type": "object",
                  "additionalProperties": false,
                  "sosmeta": {
                    "name": [
                      {
                        "lang": "fi",
                        "value": "Rajoitustoimenpiteen suorittaja"
                      },
                      {
                        "lang": "sv",
                        "value": "Person som genomför begränsningsåtgärden"
                      }
                    ],
                    "description": [
                      {
                        "lang": "fi",
                        "value": "Tähän kirjataan rajoitustoimenpiteen käytännössä suorittaneen työntekijän nimi."
                      },
                      {
                        "lang": "sv",
                        "value": "Här antecknas namnet på den arbetstagare som i praktiken utfört begränsningsåtgärden."
                      }
                    ],
                    "implementationNote": [
                      {
                        "lang": "fi",
                        "value": "Tietokokonaisuus on pakollinen tietokomponentin määrityksestä poiketen."
                      },
                      {
                        "lang": "sv",
                        "value": "Tietokokonaisuus on pakollinen tietokomponentin määrityksestä poiketen."
                      }
                    ],
                    "repeatable": true,
                    "required": true,
                    "conditionalRequired": false,
                    "nationwideRecordedInformation": false,
                    "hiddenField": false,
                    "hiddenTitle": false,
                    "rowNumber": 15
                  },
                  "required": [
                    "sukunimi",
                    "etunimet"
                  ],
                  "properties": {
                    "sukunimi": {
                      "type": "string",
                      "minLength": 1,
                      "sosmeta": {
                        "name": [
                          {
                            "lang": "fi",
                            "value": "Sukunimi"
                          },
                          {
                            "lang": "sv",
                            "value": "Efternamn"
                          }
                        ],
                        "description": [
                          {
                            "lang": "fi",
                            "value": "-"
                          },
                          {
                            "lang": "sv",
                            "value": "-"
                          }
                        ],
                        "representation": [
                          {
                            "lang": "fi",
                            "value": "Nimi"
                          },
                          {
                            "lang": "sv",
                            "value": "Namn"
                          }
                        ],
                        "repeatable": false,
                        "required": true,
                        "conditionalRequired": false,
                        "nationwideRecordedInformation": false,
                        "hiddenField": false,
                        "hiddenTitle": false,
                        "rowNumber": 16
                      }
                    },
                    "etunimet": {
                      "type": "string",
                      "minLength": 1,
                      "sosmeta": {
                        "name": [
                          {
                            "lang": "fi",
                            "value": "Etunimet"
                          },
                          {
                            "lang": "sv",
                            "value": "Samtliga förnamn"
                          }
                        ],
                        "description": [
                          {
                            "lang": "fi",
                            "value": "-"
                          },
                          {
                            "lang": "sv",
                            "value": "-"
                          }
                        ],
                        "representation": [
                          {
                            "lang": "fi",
                            "value": "Nimi"
                          },
                          {
                            "lang": "sv",
                            "value": "Namn"
                          }
                        ],
                        "repeatable": false,
                        "required": true,
                        "conditionalRequired": false,
                        "nationwideRecordedInformation": false,
                        "hiddenField": false,
                        "hiddenTitle": false,
                        "rowNumber": 17
                      }
                    }
                  }
                }
              },
              "rajoitustoimenpiteessa_lasnaoleva": {
                "type": "array",
                "minItems": 0,
                "items": {
                  "type": "object",
                  "additionalProperties": false,
                  "sosmeta": {
                    "name": [
                      {
                        "lang": "fi",
                        "value": "Rajoitustoimenpiteessä läsnäoleva"
                      },
                      {
                        "lang": "sv",
                        "value": "Närvarande vid begränsningsåtgärden"
                      }
                    ],
                    "description": [
                      {
                        "lang": "fi",
                        "value": "Tähän kirjataan rajoitustoimenpiteessä läsnäolleen toisen henkilön nimi."
                      },
                      {
                        "lang": "sv",
                        "value": "Här antecknas namnet på den andra personen som varit närvarande vid begränsningsåtgärden."
                      }
                    ],
                    "implementationNote": [
                      {
                        "lang": "fi",
                        "value": "Kenttä ei ole toistuva tietokomponentin määrityksestä poiketen."
                      },
                      {
                        "lang": "sv",
                        "value": "Fältet är inte återkommande till skillnad från specifikationen av datakomponent."
                      }
                    ],
                    "repeatable": true,
                    "required": false,
                    "conditionalRequired": false,
                    "nationwideRecordedInformation": false,
                    "hiddenField": false,
                    "hiddenTitle": false,
                    "rowNumber": 18
                  },
                  "required": [
                    "sukunimi",
                    "etunimet"
                  ],
                  "properties": {
                    "sukunimi": {
                      "type": "string",
                      "minLength": 1,
                      "sosmeta": {
                        "name": [
                          {
                            "lang": "fi",
                            "value": "Sukunimi"
                          },
                          {
                            "lang": "sv",
                            "value": "Efternamn"
                          }
                        ],
                        "description": [
                          {
                            "lang": "fi",
                            "value": "-"
                          },
                          {
                            "lang": "sv",
                            "value": "-"
                          }
                        ],
                        "representation": [
                          {
                            "lang": "fi",
                            "value": "Nimi"
                          },
                          {
                            "lang": "sv",
                            "value": "Namn"
                          }
                        ],
                        "repeatable": false,
                        "required": true,
                        "conditionalRequired": false,
                        "nationwideRecordedInformation": false,
                        "hiddenField": false,
                        "hiddenTitle": false,
                        "rowNumber": 19
                      }
                    },
                    "etunimet": {
                      "type": "string",
                      "minLength": 1,
                      "sosmeta": {
                        "name": [
                          {
                            "lang": "fi",
                            "value": "Etunimet"
                          },
                          {
                            "lang": "sv",
                            "value": "Samtliga förnamn"
                          }
                        ],
                        "description": [
                          {
                            "lang": "fi",
                            "value": "-"
                          },
                          {
                            "lang": "sv",
                            "value": "-"
                          }
                        ],
                        "representation": [
                          {
                            "lang": "fi",
                            "value": "Nimi"
                          },
                          {
                            "lang": "sv",
                            "value": "Namn"
                          }
                        ],
                        "repeatable": false,
                        "required": true,
                        "conditionalRequired": false,
                        "nationwideRecordedInformation": false,
                        "hiddenField": false,
                        "hiddenTitle": false,
                        "rowNumber": 20
                      }
                    }
                  }
                }
              }
            }
          }
        },
        "jakelu": {
          "type": "string",
          "minLength": 1,
          "sosmeta": {
            "name": [
              {
                "lang": "fi",
                "value": "Jakelu"
              },
              {
                "lang": "sv",
                "value": "Sändlista"
              }
            ],
            "description": [
              {
                "lang": "fi",
                "value": "Kotoutumislain 33 §:n mukaan aineiden ja esineiden haltuun ottamisesta ja asukkaan käytössä olevien tilojen tarkastamisesta tehdystä pöytäkirjasta toimitetaan jäljennös hyvinvointialueelle ja toimintaa valvovalle aluehallintovirastolle.\n\nVastaanottolain 63 §:n 3 momentin mukaan toimenpiteen kohteena olevalle asukkaalle kerrotaan äidinkielellä tai kielellä, jota hänen voidaan perustellusti olettaa ymmärtävän, pöytäkirjan sisältö ja mahdollisuudesta hakea muutosta. Hänelle annetaan pöytäkirjasta jäljennös. Tätä lainkohtaa sovelletaan myös perheryhmäkotitoiminnassa kotoutumislain 33 §:n mukaisesti."
              },
              {
                "lang": "sv",
                "value": "Enligt 33 § i integrationslagen ska en kopia av protokollet över omhändertagande av ämnen och föremål och inspektionen av rum som en boende förfogar över lämnas till välfärdsområdet och till det regionförvaltningsverk som övervakar verksamheten. Enligt 63 § 3 mom. i mottagningslagen ska den boende som varit föremål för åtgärden upplysas om innehållet i protokollet och om möjligheten att söka ändring, på sitt modersmål eller på ett språk som det finns grundad anledning att anta att den boende förstår. Den boende ska ges en kopia av protokollet. Detta lagrum tillämpas även inom familjegrupphemsverksamheten enligt 33 § i integrationslagen."
              }
            ],
            "example": [
              {
                "lang": "fi",
                "value": "Asiakas, asiakkaan vastuusosiaalityöntekijä Maija Meikäläinen / Päijät-Hämeen hyvinvointialue, Etelä-Suomen aluehallintovirasto"
              },
              {
                "lang": "sv",
                "value": "Klient, klientens ansvariga socialarbetare Maija Meikäläinen/Päijänne-Tavastlands välfärdsområde, Regionförvaltningsverket i Södra Finland"
              }
            ],
            "representation": [
              {
                "lang": "fi",
                "value": "Teksti"
              },
              {
                "lang": "sv",
                "value": "Text"
              }
            ],
            "repeatable": false,
            "required": true,
            "conditionalRequired": false,
            "nationwideRecordedInformation": false,
            "hiddenField": false,
            "hiddenTitle": false,
            "rowNumber": 21
          }
        },
        "lisatiedot": {
          "type": "string",
          "sosmeta": {
            "name": [
              {
                "lang": "fi",
                "value": "Lisätiedot"
              },
              {
                "lang": "sv",
                "value": "Mer information"
              }
            ],
            "representation": [
              {
                "lang": "fi",
                "value": "Teksti"
              },
              {
                "lang": "sv",
                "value": "Text"
              }
            ],
            "repeatable": false,
            "required": false,
            "conditionalRequired": false,
            "nationwideRecordedInformation": false,
            "hiddenField": false,
            "hiddenTitle": false,
            "rowNumber": 22
          }
        },
        "lakiselostus": {
          "type": "string",
          "sosmeta": {
            "name": [
              {
                "lang": "fi",
                "value": "Lakiselostus"
              },
              {
                "lang": "sv",
                "value": "Lagförklaring"
              }
            ],
            "implementationNote": [
              {
                "lang": "fi",
                "value": "Kentässä voidaan käyttää automaattitekstiä, jonka organisaatio yhdessä tietojärjestelmätoimittajan kanssa laatii. THL ei laadi kentässä näytettäviä tekstejä."
              },
              {
                "lang": "sv",
                "value": "Kentässä voidaan käyttää automaattitekstiä, jonka organisaatio yhdessä tietojärjestelmätoimittajan kanssa laatii. THL ei laadi kentässä näytettäviä tekstejä."
              }
            ],
            "representation": [
              {
                "lang": "fi",
                "value": "Teksti"
              },
              {
                "lang": "sv",
                "value": "Text"
              }
            ],
            "repeatable": false,
            "required": false,
            "conditionalRequired": false,
            "nationwideRecordedInformation": false,
            "hiddenField": false,
            "hiddenTitle": false,
            "rowNumber": 23
          }
        },
        "paivamaara": {
          "type": "string",
          "pattern": "^-?[0-9]{4}(-(0[1-9]|1[0-2])(-(0[0-9]|[1-2][0-9]|3[0-1]))?)?$",
          "sosmeta": {
            "name": [
              {
                "lang": "fi",
                "value": "Päivämäärä"
              },
              {
                "lang": "sv",
                "value": "Datum"
              }
            ],
            "description": [
              {
                "lang": "fi",
                "value": "Kenttään kirjataan asiakirjan laatimisen päivämäärä."
              },
              {
                "lang": "sv",
                "value": "I fältet antecknas datum för upprättandet av handlingen."
              }
            ],
            "representation": [
              {
                "lang": "fi",
                "value": "Pvm"
              },
              {
                "lang": "sv",
                "value": "Datum"
              }
            ],
            "repeatable": false,
            "required": true,
            "conditionalRequired": false,
            "nationwideRecordedInformation": true,
            "hiddenField": false,
            "hiddenTitle": false,
            "rowNumber": 24
          }
        },
        "laatija": {
          "type": "object",
          "additionalProperties": false,
          "sosmeta": {
            "name": [
              {
                "lang": "fi",
                "value": "Laatija"
              },
              {
                "lang": "sv",
                "value": "Upprättare"
              }
            ],
            "description": [
              {
                "lang": "fi",
                "value": "-"
              },
              {
                "lang": "sv",
                "value": "-"
              }
            ],
            "repeatable": false,
            "required": true,
            "conditionalRequired": false,
            "nationwideRecordedInformation": false,
            "hiddenField": false,
            "hiddenTitle": false,
            "rowNumber": 25
          },
          "required": [
            "sukunimi",
            "etunimet"
          ],
          "properties": {
            "sukunimi": {
              "type": "string",
              "minLength": 1,
              "sosmeta": {
                "name": [
                  {
                    "lang": "fi",
                    "value": "Sukunimi"
                  },
                  {
                    "lang": "sv",
                    "value": "Efternamn"
                  }
                ],
                "description": [
                  {
                    "lang": "fi",
                    "value": "-"
                  },
                  {
                    "lang": "sv",
                    "value": "-"
                  }
                ],
                "representation": [
                  {
                    "lang": "fi",
                    "value": "Nimi"
                  },
                  {
                    "lang": "sv",
                    "value": "Namn"
                  }
                ],
                "repeatable": false,
                "required": true,
                "conditionalRequired": false,
                "nationwideRecordedInformation": false,
                "hiddenField": false,
                "hiddenTitle": false,
                "rowNumber": 26
              }
            },
            "etunimet": {
              "type": "string",
              "minLength": 1,
              "sosmeta": {
                "name": [
                  {
                    "lang": "fi",
                    "value": "Etunimet"
                  },
                  {
                    "lang": "sv",
                    "value": "Samtliga förnamn"
                  }
                ],
                "description": [
                  {
                    "lang": "fi",
                    "value": "-"
                  },
                  {
                    "lang": "sv",
                    "value": "-"
                  }
                ],
                "representation": [
                  {
                    "lang": "fi",
                    "value": "Nimi"
                  },
                  {
                    "lang": "sv",
                    "value": "Namn"
                  }
                ],
                "repeatable": false,
                "required": true,
                "conditionalRequired": false,
                "nationwideRecordedInformation": false,
                "hiddenField": false,
                "hiddenTitle": false,
                "rowNumber": 27
              }
            },
            "tehtavanimike": {
              "type": "string",
              "sosmeta": {
                "name": [
                  {
                    "lang": "fi",
                    "value": "Tehtävänimike"
                  },
                  {
                    "lang": "sv",
                    "value": "Uppgiftsbeteckning"
                  }
                ],
                "description": [
                  {
                    "lang": "fi",
                    "value": "-"
                  },
                  {
                    "lang": "sv",
                    "value": "-"
                  }
                ],
                "example": [
                  {
                    "lang": "fi",
                    "value": "-"
                  },
                  {
                    "lang": "sv",
                    "value": "-"
                  }
                ],
                "representation": [
                  {
                    "lang": "fi",
                    "value": "Teksti"
                  },
                  {
                    "lang": "sv",
                    "value": "Text"
                  }
                ],
                "repeatable": false,
                "required": false,
                "conditionalRequired": false,
                "nationwideRecordedInformation": false,
                "hiddenField": false,
                "hiddenTitle": false,
                "rowNumber": 28
              }
            },
            "palveluyksikko": {
              "type": "object",
              "additionalProperties": false,
              "sosmeta": {
                "name": [
                  {
                    "lang": "fi",
                    "value": "Palveluyksikkö"
                  },
                  {
                    "lang": "sv",
                    "value": "Serviceenhet"
                  }
                ],
                "description": [
                  {
                    "lang": "fi",
                    "value": "Kenttään kirjataan palveluyksikön nimi SOTE-organisaatiorekisterin avulla."
                  },
                  {
                    "lang": "sv",
                    "value": "I fältet antecknas namnet på serviceenheten enligt Organisationsregistret för social- och hälsovården."
                  }
                ],
                "example": [
                  {
                    "lang": "fi",
                    "value": "1.2.246.10.1012636.10.1.1.100768 \u003d Espoon keskuksen lastensuojelu, Espoon kaupunki, sosiaali- ja terveystoimi"
                  },
                  {
                    "lang": "sv",
                    "value": "1.2.246.10.1012636.10.1.1.100768 \u003d Esbo centrums barnskydd, Esbo stad, social- och hälsovårdssektorn"
                  }
                ],
                "classification": [
                  {
                    "lang": "fi",
                    "value": "Koodistopalvelin: THL - SOTE-organisaatiorekisteri 1.2.246.537.6.202"
                  },
                  {
                    "lang": "sv",
                    "value": "Kodtjänsten: THL - SOTE-organisationsregister 1.2.246.537.6.202"
                  }
                ],
                "classificationLink": [
                  {
                    "lang": "",
                    "value": "https://koodistopalvelu.kanta.fi/codeserver/pages/classification-view-page.xhtml?classificationKey\u003d421\u0026versionKey\u003d501"
                  }
                ],
                "classificationOid": [
                  {
                    "lang": "",
                    "value": "1.2.246.537.6.202"
                  }
                ],
                "representation": [
                  {
                    "lang": "fi",
                    "value": "Koodi"
                  },
                  {
                    "lang": "sv",
                    "value": "Kod"
                  }
                ],
                "repeatable": false,
                "required": false,
                "conditionalRequired": false,
                "nationwideRecordedInformation": true,
                "hiddenField": false,
                "hiddenTitle": false,
                "rowNumber": 29
              },
              "required": [
                "system",
                "code",
                "display"
              ],
              "properties": {
                "system": {
                  "type": "string",
                  "pattern": "^urn:oid:1\\.2\\.246\\.537\\.6\\.202(\\.\\d+)*$"
                },
                "code": {
                  "type": "string"
                },
                "display": {
                  "type": "string"
                }
              }
            }
          }
        },
        "allekirjoitus": {
          "type": "array",
          "minItems": 1,
          "items": {
            "type": "object",
            "additionalProperties": false,
            "sosmeta": {
              "name": [
                {
                  "lang": "fi",
                  "value": "Allekirjoitus"
                },
                {
                  "lang": "sv",
                  "value": "Underskrift"
                }
              ],
              "description": [
                {
                  "lang": "fi",
                  "value": "Vastaanottolain 63 §:n 1 momentin mukaan pöytäkirjan allekirjoittaa toimenpiteen suorittaja, läsnä ollut toinen työntekijä ja henkilö, jolta omaisuus on otettu haltuun tai jonka käytössä olevat tilat on tarkastettu. Perheryhmäkotitoiminnassa sovelletaan edellä mainittua lainkohtaa kotoutumislain 33 §:n mukaisesti."
                },
                {
                  "lang": "sv",
                  "value": "Enligt 63 § 1 mom. i mottagningslagen ska protokollet undertecknas av den som utfört åtgärden, av en annan anställd som varit närvarande vid utförandet och av den hos vilken den omhändertagna egendomen påträffades eller som förfogade över det rum som inspekterades. Inom familjegrupphemsverksamheten tillämpas ovan nämnda lagrum enligt 33 § i integrationslagen."
                }
              ],
              "repeatable": true,
              "required": true,
              "conditionalRequired": false,
              "nationwideRecordedInformation": false,
              "hiddenField": false,
              "hiddenTitle": false,
              "rowNumber": 30
            },
            "required": [
              "allekirjoituksen_tyyppi"
            ],
            "properties": {
              "allekirjoituksen_tyyppi": {
                "type": "object",
                "additionalProperties": false,
                "sosmeta": {
                  "name": [
                    {
                      "lang": "fi",
                      "value": "Allekirjoituksen tyyppi"
                    },
                    {
                      "lang": "sv",
                      "value": "Typ av underskrift"
                    }
                  ],
                  "description": [
                    {
                      "lang": "fi",
                      "value": "Kenttään kirjataan luokituksen avulla allekirjoituksen tyyppi."
                    },
                    {
                      "lang": "sv",
                      "value": "I fältet antecknas underskriftens typ med hjälp av klassificeringen."
                    }
                  ],
                  "example": [
                    {
                      "lang": "fi",
                      "value": "1 \u003d Asiakirja on allekirjoitettu sähköisesti"
                    },
                    {
                      "lang": "sv",
                      "value": "1 \u003d Handlingen har undertecknats elektroniskt"
                    }
                  ],
                  "classification": [
                    {
                      "lang": "fi",
                      "value": "Koodistopalvelin: eArkisto - Allekirjoitus 1.2.246.537.5.40161"
                    },
                    {
                      "lang": "sv",
                      "value": "Kodtjänsten: eArkiv - Underskrift 1.2.246.537.5.40161"
                    }
                  ],
                  "classificationLink": [
                    {
                      "lang": "",
                      "value": "https://koodistopalvelu.kanta.fi/codeserver/pages/classification-view-page.xhtml?classificationKey\u003d252\u0026versionKey\u003d329"
                    }
                  ],
                  "classificationOid": [
                    {
                      "lang": "",
                      "value": "1.2.246.537.5.40161"
                    }
                  ],
                  "representation": [
                    {
                      "lang": "fi",
                      "value": "Koodi"
                    },
                    {
                      "lang": "sv",
                      "value": "Kod"
                    }
                  ],
                  "repeatable": false,
                  "required": true,
                  "conditionalRequired": false,
                  "nationwideRecordedInformation": false,
                  "hiddenField": false,
                  "hiddenTitle": false,
                  "rowNumber": 31
                },
                "required": [
                  "system",
                  "code",
                  "display"
                ],
                "properties": {
                  "system": {
                    "type": "string",
                    "pattern": "^urn:oid:1\\.2\\.246\\.537\\.5\\.40161(\\.\\d+)*$"
                  },
                  "code": {
                    "type": "string"
                  },
                  "display": {
                    "type": "string"
                  }
                }
              },
              "paikka": {
                "type": "string",
                "sosmeta": {
                  "name": [
                    {
                      "lang": "fi",
                      "value": "Paikka"
                    },
                    {
                      "lang": "sv",
                      "value": "Plats"
                    }
                  ],
                  "description": [
                    {
                      "lang": "fi",
                      "value": "Kenttään kirjataan allekirjoituspaikka. Kenttää käytetään vain paperitulosteessa tai -lomakkeessa silloin, kun asiakirja allekirjoitetaan käsin eli Allekirjoituksen tyyppi -kenttään on valittu koodi 2 \u003d Asiakirja on allekirjoitettu käsin. Kenttä voidaan täyttää asiakastietojärjestelmässä samalla kun asiakirja laaditaan, jos asiakirja allekirjoitetaan laatimisen yhteydessä."
                    },
                    {
                      "lang": "sv",
                      "value": "I fältet antecknas orten för underskriften. Fältet används endast för pappersutskrift eller -blankett när handlingen undertecknas för hand dvs. kod 2 \u003d Handlingen har undertecknats för hand har valts i fältet Underskriftens typ. Fältet kan ifyllas i klientdatasystemet samtidigt som handlingen upprättas, om handlingen undertecknas i samband med upprättandet."
                    }
                  ],
                  "example": [
                    {
                      "lang": "fi",
                      "value": "Helsinki"
                    },
                    {
                      "lang": "sv",
                      "value": "Helsingfors"
                    }
                  ],
                  "representation": [
                    {
                      "lang": "fi",
                      "value": "Teksti"
                    },
                    {
                      "lang": "sv",
                      "value": "Text"
                    }
                  ],
                  "repeatable": false,
                  "required": false,
                  "conditionalRequired": false,
                  "nationwideRecordedInformation": false,
                  "hiddenField": false,
                  "hiddenTitle": false,
                  "rowNumber": 32
                }
              },
              "paivamaara": {
                "type": "string",
                "pattern": "^-?[0-9]{4}(-(0[1-9]|1[0-2])(-(0[0-9]|[1-2][0-9]|3[0-1]))?)?$",
                "sosmeta": {
                  "name": [
                    {
                      "lang": "fi",
                      "value": "Päivämäärä"
                    },
                    {
                      "lang": "sv",
                      "value": "Datum"
                    }
                  ],
                  "description": [
                    {
                      "lang": "fi",
                      "value": "Kenttään kirjataan allekirjoituksen päivämäärä. Kenttää käytetään vain paperitulosteessa tai -lomakkeessa, kun asiakirja allekirjoitetaan käsin ja Allekirjoituksen tyyppi -kenttään on valittu koodi 2 \u003d Asiakirja on allekirjoitettu käsin. Kenttä voidaan täyttää asiakastietojärjestelmässä samalla kun asiakirja laaditaan, jos asiakirja allekirjoitetaan laatimisen yhteydessä."
                    },
                    {
                      "lang": "sv",
                      "value": "I fältet antecknas datum för underskriften. Fältet används endast för pappersutskrift eller -blankett när handlingen undertecknas för hand och kod 2 \u003d Handlingen har undertecknats för hand har valts i fältet Underskriftens typ. Fältet kan ifyllas i klientdatasystemet samtidigt som handlingen upprättas, om handlingen undertecknas i samband med upprättandet."
                    }
                  ],
                  "example": [
                    {
                      "lang": "fi",
                      "value": "29.05.2020"
                    },
                    {
                      "lang": "sv",
                      "value": "29.05.2020"
                    }
                  ],
                  "representation": [
                    {
                      "lang": "fi",
                      "value": "Pvm"
                    },
                    {
                      "lang": "sv",
                      "value": "Datum"
                    }
                  ],
                  "repeatable": false,
                  "required": false,
                  "conditionalRequired": false,
                  "nationwideRecordedInformation": true,
                  "hiddenField": false,
                  "hiddenTitle": false,
                  "rowNumber": 33
                }
              },
              "allekirjoitus": {
                "type": "string",
                "sosmeta": {
                  "name": [
                    {
                      "lang": "fi",
                      "value": "Allekirjoitus"
                    },
                    {
                      "lang": "sv",
                      "value": "Underskrift"
                    }
                  ],
                  "description": [
                    {
                      "lang": "fi",
                      "value": "Kenttää käytetään vain paperitulosteessa tai -lomakkeessa, kun asiakirja allekirjoitetaan käsin ja Allekirjoituksen tyyppi -kenttään on valittu koodi 2 \u003d Asiakirja on allekirjoitettu käsin."
                    },
                    {
                      "lang": "sv",
                      "value": "Fältet används endast för pappersutskrift eller -blankett när handlingen undertecknas för hand och kod 2 \u003d Handlingen har undertecknats för hand har valts i fältet Underskriftens typ."
                    }
                  ],
                  "representation": [
                    {
                      "lang": "fi",
                      "value": "Allekirjoitus"
                    },
                    {
                      "lang": "sv",
                      "value": "Underskrift"
                    }
                  ],
                  "repeatable": false,
                  "required": false,
                  "conditionalRequired": false,
                  "nationwideRecordedInformation": false,
                  "hiddenField": false,
                  "hiddenTitle": false,
                  "rowNumber": 34
                }
              },
              "nimi": {
                "type": "string",
                "sosmeta": {
                  "name": [
                    {
                      "lang": "fi",
                      "value": "Nimi"
                    },
                    {
                      "lang": "sv",
                      "value": "Namn"
                    }
                  ],
                  "description": [
                    {
                      "lang": "fi",
                      "value": "Kenttään kirjataan allekirjoittajan nimi tai nimenselvennys. Kenttää käytetään vain paperitulosteessa tai -lomakkeessa, kun asiakirja allekirjoitetaan käsin ja Allekirjoituksen tyyppi -kenttään on valittu koodi 2 \u003d Asiakirja on allekirjoitettu käsin. Kenttä voidaan täyttää asiakastietojärjestelmässä samalla kun asiakirja laaditaan, jos asiakirja allekirjoitetaan laatimisen yhteydessä."
                    },
                    {
                      "lang": "sv",
                      "value": "I fältet antecknas undertecknarens namn eller namnförtydligande. Fältet används endast för pappersutskrift eller -blankett när handlingen undertecknas för hand och kod 2 \u003d Handlingen har undertecknats för hand har valts i fältet Underskriftens typ. Fältet kan ifyllas i klientdatasystemet samtidigt som handlingen upprättas, om handlingen undertecknas i samband med upprättandet."
                    }
                  ],
                  "representation": [
                    {
                      "lang": "fi",
                      "value": "Nimi"
                    },
                    {
                      "lang": "sv",
                      "value": "Namn"
                    }
                  ],
                  "repeatable": false,
                  "required": false,
                  "conditionalRequired": false,
                  "nationwideRecordedInformation": false,
                  "hiddenField": false,
                  "hiddenTitle": false,
                  "rowNumber": 35
                }
              }
            }
          }
        }
      }
    }
  }
}