{
  "$schema": "http://json-schema.org/draft-07/schema#",
  "title": "\u0027Selvitys rajoitustoimenpiteistä\u0027 JSON schema",
  "type": "object",
  "additionalProperties": false,
  "sosmeta": {
    "title": "\u0027Selvitys rajoitustoimenpiteistä\u0027 JSON schema",
    "status": "Vanhentunut",
    "documentDefinitionVersion": "2022-09-28",
    "dataComponentLibraryVersion": "2022-09-27",
    "oid": "1.2.246.537.6.1506.16001.2022.9.28",
    "documentType": "Yhteenveto",
    "documentAuthor": "ammattihenkilö",
    "documentSubject": "Vammaispalvelujen asiakasasiakirjat"
  },
  "required": [
    "selvitys_rajoitustoimenpiteista"
  ],
  "properties": {
    "selvitys_rajoitustoimenpiteista": {
      "type": "object",
      "additionalProperties": false,
      "sosmeta": {
        "name": [
          {
            "lang": "fi",
            "value": "Selvitys rajoitustoimenpiteistä"
          },
          {
            "lang": "sv",
            "value": "Utredning om begränsningsåtgärder"
          }
        ]
      },
      "required": [
        "vastaanottaja",
        "asiakas",
        "laatija"
      ],
      "properties": {
        "vastaanottaja": {
          "type": "array",
          "minItems": 1,
          "items": {
            "type": "object",
            "additionalProperties": false,
            "sosmeta": {
              "name": [
                {
                  "lang": "fi",
                  "value": "Vastaanottaja"
                },
                {
                  "lang": "sv",
                  "value": "Mottagare"
                }
              ],
              "description": [
                {
                  "lang": "fi",
                  "value": "Selvitys toimitetaan vähintään kuukausittain asiakkaan lailliselle edustajalle, omaiselle tai muulle läheiselle sekä asiakkaan omatyöntekijälle."
                },
                {
                  "lang": "sv",
                  "value": "Utredningen lämnas minst en gång per månad till klientens lagliga företrädare, en anhörig eller annan närstående samt till klientens egen kontaktperson."
                }
              ],
              "repeatable": true,
              "required": true,
              "conditionalRequired": false,
              "nationwideRecordedInformation": false,
              "hiddenField": false,
              "hiddenTitle": false,
              "rowNumber": 1
            },
            "required": [
              "sukunimi",
              "etunimet"
            ],
            "properties": {
              "sukunimi": {
                "type": "string",
                "minLength": 1,
                "sosmeta": {
                  "name": [
                    {
                      "lang": "fi",
                      "value": "Sukunimi"
                    },
                    {
                      "lang": "sv",
                      "value": "Efternamn"
                    }
                  ],
                  "description": [
                    {
                      "lang": "fi",
                      "value": "-"
                    },
                    {
                      "lang": "sv",
                      "value": "-"
                    }
                  ],
                  "representation": [
                    {
                      "lang": "fi",
                      "value": "Nimi"
                    },
                    {
                      "lang": "sv",
                      "value": "Namn"
                    }
                  ],
                  "repeatable": false,
                  "required": true,
                  "conditionalRequired": false,
                  "nationwideRecordedInformation": false,
                  "hiddenField": false,
                  "hiddenTitle": false,
                  "rowNumber": 2
                }
              },
              "etunimet": {
                "type": "string",
                "minLength": 1,
                "sosmeta": {
                  "name": [
                    {
                      "lang": "fi",
                      "value": "Etunimet"
                    },
                    {
                      "lang": "sv",
                      "value": "Samtliga förnamn"
                    }
                  ],
                  "description": [
                    {
                      "lang": "fi",
                      "value": "-"
                    },
                    {
                      "lang": "sv",
                      "value": "-"
                    }
                  ],
                  "representation": [
                    {
                      "lang": "fi",
                      "value": "Nimi"
                    },
                    {
                      "lang": "sv",
                      "value": "Namn"
                    }
                  ],
                  "repeatable": false,
                  "required": true,
                  "conditionalRequired": false,
                  "nationwideRecordedInformation": false,
                  "hiddenField": false,
                  "hiddenTitle": false,
                  "rowNumber": 3
                }
              },
              "tehtavanimike": {
                "type": "string",
                "sosmeta": {
                  "name": [
                    {
                      "lang": "fi",
                      "value": "Tehtävänimike"
                    },
                    {
                      "lang": "sv",
                      "value": "Uppgiftsbeteckning"
                    }
                  ],
                  "description": [
                    {
                      "lang": "fi",
                      "value": "Kenttää käytetään, jos vastaanottajana on asiakkaan omatyöntekijä tai edunvalvoja."
                    },
                    {
                      "lang": "sv",
                      "value": "Fältet används, om mottagaren är klientens kontaktperson eller intressebevakare."
                    }
                  ],
                  "representation": [
                    {
                      "lang": "fi",
                      "value": "Teksti"
                    },
                    {
                      "lang": "sv",
                      "value": "Text"
                    }
                  ],
                  "repeatable": false,
                  "required": false,
                  "conditionalRequired": false,
                  "nationwideRecordedInformation": false,
                  "hiddenField": false,
                  "hiddenTitle": false,
                  "rowNumber": 4
                }
              },
              "organisaatio": {
                "type": "string",
                "sosmeta": {
                  "name": [
                    {
                      "lang": "fi",
                      "value": "Organisaatio"
                    },
                    {
                      "lang": "sv",
                      "value": "Organisation"
                    }
                  ],
                  "description": [
                    {
                      "lang": "fi",
                      "value": "Kenttään kirjataan sen organisaation nimi, jossa ammattihenkilö työskentelee. Kenttää käytetään, jos henkilö on ammattihenkilö ja osallistuu sosiaalihuollon prosessiin ammattinsa puolesta."
                    },
                    {
                      "lang": "sv",
                      "value": "I fältet antecknas namnet på den organisation, där den yrkesutbildade personen arbetar. Fältet används om personen är yrkesutbildad och medverkar i socialvårdens process på sitt yrkes vägnar."
                    }
                  ],
                  "representation": [
                    {
                      "lang": "fi",
                      "value": "Nimi"
                    },
                    {
                      "lang": "sv",
                      "value": "Namn"
                    }
                  ],
                  "repeatable": false,
                  "required": false,
                  "conditionalRequired": false,
                  "nationwideRecordedInformation": false,
                  "hiddenField": false,
                  "hiddenTitle": false,
                  "rowNumber": 5
                }
              },
              "yhteystiedot": {
                "type": "object",
                "additionalProperties": false,
                "sosmeta": {
                  "name": [
                    {
                      "lang": "fi",
                      "value": "Yhteystiedot"
                    },
                    {
                      "lang": "sv",
                      "value": "Kontaktuppgifter"
                    }
                  ],
                  "description": [
                    {
                      "lang": "fi",
                      "value": "-"
                    },
                    {
                      "lang": "sv",
                      "value": "-"
                    }
                  ],
                  "repeatable": false,
                  "required": false,
                  "conditionalRequired": false,
                  "nationwideRecordedInformation": false,
                  "hiddenField": false,
                  "hiddenTitle": false,
                  "rowNumber": 6
                },
                "required": [],
                "properties": {
                  "osoite": {
                    "type": "object",
                    "additionalProperties": false,
                    "sosmeta": {
                      "name": [
                        {
                          "lang": "fi",
                          "value": "Osoite"
                        },
                        {
                          "lang": "sv",
                          "value": "Adress"
                        }
                      ],
                      "description": [
                        {
                          "lang": "fi",
                          "value": "-"
                        },
                        {
                          "lang": "sv",
                          "value": "-"
                        }
                      ],
                      "implementationNote": [
                        {
                          "lang": "fi",
                          "value": "Kenttä on ei-toistuva TK Yhteystietojen määrityksestä poiketen."
                        },
                        {
                          "lang": "sv",
                          "value": "Kenttä on ei-toistuva TK Yhteystietojen määrityksestä poiketen."
                        }
                      ],
                      "repeatable": false,
                      "required": false,
                      "conditionalRequired": false,
                      "nationwideRecordedInformation": false,
                      "hiddenField": false,
                      "hiddenTitle": false,
                      "rowNumber": 7
                    },
                    "required": [],
                    "properties": {
                      "lahiosoite": {
                        "type": "string",
                        "sosmeta": {
                          "name": [
                            {
                              "lang": "fi",
                              "value": "Lähiosoite"
                            },
                            {
                              "lang": "sv",
                              "value": "Näradress"
                            }
                          ],
                          "description": [
                            {
                              "lang": "fi",
                              "value": "-"
                            },
                            {
                              "lang": "sv",
                              "value": "-"
                            }
                          ],
                          "example": [
                            {
                              "lang": "fi",
                              "value": "-"
                            },
                            {
                              "lang": "sv",
                              "value": "-"
                            }
                          ],
                          "representation": [
                            {
                              "lang": "fi",
                              "value": "Teksti"
                            },
                            {
                              "lang": "sv",
                              "value": "Text"
                            }
                          ],
                          "repeatable": false,
                          "required": false,
                          "conditionalRequired": false,
                          "nationwideRecordedInformation": false,
                          "hiddenField": false,
                          "hiddenTitle": false,
                          "rowNumber": 8
                        }
                      },
                      "postinumero": {
                        "type": "string",
                        "sosmeta": {
                          "name": [
                            {
                              "lang": "fi",
                              "value": "Postinumero"
                            },
                            {
                              "lang": "sv",
                              "value": "Postnummer"
                            }
                          ],
                          "description": [
                            {
                              "lang": "fi",
                              "value": "-"
                            },
                            {
                              "lang": "sv",
                              "value": "-"
                            }
                          ],
                          "example": [
                            {
                              "lang": "fi",
                              "value": "-"
                            },
                            {
                              "lang": "sv",
                              "value": "-"
                            }
                          ],
                          "representation": [
                            {
                              "lang": "fi",
                              "value": "Teksti"
                            },
                            {
                              "lang": "sv",
                              "value": "Text"
                            }
                          ],
                          "repeatable": false,
                          "required": false,
                          "conditionalRequired": false,
                          "nationwideRecordedInformation": false,
                          "hiddenField": false,
                          "hiddenTitle": false,
                          "rowNumber": 9
                        }
                      },
                      "postitoimipaikka": {
                        "type": "string",
                        "sosmeta": {
                          "name": [
                            {
                              "lang": "fi",
                              "value": "Postitoimipaikka"
                            },
                            {
                              "lang": "sv",
                              "value": "Postkontor"
                            }
                          ],
                          "description": [
                            {
                              "lang": "fi",
                              "value": "-"
                            },
                            {
                              "lang": "sv",
                              "value": "-"
                            }
                          ],
                          "example": [
                            {
                              "lang": "fi",
                              "value": "-"
                            },
                            {
                              "lang": "sv",
                              "value": "-"
                            }
                          ],
                          "representation": [
                            {
                              "lang": "fi",
                              "value": "Nimi"
                            },
                            {
                              "lang": "sv",
                              "value": "Namn"
                            }
                          ],
                          "repeatable": false,
                          "required": false,
                          "conditionalRequired": false,
                          "nationwideRecordedInformation": false,
                          "hiddenField": false,
                          "hiddenTitle": false,
                          "rowNumber": 10
                        }
                      }
                    }
                  }
                }
              }
            }
          }
        },
        "asiakas": {
          "type": "object",
          "additionalProperties": false,
          "sosmeta": {
            "name": [
              {
                "lang": "fi",
                "value": "Asiakas"
              },
              {
                "lang": "sv",
                "value": "Klient"
              }
            ],
            "description": [
              {
                "lang": "fi",
                "value": "-"
              },
              {
                "lang": "sv",
                "value": "-"
              }
            ],
            "repeatable": false,
            "required": true,
            "conditionalRequired": false,
            "nationwideRecordedInformation": false,
            "hiddenField": false,
            "hiddenTitle": false,
            "rowNumber": 11
          },
          "required": [
            "sukunimi",
            "etunimet",
            "henkilotunnus"
          ],
          "properties": {
            "sukunimi": {
              "type": "string",
              "minLength": 1,
              "sosmeta": {
                "name": [
                  {
                    "lang": "fi",
                    "value": "Sukunimi"
                  },
                  {
                    "lang": "sv",
                    "value": "Efternamn"
                  }
                ],
                "description": [
                  {
                    "lang": "fi",
                    "value": "-"
                  },
                  {
                    "lang": "sv",
                    "value": "-"
                  }
                ],
                "example": [
                  {
                    "lang": "fi",
                    "value": "-"
                  },
                  {
                    "lang": "sv",
                    "value": "-"
                  }
                ],
                "representation": [
                  {
                    "lang": "fi",
                    "value": "Nimi"
                  },
                  {
                    "lang": "sv",
                    "value": "Namn"
                  }
                ],
                "repeatable": false,
                "required": true,
                "conditionalRequired": false,
                "nationwideRecordedInformation": false,
                "hiddenField": false,
                "hiddenTitle": false,
                "rowNumber": 12
              }
            },
            "etunimet": {
              "type": "string",
              "minLength": 1,
              "sosmeta": {
                "name": [
                  {
                    "lang": "fi",
                    "value": "Etunimet"
                  },
                  {
                    "lang": "sv",
                    "value": "Samtliga förnamn"
                  }
                ],
                "description": [
                  {
                    "lang": "fi",
                    "value": "-"
                  },
                  {
                    "lang": "sv",
                    "value": "-"
                  }
                ],
                "example": [
                  {
                    "lang": "fi",
                    "value": "-"
                  },
                  {
                    "lang": "sv",
                    "value": "-"
                  }
                ],
                "representation": [
                  {
                    "lang": "fi",
                    "value": "Nimi"
                  },
                  {
                    "lang": "sv",
                    "value": "Namn"
                  }
                ],
                "repeatable": false,
                "required": true,
                "conditionalRequired": false,
                "nationwideRecordedInformation": false,
                "hiddenField": false,
                "hiddenTitle": false,
                "rowNumber": 13
              }
            },
            "henkilotunnus": {
              "type": "object",
              "additionalProperties": false,
              "sosmeta": {
                "name": [
                  {
                    "lang": "fi",
                    "value": "Henkilötunnus"
                  },
                  {
                    "lang": "sv",
                    "value": "Personbeteckning"
                  }
                ],
                "description": [
                  {
                    "lang": "fi",
                    "value": "-"
                  },
                  {
                    "lang": "sv",
                    "value": "-"
                  }
                ],
                "example": [
                  {
                    "lang": "fi",
                    "value": "-"
                  },
                  {
                    "lang": "sv",
                    "value": "-"
                  }
                ],
                "implementationNote": [
                  {
                    "lang": "fi",
                    "value": "Kenttä on pakollinen TK Yksityishenkilön määrityksestä poiketen."
                  },
                  {
                    "lang": "sv",
                    "value": "Kenttä on pakollinen TK Yksityishenkilön määrityksestä poiketen."
                  }
                ],
                "representation": [
                  {
                    "lang": "fi",
                    "value": "Tunnus"
                  },
                  {
                    "lang": "sv",
                    "value": "Identifierare"
                  }
                ],
                "systemUri": [
                  {
                    "lang": "",
                    "value": "urn:oid:1.2.246.21"
                  }
                ],
                "repeatable": false,
                "required": true,
                "conditionalRequired": false,
                "nationwideRecordedInformation": false,
                "hiddenField": false,
                "hiddenTitle": false,
                "rowNumber": 14
              },
              "required": [
                "value"
              ],
              "properties": {
                "system": {
                  "type": "string"
                },
                "value": {
                  "type": "string"
                }
              }
            }
          }
        },
        "yksikko": {
          "type": "object",
          "additionalProperties": false,
          "sosmeta": {
            "name": [
              {
                "lang": "fi",
                "value": "Yksikkö"
              },
              {
                "lang": "sv",
                "value": "Enhet"
              }
            ],
            "title": [
              {
                "lang": "fi",
                "value": "Yksikkö, jossa rajoitustoimenpide tai rajoitustoimenpiteet on tehty"
              },
              {
                "lang": "sv",
                "value": "Enhet där begränsningsåtgärden eller begränsningsåtgärderna har utförts"
              }
            ],
            "description": [
              {
                "lang": "fi",
                "value": "Kenttään kirjataan yksikön nimi SOTE-organisaatiorekisterin avulla."
              },
              {
                "lang": "sv",
                "value": "I fältet antecknas namnet på enheten med hjälp av Organisationsregistret för social- och hälsovården."
              }
            ],
            "example": [
              {
                "lang": "fi",
                "value": "1.2.246.10.1012636.10.1.1.100768 \u003d Espoon keskuksen lastensuojelu, Espoon kaupunki, sosiaali- ja terveystoimi"
              },
              {
                "lang": "sv",
                "value": "1.2.246.10.1012636.10.1.1.100768 \u003d Esbo centrums barnskydd, Esbo stad, social- och hälsovårdssektorn"
              }
            ],
            "classification": [
              {
                "lang": "fi",
                "value": "Koodistopalvelin: THL - SOTE-organisaatiorekisteri 1.2.246.537.6.202"
              },
              {
                "lang": "sv",
                "value": "Kodtjänsten: THL - SOTE-organisationsregister 1.2.246.537.6.202"
              }
            ],
            "classificationLink": [
              {
                "lang": "",
                "value": "https://koodistopalvelu.kanta.fi/codeserver/pages/classification-view-page.xhtml?classificationKey\u003d421\u0026versionKey\u003d501"
              }
            ],
            "classificationOid": [
              {
                "lang": "",
                "value": "1.2.246.537.6.202"
              }
            ],
            "representation": [
              {
                "lang": "fi",
                "value": "Koodi"
              },
              {
                "lang": "sv",
                "value": "Kod"
              }
            ],
            "repeatable": false,
            "required": false,
            "conditionalRequired": false,
            "nationwideRecordedInformation": false,
            "hiddenField": false,
            "hiddenTitle": false,
            "rowNumber": 15
          },
          "required": [
            "system",
            "code",
            "display"
          ],
          "properties": {
            "system": {
              "type": "string",
              "pattern": "^urn:oid:1\\.2\\.246\\.537\\.6\\.202(\\.\\d+)*$"
            },
            "code": {
              "type": "string"
            },
            "display": {
              "type": "string"
            }
          }
        },
        "asiakkaalle_tehty_rajoitustoimenpide_tai_tehdyt_rajoitustoimenpiteet": {
          "type": "array",
          "minItems": 0,
          "items": {
            "type": "object",
            "additionalProperties": false,
            "sosmeta": {
              "name": [
                {
                  "lang": "fi",
                  "value": "Asiakkaalle tehty rajoitustoimenpide tai tehdyt rajoitustoimenpiteet"
                },
                {
                  "lang": "sv",
                  "value": "Begränsningsåtgärd eller begränsningsåtgärder som klienten har varit föremål för"
                }
              ],
              "description": [
                {
                  "lang": "fi",
                  "value": "Mikäli kaksi tai useampi rajoitustoimenpidettä on tehty yhtäaikaisesti, voidaan selvitys tehdä yhdellä asiakirjalla."
                },
                {
                  "lang": "sv",
                  "value": "Om två eller flera begränsningsåtgärder har utförts samtidigt, kan utredningen av dem göras med en handling."
                }
              ],
              "implementationNote": [
                {
                  "lang": "fi",
                  "value": "\"Asiakkaalle tehty rajoitustoimenpide tai tehdyt rajoitustoimenpiteet\" näytetään vain kerran, vaikka tämä kohta toistuisi."
                },
                {
                  "lang": "sv",
                  "value": "\"Asiakkaalle tehty rajoitustoimenpide tai tehdyt rajoitustoimenpiteet\" näytetään vain kerran, vaikka tämä kohta toistuisi."
                }
              ],
              "repeatable": true,
              "required": false,
              "conditionalRequired": false,
              "nationwideRecordedInformation": false,
              "hiddenField": false,
              "hiddenTitle": false,
              "rowNumber": 16
            },
            "required": [],
            "properties": {
              "paivamaara": {
                "type": "string",
                "pattern": "^-?[0-9]{4}(-(0[1-9]|1[0-2])(-(0[0-9]|[1-2][0-9]|3[0-1]))?)?$",
                "sosmeta": {
                  "name": [
                    {
                      "lang": "fi",
                      "value": "Päivämäärä"
                    },
                    {
                      "lang": "sv",
                      "value": "Datum"
                    }
                  ],
                  "title": [
                    {
                      "lang": "fi",
                      "value": "Päivämäärä, jolloin rajoitustoimenpide on tehty"
                    },
                    {
                      "lang": "sv",
                      "value": "Datum då begränsningsåtgärden har utförts"
                    }
                  ],
                  "description": [
                    {
                      "lang": "fi",
                      "value": "-"
                    },
                    {
                      "lang": "sv",
                      "value": "-"
                    }
                  ],
                  "example": [
                    {
                      "lang": "fi",
                      "value": "-"
                    },
                    {
                      "lang": "sv",
                      "value": "-"
                    }
                  ],
                  "representation": [
                    {
                      "lang": "fi",
                      "value": "Pvm"
                    },
                    {
                      "lang": "sv",
                      "value": "Datum"
                    }
                  ],
                  "repeatable": false,
                  "required": false,
                  "conditionalRequired": false,
                  "nationwideRecordedInformation": false,
                  "hiddenField": false,
                  "hiddenTitle": false,
                  "rowNumber": 17
                }
              },
              "ajanjakso": {
                "type": "object",
                "additionalProperties": false,
                "sosmeta": {
                  "name": [
                    {
                      "lang": "fi",
                      "value": "Ajanjakso"
                    },
                    {
                      "lang": "sv",
                      "value": "Tidsperiod"
                    }
                  ],
                  "title": [
                    {
                      "lang": "fi",
                      "value": "Rajoitustoimenpiteen alkamis- ja päättymisajankohta"
                    },
                    {
                      "lang": "sv",
                      "value": "Tidpunkten då begränsningsåtgärden inleddes och avslutades"
                    }
                  ],
                  "description": [
                    {
                      "lang": "fi",
                      "value": "Tähän kirjataan asiakkaan itsemääräämisoikeuteen kohdistuvan rajoitustoimenpiteen kesto. Rajoitustoimenpiteen kestona ilmoitetaan toimenpiteestä riippuen esimerkiksi sen alkamis- ja päättymispäivä tai sen alkamis- ja päättymisaika."
                    },
                    {
                      "lang": "sv",
                      "value": "Här antecknas varaktigheten för åtgärden som begränsar klientens självbestämmanderätt. Beroende på åtgärden anges varaktigheten till exempel med inlednings- och avslutningsdatumet eller med inlednings- och avslutningstidpunkten."
                    }
                  ],
                  "example": [
                    {
                      "lang": "fi",
                      "value": "-"
                    },
                    {
                      "lang": "sv",
                      "value": "-"
                    }
                  ],
                  "repeatable": false,
                  "required": false,
                  "conditionalRequired": false,
                  "nationwideRecordedInformation": false,
                  "hiddenField": false,
                  "hiddenTitle": false,
                  "rowNumber": 18
                },
                "required": [],
                "properties": {
                  "alkamishetki": {
                    "type": "string",
                    "pattern": "^-?[0-9]{4}(-(0[1-9]|1[0-2])(-(0[0-9]|[1-2][0-9]|3[0-1])(T([01][0-9]|2[0-3]):[0-5][0-9]:[0-5][0-9](\\.[0-9]+)?(Z|(\\+|-)((0[0-9]|1[0-3]):[0-5][0-9]|14:00)))?)?)?$",
                    "sosmeta": {
                      "name": [
                        {
                          "lang": "fi",
                          "value": "Alkamishetki"
                        },
                        {
                          "lang": "sv",
                          "value": "Inledningstidpunkt"
                        }
                      ],
                      "description": [
                        {
                          "lang": "fi",
                          "value": "-"
                        },
                        {
                          "lang": "sv",
                          "value": "-"
                        }
                      ],
                      "example": [
                        {
                          "lang": "fi",
                          "value": "-"
                        },
                        {
                          "lang": "sv",
                          "value": "-"
                        }
                      ],
                      "representation": [
                        {
                          "lang": "fi",
                          "value": "Hetki"
                        },
                        {
                          "lang": "sv",
                          "value": "Datum och klockslag"
                        }
                      ],
                      "repeatable": false,
                      "required": false,
                      "conditionalRequired": false,
                      "nationwideRecordedInformation": false,
                      "hiddenField": false,
                      "hiddenTitle": false,
                      "rowNumber": 19
                    }
                  },
                  "paattymishetki": {
                    "type": "string",
                    "pattern": "^-?[0-9]{4}(-(0[1-9]|1[0-2])(-(0[0-9]|[1-2][0-9]|3[0-1])(T([01][0-9]|2[0-3]):[0-5][0-9]:[0-5][0-9](\\.[0-9]+)?(Z|(\\+|-)((0[0-9]|1[0-3]):[0-5][0-9]|14:00)))?)?)?$",
                    "sosmeta": {
                      "name": [
                        {
                          "lang": "fi",
                          "value": "Päättymishetki"
                        },
                        {
                          "lang": "sv",
                          "value": "Avslutningstidpunkt"
                        }
                      ],
                      "description": [
                        {
                          "lang": "fi",
                          "value": "-"
                        },
                        {
                          "lang": "sv",
                          "value": "-"
                        }
                      ],
                      "example": [
                        {
                          "lang": "fi",
                          "value": "-"
                        },
                        {
                          "lang": "sv",
                          "value": "-"
                        }
                      ],
                      "representation": [
                        {
                          "lang": "fi",
                          "value": "Hetki"
                        },
                        {
                          "lang": "sv",
                          "value": "Datum och klockslag"
                        }
                      ],
                      "repeatable": false,
                      "required": false,
                      "conditionalRequired": false,
                      "nationwideRecordedInformation": false,
                      "hiddenField": false,
                      "hiddenTitle": false,
                      "rowNumber": 20
                    }
                  }
                }
              },
              "rajoitustoimenpiteen_laji": {
                "type": "object",
                "additionalProperties": false,
                "sosmeta": {
                  "name": [
                    {
                      "lang": "fi",
                      "value": "Rajoitustoimenpiteen laji"
                    },
                    {
                      "lang": "sv",
                      "value": "Begränsningsåtgärdsslag"
                    }
                  ],
                  "description": [
                    {
                      "lang": "fi",
                      "value": "Kenttään kirjataan luokituksen avulla asiakkaan itsemääräämisoikeuksia rajoittavan toimenpiteen laji."
                    },
                    {
                      "lang": "sv",
                      "value": "I fältet antecknas åtgärdsslaget för begränsningen av klientens självbestämmanderätt."
                    }
                  ],
                  "example": [
                    {
                      "lang": "fi",
                      "value": "-"
                    },
                    {
                      "lang": "sv",
                      "value": "-"
                    }
                  ],
                  "classification": [
                    {
                      "lang": "fi",
                      "value": "Koodistopalvelin: Sosiaalihuolto - Rajoitustoimenpiteet kehitysvammaisten erityishuollossa 1.2.246.537.6.1266"
                    },
                    {
                      "lang": "sv",
                      "value": "Kodtjänsten: Socialvård - Begränsningsåtgärder inom specialomsorger om utvecklingsstörda 1.2.246.537.6.1266"
                    }
                  ],
                  "classificationLink": [
                    {
                      "lang": "",
                      "value": "https://koodistopalvelu.kanta.fi/codeserver/pages/classification-view-page.xhtml?classificationKey\u003d2544\u0026versionKey\u003d2844"
                    }
                  ],
                  "classificationOid": [
                    {
                      "lang": "",
                      "value": "1.2.246.537.6.1266"
                    }
                  ],
                  "representation": [
                    {
                      "lang": "fi",
                      "value": "Koodi"
                    },
                    {
                      "lang": "sv",
                      "value": "Kod"
                    }
                  ],
                  "repeatable": false,
                  "required": false,
                  "conditionalRequired": false,
                  "nationwideRecordedInformation": false,
                  "hiddenField": false,
                  "hiddenTitle": false,
                  "rowNumber": 21
                },
                "required": [
                  "system",
                  "code",
                  "display"
                ],
                "properties": {
                  "system": {
                    "type": "string",
                    "pattern": "^urn:oid:1\\.2\\.246\\.537\\.6\\.1266(\\.\\d+)*$"
                  },
                  "code": {
                    "type": "string"
                  },
                  "display": {
                    "type": "string"
                  }
                }
              },
              "kuvaus": {
                "type": "string",
                "sosmeta": {
                  "name": [
                    {
                      "lang": "fi",
                      "value": "Kuvaus"
                    },
                    {
                      "lang": "sv",
                      "value": "Beskrivning"
                    }
                  ],
                  "title": [
                    {
                      "lang": "fi",
                      "value": "Rajoitustoimenpiteen kuvaus ja käyttö"
                    },
                    {
                      "lang": "sv",
                      "value": "Beskrivning och användning av begränsningsåtgärden"
                    }
                  ],
                  "description": [
                    {
                      "lang": "fi",
                      "value": "Kenttään kuvataan asiakkaan itsemääräämisoikeutta rajoittavaa toimenpidettä tai annetaan luokituksesta valittuun luokkaan liittyvää lisätietoa."
                    },
                    {
                      "lang": "sv",
                      "value": "I fältet beskrivs åtgärden som begränsar klientens självbestämmanderätt eller också ges ytterligare information utifrån klassificeringen om den klass som har valts."
                    }
                  ],
                  "example": [
                    {
                      "lang": "fi",
                      "value": "-"
                    },
                    {
                      "lang": "sv",
                      "value": "-"
                    }
                  ],
                  "representation": [
                    {
                      "lang": "fi",
                      "value": "Teksti"
                    },
                    {
                      "lang": "sv",
                      "value": "Text"
                    }
                  ],
                  "repeatable": false,
                  "required": false,
                  "conditionalRequired": false,
                  "nationwideRecordedInformation": false,
                  "hiddenField": false,
                  "hiddenTitle": false,
                  "rowNumber": 22
                }
              },
              "perustelu": {
                "type": "string",
                "sosmeta": {
                  "name": [
                    {
                      "lang": "fi",
                      "value": "Perustelu"
                    },
                    {
                      "lang": "sv",
                      "value": "Motiveringar"
                    }
                  ],
                  "title": [
                    {
                      "lang": "fi",
                      "value": "Perustelut rajoitustoimenpiteen toteuttamiselle"
                    },
                    {
                      "lang": "sv",
                      "value": "Motiveringar till att begränsningsåtgärden utförs"
                    }
                  ],
                  "description": [
                    {
                      "lang": "fi",
                      "value": "Kenttään kirjataan perustelu asiakkaan itsemääräämisoikeuteen kohdistuvan rajoitustoimenpiteen käytölle. Rajoitustoimenpiteistä päätettäessä on kirjattava niiden käytön syyt ja perustelut. Rajoittamisen syy on yksilöitävä konkreettisesti."
                    },
                    {
                      "lang": "sv",
                      "value": "I fältet antecknas en motivering till åtgärden som begränsar klientens självbestämmanderätt. När beslut fattas om begränsningsåtgärder ska orsakerna och motiveringarna till bruket av dem anges. Orsaken till begränsningen ska specificeras konkret."
                    }
                  ],
                  "example": [
                    {
                      "lang": "fi",
                      "value": "-"
                    },
                    {
                      "lang": "sv",
                      "value": "-"
                    }
                  ],
                  "representation": [
                    {
                      "lang": "fi",
                      "value": "Teksti"
                    },
                    {
                      "lang": "sv",
                      "value": "Text"
                    }
                  ],
                  "repeatable": false,
                  "required": false,
                  "conditionalRequired": false,
                  "nationwideRecordedInformation": false,
                  "hiddenField": false,
                  "hiddenTitle": false,
                  "rowNumber": 23
                }
              },
              "asiakkaan_kaytossa_olevat_oikeusturvakeinot": {
                "type": "string",
                "sosmeta": {
                  "name": [
                    {
                      "lang": "fi",
                      "value": "Asiakkaan käytössä olevat oikeusturvakeinot"
                    },
                    {
                      "lang": "sv",
                      "value": "Klientens tillgängliga rättsmedel"
                    }
                  ],
                  "description": [
                    {
                      "lang": "fi",
                      "value": "Kenttään kuvataan oikeusturvakeinoja, joita asiakkaan on mahdollista käyttää. Laissa kehitysvammaisten erityishuollosta (42 p §) säädetään, että erityishuollossa olevalle henkilölle on viipymättä rajoitustoimenpiteen käytön päättymisen jälkeen annettava selvitys rajoitustoimenpiteen sisällöstä ja perusteista sekä käytettävissä olevista oikeusturvakeinoista"
                    },
                    {
                      "lang": "sv",
                      "value": "I fältet beskrivs de rättsmedel som är tillgängliga för klienten. I 42 p § i lagen angående specialomsorgen om utvecklingsstörda föreskrivs att en person som får specialomsorg utan dröjsmål efter att en begränsningsåtgärd har avslutats ska ges en rapport om innehållet i och grunderna för begränsningsåtgärden samt om de tillgängliga rättsmedlen."
                    }
                  ],
                  "representation": [
                    {
                      "lang": "fi",
                      "value": "Teksti"
                    },
                    {
                      "lang": "sv",
                      "value": "Text"
                    }
                  ],
                  "repeatable": false,
                  "required": false,
                  "conditionalRequired": false,
                  "nationwideRecordedInformation": false,
                  "hiddenField": false,
                  "hiddenTitle": false,
                  "rowNumber": 24
                }
              }
            }
          }
        },
        "kuvaus_jalkiselvittelysta": {
          "type": "string",
          "sosmeta": {
            "name": [
              {
                "lang": "fi",
                "value": "Kuvaus jälkiselvittelystä"
              },
              {
                "lang": "sv",
                "value": "Beskrivning av genomgång i efterhand"
              }
            ],
            "description": [
              {
                "lang": "fi",
                "value": "Kenttään kuvataan sitä, kuinka jälkiselvittely asiakkaan kanssa on tehty ja millaisia kommunikaatio- ja tiedonsaannin menetelmiä siinä on asiakkaan kanssa käytetty."
              },
              {
                "lang": "sv",
                "value": "I fältet beskrivs, hur genomgången i efterhand tillsammans med klienten har genomförts och vilka metoder för kommunikation och erhållande av information som har använts tillsammans med klienten."
              }
            ],
            "representation": [
              {
                "lang": "fi",
                "value": "Teksti"
              },
              {
                "lang": "sv",
                "value": "Text"
              }
            ],
            "repeatable": false,
            "required": false,
            "conditionalRequired": false,
            "nationwideRecordedInformation": false,
            "hiddenField": false,
            "hiddenTitle": false,
            "rowNumber": 25
          }
        },
        "lisatiedot": {
          "type": "string",
          "sosmeta": {
            "name": [
              {
                "lang": "fi",
                "value": "Lisätiedot"
              },
              {
                "lang": "sv",
                "value": "Mer information"
              }
            ],
            "representation": [
              {
                "lang": "fi",
                "value": "Teksti"
              },
              {
                "lang": "sv",
                "value": "Text"
              }
            ],
            "repeatable": false,
            "required": false,
            "conditionalRequired": false,
            "nationwideRecordedInformation": false,
            "hiddenField": false,
            "hiddenTitle": false,
            "rowNumber": 26
          }
        },
        "lakiselostus": {
          "type": "string",
          "sosmeta": {
            "name": [
              {
                "lang": "fi",
                "value": "Lakiselostus"
              },
              {
                "lang": "sv",
                "value": "Lagförklaring"
              }
            ],
            "implementationNote": [
              {
                "lang": "fi",
                "value": "Kentässä voidaan käyttää automaattitekstiä, jonka organisaatio yhdessä tietojärjestelmätoimittajan kanssa laatii. THL ei laadi kentässä näytettäviä tekstejä."
              },
              {
                "lang": "sv",
                "value": "Kentässä voidaan käyttää automaattitekstiä, jonka organisaatio yhdessä tietojärjestelmätoimittajan kanssa laatii. THL ei laadi kentässä näytettäviä tekstejä."
              }
            ],
            "representation": [
              {
                "lang": "fi",
                "value": "Teksti"
              },
              {
                "lang": "sv",
                "value": "Text"
              }
            ],
            "repeatable": false,
            "required": false,
            "conditionalRequired": false,
            "nationwideRecordedInformation": false,
            "hiddenField": false,
            "hiddenTitle": false,
            "rowNumber": 27
          }
        },
        "paivamaara": {
          "type": "string",
          "pattern": "^-?[0-9]{4}(-(0[1-9]|1[0-2])(-(0[0-9]|[1-2][0-9]|3[0-1]))?)?$",
          "sosmeta": {
            "name": [
              {
                "lang": "fi",
                "value": "Päivämäärä"
              },
              {
                "lang": "sv",
                "value": "Datum"
              }
            ],
            "description": [
              {
                "lang": "fi",
                "value": "Kenttään kirjataan asiakirjan laatimisen päivämäärä."
              },
              {
                "lang": "sv",
                "value": "I fältet antecknas datum för upprättandet av handlingen."
              }
            ],
            "representation": [
              {
                "lang": "fi",
                "value": "Pvm"
              },
              {
                "lang": "sv",
                "value": "Datum"
              }
            ],
            "repeatable": false,
            "required": false,
            "conditionalRequired": false,
            "nationwideRecordedInformation": false,
            "hiddenField": false,
            "hiddenTitle": false,
            "rowNumber": 28
          }
        },
        "laatija": {
          "type": "array",
          "minItems": 1,
          "items": {
            "type": "object",
            "additionalProperties": false,
            "sosmeta": {
              "name": [
                {
                  "lang": "fi",
                  "value": "Laatija"
                },
                {
                  "lang": "sv",
                  "value": "Upprättare"
                }
              ],
              "description": [
                {
                  "lang": "fi",
                  "value": "-"
                },
                {
                  "lang": "sv",
                  "value": "-"
                }
              ],
              "repeatable": true,
              "required": true,
              "conditionalRequired": false,
              "nationwideRecordedInformation": false,
              "hiddenField": false,
              "hiddenTitle": false,
              "rowNumber": 29
            },
            "required": [
              "sukunimi",
              "etunimet"
            ],
            "properties": {
              "sukunimi": {
                "type": "string",
                "minLength": 1,
                "sosmeta": {
                  "name": [
                    {
                      "lang": "fi",
                      "value": "Sukunimi"
                    },
                    {
                      "lang": "sv",
                      "value": "Efternamn"
                    }
                  ],
                  "description": [
                    {
                      "lang": "fi",
                      "value": "-"
                    },
                    {
                      "lang": "sv",
                      "value": "-"
                    }
                  ],
                  "representation": [
                    {
                      "lang": "fi",
                      "value": "Nimi"
                    },
                    {
                      "lang": "sv",
                      "value": "Namn"
                    }
                  ],
                  "repeatable": false,
                  "required": true,
                  "conditionalRequired": false,
                  "nationwideRecordedInformation": false,
                  "hiddenField": false,
                  "hiddenTitle": false,
                  "rowNumber": 30
                }
              },
              "etunimet": {
                "type": "string",
                "minLength": 1,
                "sosmeta": {
                  "name": [
                    {
                      "lang": "fi",
                      "value": "Etunimet"
                    },
                    {
                      "lang": "sv",
                      "value": "Samtliga förnamn"
                    }
                  ],
                  "description": [
                    {
                      "lang": "fi",
                      "value": "-"
                    },
                    {
                      "lang": "sv",
                      "value": "-"
                    }
                  ],
                  "representation": [
                    {
                      "lang": "fi",
                      "value": "Nimi"
                    },
                    {
                      "lang": "sv",
                      "value": "Namn"
                    }
                  ],
                  "repeatable": false,
                  "required": true,
                  "conditionalRequired": false,
                  "nationwideRecordedInformation": false,
                  "hiddenField": false,
                  "hiddenTitle": false,
                  "rowNumber": 31
                }
              },
              "tehtavanimike": {
                "type": "string",
                "sosmeta": {
                  "name": [
                    {
                      "lang": "fi",
                      "value": "Tehtävänimike"
                    },
                    {
                      "lang": "sv",
                      "value": "Uppgiftsbeteckning"
                    }
                  ],
                  "description": [
                    {
                      "lang": "fi",
                      "value": "-"
                    },
                    {
                      "lang": "sv",
                      "value": "-"
                    }
                  ],
                  "example": [
                    {
                      "lang": "fi",
                      "value": "-"
                    },
                    {
                      "lang": "sv",
                      "value": "-"
                    }
                  ],
                  "representation": [
                    {
                      "lang": "fi",
                      "value": "Teksti"
                    },
                    {
                      "lang": "sv",
                      "value": "Text"
                    }
                  ],
                  "repeatable": false,
                  "required": false,
                  "conditionalRequired": false,
                  "nationwideRecordedInformation": false,
                  "hiddenField": false,
                  "hiddenTitle": false,
                  "rowNumber": 32
                }
              },
              "palveluyksikko": {
                "type": "object",
                "additionalProperties": false,
                "sosmeta": {
                  "name": [
                    {
                      "lang": "fi",
                      "value": "Palveluyksikkö"
                    },
                    {
                      "lang": "sv",
                      "value": "Serviceenhet"
                    }
                  ],
                  "description": [
                    {
                      "lang": "fi",
                      "value": "Kenttään kirjataan palveluyksikön nimi SOTE-organisaatiorekisterin avulla."
                    },
                    {
                      "lang": "sv",
                      "value": "I fältet antecknas namnet på serviceenheten enligt Organisationsregistret för social- och hälsovården."
                    }
                  ],
                  "example": [
                    {
                      "lang": "fi",
                      "value": "1.2.246.10.1012636.10.1.1.100768 \u003d Espoon keskuksen lastensuojelu, Espoon kaupunki, sosiaali- ja terveystoimi"
                    },
                    {
                      "lang": "sv",
                      "value": "1.2.246.10.1012636.10.1.1.100768 \u003d Esbo centrums barnskydd, Esbo stad, social- och hälsovårdssektorn"
                    }
                  ],
                  "classification": [
                    {
                      "lang": "fi",
                      "value": "Koodistopalvelin: THL - SOTE-organisaatiorekisteri 1.2.246.537.6.202"
                    },
                    {
                      "lang": "sv",
                      "value": "Kodtjänsten: THL - SOTE-organisationsregister 1.2.246.537.6.202"
                    }
                  ],
                  "classificationLink": [
                    {
                      "lang": "",
                      "value": "https://koodistopalvelu.kanta.fi/codeserver/pages/classification-view-page.xhtml?classificationKey\u003d421\u0026versionKey\u003d501"
                    }
                  ],
                  "classificationOid": [
                    {
                      "lang": "",
                      "value": "1.2.246.537.6.202"
                    }
                  ],
                  "representation": [
                    {
                      "lang": "fi",
                      "value": "Koodi"
                    },
                    {
                      "lang": "sv",
                      "value": "Kod"
                    }
                  ],
                  "repeatable": false,
                  "required": false,
                  "conditionalRequired": false,
                  "nationwideRecordedInformation": false,
                  "hiddenField": false,
                  "hiddenTitle": false,
                  "rowNumber": 33
                },
                "required": [
                  "system",
                  "code",
                  "display"
                ],
                "properties": {
                  "system": {
                    "type": "string",
                    "pattern": "^urn:oid:1\\.2\\.246\\.537\\.6\\.202(\\.\\d+)*$"
                  },
                  "code": {
                    "type": "string"
                  },
                  "display": {
                    "type": "string"
                  }
                }
              }
            }
          }
        }
      }
    }
  }
}