{
  "$schema": "http://json-schema.org/draft-07/schema#",
  "title": "\u0027Iäkkäiden palvelujen asiakassuunnitelma\u0027 JSON schema",
  "type": "object",
  "additionalProperties": false,
  "sosmeta": {
    "title": "\u0027Iäkkäiden palvelujen asiakassuunnitelma\u0027 JSON schema",
    "status": "Vanhentunut",
    "documentDefinitionVersion": "2023-09-08",
    "dataComponentLibraryVersion": "2023-09-07",
    "oid": "1.2.246.537.6.1506.15003.2023.9.8",
    "documentType": "Suunnitelma",
    "documentAuthor": "Ammattihenkilö",
    "documentSubject": "Iäkkäiden palvelujen asiakasasiakirjat"
  },
  "required": [
    "iakkaiden_palvelujen_asiakassuunnitelma"
  ],
  "properties": {
    "iakkaiden_palvelujen_asiakassuunnitelma": {
      "type": "object",
      "additionalProperties": false,
      "sosmeta": {
        "name": [
          {
            "lang": "fi",
            "value": "Iäkkäiden palvelujen asiakassuunnitelma"
          },
          {
            "lang": "sv",
            "value": "Klientplan inom äldreservicen"
          }
        ]
      },
      "required": [
        "asiakas",
        "laatija"
      ],
      "properties": {
        "asiakas": {
          "type": "array",
          "minItems": 1,
          "items": {
            "type": "object",
            "additionalProperties": false,
            "sosmeta": {
              "name": [
                {
                  "lang": "fi",
                  "value": "Asiakas"
                },
                {
                  "lang": "sv",
                  "value": "Klient"
                }
              ],
              "description": [
                {
                  "lang": "fi",
                  "value": "-"
                },
                {
                  "lang": "sv",
                  "value": "-"
                }
              ],
              "repeatable": true,
              "required": true,
              "conditionalRequired": false,
              "nationwideRecordedInformation": false,
              "hiddenField": false,
              "hiddenTitle": false,
              "rowNumber": 1
            },
            "required": [
              "sukunimi",
              "etunimet",
              "henkilotunnus"
            ],
            "properties": {
              "sukunimi": {
                "type": "string",
                "minLength": 1,
                "sosmeta": {
                  "name": [
                    {
                      "lang": "fi",
                      "value": "Sukunimi"
                    },
                    {
                      "lang": "sv",
                      "value": "Efternamn"
                    }
                  ],
                  "description": [
                    {
                      "lang": "fi",
                      "value": "-"
                    },
                    {
                      "lang": "sv",
                      "value": "-"
                    }
                  ],
                  "example": [
                    {
                      "lang": "fi",
                      "value": "-"
                    },
                    {
                      "lang": "sv",
                      "value": "-"
                    }
                  ],
                  "representation": [
                    {
                      "lang": "fi",
                      "value": "Nimi"
                    },
                    {
                      "lang": "sv",
                      "value": "Namn"
                    }
                  ],
                  "repeatable": false,
                  "required": true,
                  "conditionalRequired": false,
                  "nationwideRecordedInformation": false,
                  "hiddenField": false,
                  "hiddenTitle": false,
                  "rowNumber": 2
                }
              },
              "etunimet": {
                "type": "string",
                "minLength": 1,
                "sosmeta": {
                  "name": [
                    {
                      "lang": "fi",
                      "value": "Etunimet"
                    },
                    {
                      "lang": "sv",
                      "value": "Samtliga förnamn"
                    }
                  ],
                  "description": [
                    {
                      "lang": "fi",
                      "value": "-"
                    },
                    {
                      "lang": "sv",
                      "value": "-"
                    }
                  ],
                  "example": [
                    {
                      "lang": "fi",
                      "value": "-"
                    },
                    {
                      "lang": "sv",
                      "value": "-"
                    }
                  ],
                  "representation": [
                    {
                      "lang": "fi",
                      "value": "Nimi"
                    },
                    {
                      "lang": "sv",
                      "value": "Namn"
                    }
                  ],
                  "repeatable": false,
                  "required": true,
                  "conditionalRequired": false,
                  "nationwideRecordedInformation": false,
                  "hiddenField": false,
                  "hiddenTitle": false,
                  "rowNumber": 3
                }
              },
              "henkilotunnus": {
                "type": "object",
                "additionalProperties": false,
                "sosmeta": {
                  "name": [
                    {
                      "lang": "fi",
                      "value": "Henkilötunnus"
                    },
                    {
                      "lang": "sv",
                      "value": "Personbeteckning"
                    }
                  ],
                  "description": [
                    {
                      "lang": "fi",
                      "value": "-"
                    },
                    {
                      "lang": "sv",
                      "value": "-"
                    }
                  ],
                  "example": [
                    {
                      "lang": "fi",
                      "value": "-"
                    },
                    {
                      "lang": "sv",
                      "value": "-"
                    }
                  ],
                  "implementationNote": [
                    {
                      "lang": "fi",
                      "value": "Kenttä on pakollinen TK Yksityishenkilön määrityksestä poiketen."
                    },
                    {
                      "lang": "sv",
                      "value": "Kenttä on pakollinen TK Yksityishenkilön määrityksestä poiketen."
                    }
                  ],
                  "representation": [
                    {
                      "lang": "fi",
                      "value": "Tunnus"
                    },
                    {
                      "lang": "sv",
                      "value": "Identifierare"
                    }
                  ],
                  "systemUri": [
                    {
                      "lang": "",
                      "value": "urn:oid:1.2.246.21"
                    }
                  ],
                  "repeatable": false,
                  "required": true,
                  "conditionalRequired": false,
                  "nationwideRecordedInformation": false,
                  "hiddenField": false,
                  "hiddenTitle": false,
                  "rowNumber": 4
                },
                "required": [
                  "value"
                ],
                "properties": {
                  "system": {
                    "type": "string"
                  },
                  "value": {
                    "type": "string"
                  }
                }
              }
            }
          }
        },
        "suunnitelma": {
          "type": "object",
          "additionalProperties": false,
          "sosmeta": {
            "name": [
              {
                "lang": "fi",
                "value": "Suunnitelma"
              },
              {
                "lang": "sv",
                "value": "Plan"
              }
            ],
            "description": [
              {
                "lang": "fi",
                "value": "-"
              },
              {
                "lang": "sv",
                "value": "-"
              }
            ],
            "repeatable": false,
            "required": false,
            "conditionalRequired": false,
            "nationwideRecordedInformation": false,
            "hiddenField": true,
            "hiddenTitle": false,
            "rowNumber": 5
          },
          "required": [],
          "properties": {
            "tiedot_neuvottelusta_jossa_tama_suunnitelma_on_tehty": {
              "type": "array",
              "minItems": 0,
              "items": {
                "type": "object",
                "additionalProperties": false,
                "sosmeta": {
                  "name": [
                    {
                      "lang": "fi",
                      "value": "Tiedot neuvottelusta jossa tämä suunnitelma on tehty"
                    },
                    {
                      "lang": "sv",
                      "value": "Information om överläggning där planen har upprättats"
                    }
                  ],
                  "description": [
                    {
                      "lang": "fi",
                      "value": "-"
                    },
                    {
                      "lang": "sv",
                      "value": "-"
                    }
                  ],
                  "implementationNote": [
                    {
                      "lang": "fi",
                      "value": "Otsikko näytetään vain kerran, vaikka tietokokonaisuus toistuu."
                    },
                    {
                      "lang": "sv",
                      "value": "Otsikko näytetään vain kerran, vaikka tietokokonaisuus toistuu."
                    }
                  ],
                  "repeatable": true,
                  "required": false,
                  "conditionalRequired": false,
                  "nationwideRecordedInformation": false,
                  "hiddenField": false,
                  "hiddenTitle": false,
                  "rowNumber": 6
                },
                "required": [],
                "properties": {
                  "paivamaara": {
                    "type": "string",
                    "pattern": "^-?[0-9]{4}(-(0[1-9]|1[0-2])(-(0[0-9]|[1-2][0-9]|3[0-1]))?)?$",
                    "sosmeta": {
                      "name": [
                        {
                          "lang": "fi",
                          "value": "Päivämäärä"
                        },
                        {
                          "lang": "sv",
                          "value": "Datum"
                        }
                      ],
                      "description": [
                        {
                          "lang": "fi",
                          "value": "Kenttään kirjataan neuvottelun päivämäärä."
                        },
                        {
                          "lang": "sv",
                          "value": "I fältet antecknas datum för överläggningen."
                        }
                      ],
                      "representation": [
                        {
                          "lang": "fi",
                          "value": "Pvm"
                        },
                        {
                          "lang": "sv",
                          "value": "Datum"
                        }
                      ],
                      "repeatable": false,
                      "required": false,
                      "conditionalRequired": false,
                      "nationwideRecordedInformation": true,
                      "hiddenField": false,
                      "hiddenTitle": false,
                      "rowNumber": 7
                    }
                  },
                  "paikka": {
                    "type": "string",
                    "sosmeta": {
                      "name": [
                        {
                          "lang": "fi",
                          "value": "Paikka"
                        },
                        {
                          "lang": "sv",
                          "value": "Plats"
                        }
                      ],
                      "description": [
                        {
                          "lang": "fi",
                          "value": "Kenttään kirjataan neuvottelupaikka."
                        },
                        {
                          "lang": "sv",
                          "value": "I fältet antecknas platsen för överläggningen."
                        }
                      ],
                      "example": [
                        {
                          "lang": "fi",
                          "value": "-"
                        },
                        {
                          "lang": "sv",
                          "value": "-"
                        }
                      ],
                      "representation": [
                        {
                          "lang": "fi",
                          "value": "Teksti"
                        },
                        {
                          "lang": "sv",
                          "value": "Text"
                        }
                      ],
                      "repeatable": false,
                      "required": false,
                      "conditionalRequired": false,
                      "nationwideRecordedInformation": false,
                      "hiddenField": false,
                      "hiddenTitle": false,
                      "rowNumber": 8
                    }
                  },
                  "osallistujat": {
                    "type": "string",
                    "sosmeta": {
                      "name": [
                        {
                          "lang": "fi",
                          "value": "Osallistujat"
                        },
                        {
                          "lang": "sv",
                          "value": "Deltagare"
                        }
                      ],
                      "description": [
                        {
                          "lang": "fi",
                          "value": "Kenttään kirjataan suunnitelmaneuvotteluun osallistuneiden yksityis- ja ammattihenkilöiden tiedot. Kenttään kirjataan osallistujien nimet ja kuvataan osallistujan suhde asiakkaaseen tai rooli asiassa. Ammattihenkilöltä kirjataan organisaatio ja tehtävänimike."
                        },
                        {
                          "lang": "sv",
                          "value": "I fältet antecknas uppgifter om privatpersonerna och de yrkesutbildade personerna som deltog i överläggningen. I fältet antecknas deltagarnas namn och deras relation till klienten eller roll i ärendet. För en yrkesutbildad person antecknas organisationen och uppgiftsbeteckningen."
                        }
                      ],
                      "representation": [
                        {
                          "lang": "fi",
                          "value": "Teksti"
                        },
                        {
                          "lang": "sv",
                          "value": "Text"
                        }
                      ],
                      "repeatable": false,
                      "required": false,
                      "conditionalRequired": false,
                      "nationwideRecordedInformation": false,
                      "hiddenField": false,
                      "hiddenTitle": false,
                      "rowNumber": 9
                    }
                  }
                }
              }
            },
            "kuvaus_asiakkaan_tilanteesta": {
              "type": "string",
              "sosmeta": {
                "name": [
                  {
                    "lang": "fi",
                    "value": "Kuvaus asiakkaan tilanteesta"
                  },
                  {
                    "lang": "sv",
                    "value": "Beskrivning av klientens situation"
                  }
                ],
                "description": [
                  {
                    "lang": "fi",
                    "value": "Kenttään kuvataan tekstinä asiakkaan nykytilannetta. Kenttään kirjataan myös asiakkaan kokemus omasta kokonaistilanteestaan ja siitä, kuinka tilanne on muuttunut edellisen suunnitelmaneuvottelun jälkeen. Kenttään voidaan tarvittaessa kirjata myös asiakkaan läheisen näkemys."
                  },
                  {
                    "lang": "sv",
                    "value": "I fältet beskrivs klientens nuläge med fri text. I fältet antecknas också klientens upplevelse av sin egen helhetssituation och hur situationen har förändrats sedan föregående överläggning om planen. I fältet kan man vid behov också anteckna klientens närståendes åsikt."
                  }
                ],
                "representation": [
                  {
                    "lang": "fi",
                    "value": "Teksti"
                  },
                  {
                    "lang": "sv",
                    "value": "Text"
                  }
                ],
                "repeatable": false,
                "required": false,
                "conditionalRequired": false,
                "nationwideRecordedInformation": false,
                "hiddenField": false,
                "hiddenTitle": false,
                "rowNumber": 10
              }
            },
            "asiakkaan_terveys_ja_toimintakyky": {
              "type": "string",
              "sosmeta": {
                "name": [
                  {
                    "lang": "fi",
                    "value": "Asiakkaan terveys ja toimintakyky"
                  },
                  {
                    "lang": "sv",
                    "value": "Klientens hälsa och funktionsförmåga"
                  }
                ],
                "description": [
                  {
                    "lang": "fi",
                    "value": "Kenttään kuvataan asiakkaan terveyttä ja toimintakykyä, jos se on suunniteltavan palvelun kannalta oleellista. Tarkemmat tiedot toimintakyvystä kirjataan merkintään toimintakyvystä ja toimintakykyarvioon. Kenttään voi kirjata tiedon siitä, että toimintakyvyn arvio on tehty vanhuspalvelulain mukaisesti RAI-arviointivälineellä."
                  },
                  {
                    "lang": "sv",
                    "value": "I fältet beskrivs klientens hälsa och funktionsförmåga, om det är väsentligt med tanke på den service som planeras. Noggrannare uppgifter om funktionsförmågan antecknas i anteckningar om funktionsförmågan och bedömning av funktionsförmågan. I fältet kan man anteckna uppgiften om, att bedömningen av funktionsförmågan har gjorts med RAI-bedömningsverktyget i enlighet med äldreservicelagen."
                  }
                ],
                "representation": [
                  {
                    "lang": "fi",
                    "value": "Teksti"
                  },
                  {
                    "lang": "sv",
                    "value": "Text"
                  }
                ],
                "repeatable": false,
                "required": false,
                "conditionalRequired": false,
                "nationwideRecordedInformation": false,
                "hiddenField": false,
                "hiddenTitle": false,
                "rowNumber": 11
              }
            },
            "palvelut_joita_asiakas_talla_hetkella_saa": {
              "type": "string",
              "sosmeta": {
                "name": [
                  {
                    "lang": "fi",
                    "value": "Palvelut joita asiakas tällä hetkellä saa"
                  },
                  {
                    "lang": "sv",
                    "value": "Service som klienten får för närvarande"
                  }
                ],
                "description": [
                  {
                    "lang": "fi",
                    "value": "Kenttään kirjataan asiakkaan tämän hetkiset palvelut."
                  },
                  {
                    "lang": "sv",
                    "value": "I fältet antecknas servicen som klienten får för närvarande."
                  }
                ],
                "representation": [
                  {
                    "lang": "fi",
                    "value": "Teksti"
                  },
                  {
                    "lang": "sv",
                    "value": "Text"
                  }
                ],
                "repeatable": false,
                "required": false,
                "conditionalRequired": false,
                "nationwideRecordedInformation": false,
                "hiddenField": false,
                "hiddenTitle": false,
                "rowNumber": 12
              }
            },
            "asiakkaan_arvio_tarvittavasta_tuesta": {
              "type": "string",
              "sosmeta": {
                "name": [
                  {
                    "lang": "fi",
                    "value": "Asiakkaan arvio tarvittavasta tuesta"
                  },
                  {
                    "lang": "sv",
                    "value": "Klientens bedömning av stödbehovet"
                  }
                ],
                "title": [
                  {
                    "lang": "fi",
                    "value": "Asiakkaan arvio siitä millaista tukea ja mitä palveluja hän tarvitsee"
                  },
                  {
                    "lang": "sv",
                    "value": "Klientens bedömning av vilken typ av stöd och service han eller hon behöver"
                  }
                ],
                "description": [
                  {
                    "lang": "fi",
                    "value": "Kenttään kirjataan asiakkaan oma arvio tuen ja palvelun tarpeesta."
                  },
                  {
                    "lang": "sv",
                    "value": "I fältet antecknas klientens egen bedömning av behovet av stöd och service."
                  }
                ],
                "representation": [
                  {
                    "lang": "fi",
                    "value": "Teksti"
                  },
                  {
                    "lang": "sv",
                    "value": "Text"
                  }
                ],
                "repeatable": false,
                "required": false,
                "conditionalRequired": false,
                "nationwideRecordedInformation": false,
                "hiddenField": false,
                "hiddenTitle": false,
                "rowNumber": 13
              }
            },
            "ammattihenkilon_arvio_tarvittavasta_tuesta": {
              "type": "string",
              "sosmeta": {
                "name": [
                  {
                    "lang": "fi",
                    "value": "Ammattihenkilön arvio tarvittavasta tuesta"
                  },
                  {
                    "lang": "sv",
                    "value": "Den yrkesutbildade personens bedömning av stödbehovet"
                  }
                ],
                "title": [
                  {
                    "lang": "fi",
                    "value": "Ammattihenkilön arvio siitä millaista tukea ja mitä palveluja asiakas tarvitsee"
                  },
                  {
                    "lang": "sv",
                    "value": "En yrkesutbildad persons bedömning av vilken typ av stöd och service klienten behöver"
                  }
                ],
                "description": [
                  {
                    "lang": "fi",
                    "value": "Kenttään kirjataan sosiaalihuollon ammattihenkilön näkemys asiakkaan tuen ja palvelun tarpeesta (SHL 39 §). Kenttään kirjataan myös omatyöntekijän tai muun asiakkaan palveluista vastaavan työntekijän arvio asiakkaan terveyden tai kehityksen kannalta välttämättömistä sosiaalipalveluista (SHL 39 §). Terveydelle ja hyvinvoinnille välttämättömien sosiaalipalvelujen alkamisajankohta ja kesto voidaan kirjata joko tähän kenttään tai erilliseen kenttään suunniteltavien sosiaalipalvelujen kohtaan."
                  },
                  {
                    "lang": "sv",
                    "value": "I fältet antecknas vilken åsikt en yrkesutbildad person inom socialvården har om klientens behov av stöd och service (SVL 39 §). I fältet antecknas också en bedömning som görs av den egna kontaktpersonen eller av en annan arbetstagare som ansvarar för klientens service, av den socialservice som är nödvändig med hänsyn till klientens hälsa eller utveckling (SVL 39 §). Tidpunkten när den socialservice som är nödvändig för klientens hälsa och välfärd samt dess varaktighet kan antecknas antingen i det här fältet eller i ett separat fält under punkten socialservice som planeras."
                  }
                ],
                "representation": [
                  {
                    "lang": "fi",
                    "value": "Teksti"
                  },
                  {
                    "lang": "sv",
                    "value": "Text"
                  }
                ],
                "repeatable": false,
                "required": false,
                "conditionalRequired": false,
                "nationwideRecordedInformation": false,
                "hiddenField": false,
                "hiddenTitle": false,
                "rowNumber": 14
              }
            },
            "asiakkaan_vahvuudet_ja_voimavarat": {
              "type": "string",
              "sosmeta": {
                "name": [
                  {
                    "lang": "fi",
                    "value": "Asiakkaan vahvuudet ja voimavarat"
                  },
                  {
                    "lang": "sv",
                    "value": "Klientens starka sidor och resurser"
                  }
                ],
                "description": [
                  {
                    "lang": "fi",
                    "value": "Kenttään kuvataan asiakkaan vahvuuksia ja voimavaroja."
                  },
                  {
                    "lang": "sv",
                    "value": "I fältet beskrivs klientens starka sidor och resurser."
                  }
                ],
                "representation": [
                  {
                    "lang": "fi",
                    "value": "Teksti"
                  },
                  {
                    "lang": "sv",
                    "value": "Text"
                  }
                ],
                "repeatable": false,
                "required": false,
                "conditionalRequired": false,
                "nationwideRecordedInformation": false,
                "hiddenField": false,
                "hiddenTitle": false,
                "rowNumber": 15
              }
            },
            "edellisen_suunnitelman_tavoitteiden_saavuttaminen": {
              "type": "object",
              "additionalProperties": false,
              "sosmeta": {
                "name": [
                  {
                    "lang": "fi",
                    "value": "Edellisen suunnitelman tavoitteiden saavuttaminen"
                  },
                  {
                    "lang": "sv",
                    "value": "Uppnående av målen i föregående plan"
                  }
                ],
                "description": [
                  {
                    "lang": "fi",
                    "value": "Tähän kirjataan kuinka edellisessä suunnitelmassa asetut tavoitteet on kokonaisuudessaan saavutettu."
                  },
                  {
                    "lang": "sv",
                    "value": "Här antecknar man hur de mål som fastställdes i den föregående planen har uppnåtts i sin helhet."
                  }
                ],
                "repeatable": false,
                "required": false,
                "conditionalRequired": false,
                "nationwideRecordedInformation": false,
                "hiddenField": false,
                "hiddenTitle": false,
                "rowNumber": 16
              },
              "required": [],
              "properties": {
                "arvio": {
                  "type": "object",
                  "additionalProperties": false,
                  "sosmeta": {
                    "name": [
                      {
                        "lang": "fi",
                        "value": "Arvio"
                      },
                      {
                        "lang": "sv",
                        "value": "Bedömning"
                      }
                    ],
                    "description": [
                      {
                        "lang": "fi",
                        "value": "Kenttään kirjataan luokituksen avulla arvio edellisessä suunnitelmassa asetettujen tavoitteiden saavuttamisesta."
                      },
                      {
                        "lang": "sv",
                        "value": "I fältet antecknas en bedömning av hur målen som fastställts i tidigare planen har uppnåtts med hjälp av klassificeringen."
                      }
                    ],
                    "classification": [
                      {
                        "lang": "fi",
                        "value": "Koodistopalvelin: Sosiaalihuolto - Tavoitteen saavuttamisen arvio 1.2.246.537.6.1253"
                      },
                      {
                        "lang": "sv",
                        "value": "Kodtjänsten: Socialvård - Bedömning av hur mål har uppnåtts 1.2.246.537.6.1253"
                      }
                    ],
                    "classificationLink": [
                      {
                        "lang": "",
                        "value": "https://koodistopalvelu.kanta.fi/codeserver/pages/classification-view-page.xhtml?classificationKey\u003d1806\u0026versionKey\u003d2046"
                      }
                    ],
                    "classificationOid": [
                      {
                        "lang": "",
                        "value": "1.2.246.537.6.1253"
                      }
                    ],
                    "representation": [
                      {
                        "lang": "fi",
                        "value": "Koodi"
                      },
                      {
                        "lang": "sv",
                        "value": "Kod"
                      }
                    ],
                    "repeatable": false,
                    "required": false,
                    "conditionalRequired": false,
                    "nationwideRecordedInformation": true,
                    "hiddenField": false,
                    "hiddenTitle": false,
                    "rowNumber": 17
                  },
                  "required": [
                    "system",
                    "code",
                    "display"
                  ],
                  "properties": {
                    "system": {
                      "type": "string",
                      "pattern": "^urn:oid:1\\.2\\.246\\.537\\.6\\.1253(\\.\\d+)*$"
                    },
                    "code": {
                      "type": "string"
                    },
                    "display": {
                      "type": "string"
                    }
                  }
                },
                "sanallinen_arvio": {
                  "type": "string",
                  "sosmeta": {
                    "name": [
                      {
                        "lang": "fi",
                        "value": "Sanallinen arvio"
                      },
                      {
                        "lang": "sv",
                        "value": "Verbal bedömning"
                      }
                    ],
                    "description": [
                      {
                        "lang": "fi",
                        "value": "Kenttään kuvataan ja arvioidaan tekstinä edellisessä suunnitelmassa asetettujen tavoitteiden saavuttamista."
                      },
                      {
                        "lang": "sv",
                        "value": "I fältet beskrivs hur målen som fastställts i tidigare planen har uppnåtts med fri text."
                      }
                    ],
                    "representation": [
                      {
                        "lang": "fi",
                        "value": "Teksti"
                      },
                      {
                        "lang": "sv",
                        "value": "Text"
                      }
                    ],
                    "repeatable": false,
                    "required": false,
                    "conditionalRequired": false,
                    "nationwideRecordedInformation": false,
                    "hiddenField": false,
                    "hiddenTitle": false,
                    "rowNumber": 18
                  }
                }
              }
            },
            "asetettavat_tavoitteet": {
              "type": "array",
              "minItems": 0,
              "items": {
                "type": "object",
                "additionalProperties": false,
                "sosmeta": {
                  "name": [
                    {
                      "lang": "fi",
                      "value": "Asetettavat tavoitteet"
                    },
                    {
                      "lang": "sv",
                      "value": "Mål som ska fastställas"
                    }
                  ],
                  "description": [
                    {
                      "lang": "fi",
                      "value": "Tähän kirjataan asetettavat tavoitteet."
                    },
                    {
                      "lang": "sv",
                      "value": "Här antecknas målen som ska fastställas."
                    }
                  ],
                  "implementationNote": [
                    {
                      "lang": "fi",
                      "value": "Otsikko näytetään vain kerran, vaikka tietokokonaisuus toistuu."
                    },
                    {
                      "lang": "sv",
                      "value": "Otsikko näytetään vain kerran, vaikka tietokokonaisuus toistuu."
                    }
                  ],
                  "repeatable": true,
                  "required": false,
                  "conditionalRequired": false,
                  "nationwideRecordedInformation": false,
                  "hiddenField": false,
                  "hiddenTitle": false,
                  "rowNumber": 19
                },
                "required": [],
                "properties": {
                  "nimi": {
                    "type": "string",
                    "sosmeta": {
                      "name": [
                        {
                          "lang": "fi",
                          "value": "Nimi"
                        },
                        {
                          "lang": "sv",
                          "value": "Namn"
                        }
                      ],
                      "description": [
                        {
                          "lang": "fi",
                          "value": "Kenttään kirjataan tavoitteen nimi."
                        },
                        {
                          "lang": "sv",
                          "value": "I fältet antecknas namnet på målet."
                        }
                      ],
                      "representation": [
                        {
                          "lang": "fi",
                          "value": "Nimi"
                        },
                        {
                          "lang": "sv",
                          "value": "Namn"
                        }
                      ],
                      "repeatable": false,
                      "required": false,
                      "conditionalRequired": false,
                      "nationwideRecordedInformation": false,
                      "hiddenField": false,
                      "hiddenTitle": false,
                      "rowNumber": 20
                    }
                  },
                  "kuvaus": {
                    "type": "string",
                    "sosmeta": {
                      "name": [
                        {
                          "lang": "fi",
                          "value": "Kuvaus"
                        },
                        {
                          "lang": "sv",
                          "value": "Beskrivning"
                        }
                      ],
                      "description": [
                        {
                          "lang": "fi",
                          "value": "Kenttään kuvataan tekstinä tavoitetta."
                        },
                        {
                          "lang": "sv",
                          "value": "I fältet beskrivs målet i textform."
                        }
                      ],
                      "representation": [
                        {
                          "lang": "fi",
                          "value": "Teksti"
                        },
                        {
                          "lang": "sv",
                          "value": "Text"
                        }
                      ],
                      "repeatable": false,
                      "required": false,
                      "conditionalRequired": false,
                      "nationwideRecordedInformation": false,
                      "hiddenField": false,
                      "hiddenTitle": false,
                      "rowNumber": 21
                    }
                  }
                }
              }
            },
            "palvelut_joita_asiakkaalle_suunnitellaan": {
              "type": "array",
              "minItems": 0,
              "items": {
                "type": "object",
                "additionalProperties": false,
                "sosmeta": {
                  "name": [
                    {
                      "lang": "fi",
                      "value": "Palvelut joita asiakkaalle suunnitellaan"
                    },
                    {
                      "lang": "sv",
                      "value": "Service som planeras för klienten"
                    }
                  ],
                  "description": [
                    {
                      "lang": "fi",
                      "value": "Tähän kirjataan asiakkaalle suunniteltavia palveluja koskevat tiedot."
                    },
                    {
                      "lang": "sv",
                      "value": "Här antecknas uppgifter om servicen som planeras för klienten."
                    }
                  ],
                  "implementationNote": [
                    {
                      "lang": "fi",
                      "value": "Otsikko näytetään vain kerran, vaikka tietokokonaisuus toistuu."
                    },
                    {
                      "lang": "sv",
                      "value": "Otsikko näytetään vain kerran, vaikka tietokokonaisuus toistuu."
                    }
                  ],
                  "repeatable": true,
                  "required": false,
                  "conditionalRequired": false,
                  "nationwideRecordedInformation": false,
                  "hiddenField": false,
                  "hiddenTitle": false,
                  "rowNumber": 22
                },
                "required": [],
                "properties": {
                  "sosiaalipalvelu": {
                    "type": "object",
                    "additionalProperties": false,
                    "sosmeta": {
                      "name": [
                        {
                          "lang": "fi",
                          "value": "Sosiaalipalvelu"
                        },
                        {
                          "lang": "sv",
                          "value": "Socialservice"
                        }
                      ],
                      "description": [
                        {
                          "lang": "fi",
                          "value": "Kenttään kirjataan luokituksen avulla mikä sosiaalipalvelu on kyseessä."
                        },
                        {
                          "lang": "sv",
                          "value": "I fältet antecknas vilken socialservice det är fråga om med hjälp av klassificeringen."
                        }
                      ],
                      "classification": [
                        {
                          "lang": "fi",
                          "value": "Koodistopalvelin: Sosiaalihuolto - Sosiaalipalvelut 1.2.246.537.6.1222"
                        },
                        {
                          "lang": "sv",
                          "value": "Kodtjänsten: Socialvård - Socialservice 1.2.246.537.6.1222"
                        }
                      ],
                      "classificationLink": [
                        {
                          "lang": "",
                          "value": "https://koodistopalvelu.kanta.fi/codeserver/pages/classification-view-page.xhtml?classificationKey\u003d703\u0026versionKey\u003d2683"
                        }
                      ],
                      "classificationOid": [
                        {
                          "lang": "",
                          "value": "1.2.246.537.6.1222"
                        }
                      ],
                      "representation": [
                        {
                          "lang": "fi",
                          "value": "Koodi"
                        },
                        {
                          "lang": "sv",
                          "value": "Kod"
                        }
                      ],
                      "repeatable": false,
                      "required": false,
                      "conditionalRequired": false,
                      "nationwideRecordedInformation": true,
                      "hiddenField": false,
                      "hiddenTitle": false,
                      "rowNumber": 23
                    },
                    "required": [
                      "system",
                      "code",
                      "display"
                    ],
                    "properties": {
                      "system": {
                        "type": "string",
                        "pattern": "^urn:oid:1\\.2\\.246\\.537\\.6\\.1222(\\.\\d+)*$"
                      },
                      "code": {
                        "type": "string"
                      },
                      "display": {
                        "type": "string"
                      }
                    }
                  },
                  "kuvaus": {
                    "type": "string",
                    "sosmeta": {
                      "name": [
                        {
                          "lang": "fi",
                          "value": "Kuvaus"
                        },
                        {
                          "lang": "sv",
                          "value": "Beskrivning"
                        }
                      ],
                      "description": [
                        {
                          "lang": "fi",
                          "value": "Kenttään kuvataan tekstinä asiakkaalle suunniteltavaa palvelua tai perustellaan miksi suunniteltu sosiaalipalvelu on omatyöntekijän arvion mukaan välttämätön sosiaalipalvelu."
                        },
                        {
                          "lang": "sv",
                          "value": "I fältet beskriver man i textform den service som planeras för klienten eller motiverar varför den planerade socialservicen enligt bedömning av den egna kontaktpersonen är nödvändig socialservice."
                        }
                      ],
                      "representation": [
                        {
                          "lang": "fi",
                          "value": "Teksti"
                        },
                        {
                          "lang": "sv",
                          "value": "Text"
                        }
                      ],
                      "repeatable": false,
                      "required": false,
                      "conditionalRequired": false,
                      "nationwideRecordedInformation": false,
                      "hiddenField": false,
                      "hiddenTitle": false,
                      "rowNumber": 24
                    }
                  },
                  "arvioitu_alkamisajankohta_ja_kesto": {
                    "type": "string",
                    "sosmeta": {
                      "name": [
                        {
                          "lang": "fi",
                          "value": "Arvioitu alkamisajankohta ja kesto"
                        },
                        {
                          "lang": "sv",
                          "value": "Uppskattad inledningstidpunkt och varaktighet"
                        }
                      ],
                      "description": [
                        {
                          "lang": "fi",
                          "value": "Kenttään voidaan kirjata arvio suunniteltavan palvelun alkamisajankohdasta ja kestosta. Jos asiakkaan kehityksen ja terveyden kannalta välttämättömien sosiaalipalvelujen kestoa ja alkamisajankohtaa ei ole kirjattu kenttään \"Ammattihenkilön arvio siitä millaista tukea ja mitä palveluja asiakas tarvitsee\", on niiden arvioitu alkamisajankohta ja kesto kirjattava tähän kenttään (sosiaalihuoltolaki 39 §)."
                        },
                        {
                          "lang": "sv",
                          "value": "I fältet kan man anteckna en uppskattning av tidpunkten för inledning av den planerade servicen och dess varaktighet. Om varaktigheten och tidpunkten för inledning av socialservice som är nödvändning med tanke på klientens utveckling och hälsa inte har antecknats i fältet ”En yrkesutbildad persons bedömning av vilken typ av stöd och service klienten behöver”, ska den uppskattade tidpunkten för inledning och varaktigheten för den antecknas här (socialvårdslagen 39 §)."
                        }
                      ],
                      "representation": [
                        {
                          "lang": "fi",
                          "value": "Teksti"
                        },
                        {
                          "lang": "sv",
                          "value": "Text"
                        }
                      ],
                      "repeatable": false,
                      "required": false,
                      "conditionalRequired": false,
                      "nationwideRecordedInformation": false,
                      "hiddenField": false,
                      "hiddenTitle": false,
                      "rowNumber": 25
                    }
                  }
                }
              }
            },
            "muut_palvelut_ja_keinot": {
              "type": "string",
              "sosmeta": {
                "name": [
                  {
                    "lang": "fi",
                    "value": "Muut palvelut ja keinot"
                  },
                  {
                    "lang": "sv",
                    "value": "Övriga tjänster och metoder"
                  }
                ],
                "title": [
                  {
                    "lang": "fi",
                    "value": "Muut palvelut ja keinot tavoitteiden saavuttamiseksi ja tuen tarpeeseen vastaamiseksi"
                  },
                  {
                    "lang": "sv",
                    "value": "Övriga tjänster och metoder för att uppnå målen och möta stödbehovet"
                  }
                ],
                "description": [
                  {
                    "lang": "fi",
                    "value": "Kenttään kirjataan edellisessä kohdassa kuvattujen sosiaalipalvelujen lisäksi muut palvelut ja muut keinot, joilla tavoitteet pyritään saavuttamaan ja tuen tarpeeseen vastaamaan."
                  },
                  {
                    "lang": "sv",
                    "value": "I fältet antecknas utöver den socialservice som beskrivits i föregående punkt också andra tjänster och andra metoder med vilka man strävar efter att uppfylla målen och möta stödbehovet."
                  }
                ],
                "representation": [
                  {
                    "lang": "fi",
                    "value": "Teksti"
                  },
                  {
                    "lang": "sv",
                    "value": "Text"
                  }
                ],
                "repeatable": false,
                "required": false,
                "conditionalRequired": false,
                "nationwideRecordedInformation": false,
                "hiddenField": false,
                "hiddenTitle": false,
                "rowNumber": 26
              }
            },
            "palvelunantajat_ja_heidan_vastuunsa": {
              "type": "string",
              "sosmeta": {
                "name": [
                  {
                    "lang": "fi",
                    "value": "Palvelunantajat ja heidän vastuunsa"
                  },
                  {
                    "lang": "sv",
                    "value": "Tjänstetillhandahållarna och deras ansvar"
                  }
                ],
                "title": [
                  {
                    "lang": "fi",
                    "value": "Asiakkaan tukemiseen osallistuvat palvelunantajat ja heidän vastuunsa"
                  },
                  {
                    "lang": "sv",
                    "value": "Tillhandahållare av tjänster som deltar i stödet av klienten och deras ansvar"
                  }
                ],
                "description": [
                  {
                    "lang": "fi",
                    "value": "Kenttään kirjataan eri alojen yhteystyötahot, jotka osallistuvat asiakkaan tarpeisiin vastaamiseen ja kuvataan vastuiden jakautuminen niiden kesken (SHL 39 §). Kenttään voidaan kuvata myös sovittuja yhteistyökäytäntöjä."
                  },
                  {
                    "lang": "sv",
                    "value": "I fältet antecknas samarbetspartner i olika sektorer som deltar i att möta klientens behov samt beskrivs ansvarsfördelningen mellan samarbetspartnerna (socialvårdslagen 39 §). I fältet kan man också beskriva överenskomna samarbetsförfaranden."
                  }
                ],
                "representation": [
                  {
                    "lang": "fi",
                    "value": "Teksti"
                  },
                  {
                    "lang": "sv",
                    "value": "Text"
                  }
                ],
                "repeatable": false,
                "required": false,
                "conditionalRequired": false,
                "nationwideRecordedInformation": false,
                "hiddenField": false,
                "hiddenTitle": false,
                "rowNumber": 27
              }
            },
            "yksityishenkilot_ja_heidan_tehtavansa": {
              "type": "string",
              "sosmeta": {
                "name": [
                  {
                    "lang": "fi",
                    "value": "Yksityishenkilöt ja heidän tehtävänsä"
                  },
                  {
                    "lang": "sv",
                    "value": "Privatpersoner och deras uppgifter"
                  }
                ],
                "title": [
                  {
                    "lang": "fi",
                    "value": "Asiakkaan tukemiseen osallistuvat yksityishenkilöt ja heidän tehtävänsä"
                  },
                  {
                    "lang": "sv",
                    "value": "Privatpersoner som deltar i stödet av klienten och deras uppgifter"
                  }
                ],
                "description": [
                  {
                    "lang": "fi",
                    "value": "Kenttään kirjataan asiakkaan tukemiseen osallistuvat yksityishenkilöt ja kuvataan heidän toimia ja antamaa tukea, joiden avulla suunnitelmassa asetetut tavoitteet pyritään saavuttamaan (laki sosiaalihuollon asiakasasiakirjoista 16 §)."
                  },
                  {
                    "lang": "sv",
                    "value": "I fältet antecknas de privatpersoner som deltar i stödet till klienten och beskrivs deras åtgärder och stöd i strävan att uppnå de mål som har fastställts i planen (16 § i lagen om klienthandlingar inom socialvården)."
                  }
                ],
                "representation": [
                  {
                    "lang": "fi",
                    "value": "Teksti"
                  },
                  {
                    "lang": "sv",
                    "value": "Text"
                  }
                ],
                "repeatable": false,
                "required": false,
                "conditionalRequired": false,
                "nationwideRecordedInformation": false,
                "hiddenField": false,
                "hiddenTitle": false,
                "rowNumber": 28
              }
            },
            "suunnitelma_asiakkaan_ja_omatyontekijan_tapaamisista": {
              "type": "string",
              "sosmeta": {
                "name": [
                  {
                    "lang": "fi",
                    "value": "Suunnitelma asiakkaan ja omatyöntekijän tapaamisista"
                  },
                  {
                    "lang": "sv",
                    "value": "Plan för möten mellan klienten och klientens egen kontaktperson"
                  }
                ],
                "description": [
                  {
                    "lang": "fi",
                    "value": "Kenttään kirjataan kuinka usein asiakas ja omatyöntekijä tai muu asiakkaan palveluista vastaava työntekijä tulevat tapaamaan."
                  },
                  {
                    "lang": "sv",
                    "value": "I fältet antecknas hur ofta klienten och den egna kontaktpersonen eller andra arbetstagare som ansvarar för klientens tjänster kommer att mötas."
                  }
                ],
                "representation": [
                  {
                    "lang": "fi",
                    "value": "Teksti"
                  },
                  {
                    "lang": "sv",
                    "value": "Text"
                  }
                ],
                "repeatable": false,
                "required": false,
                "conditionalRequired": false,
                "nationwideRecordedInformation": false,
                "hiddenField": false,
                "hiddenTitle": false,
                "rowNumber": 29
              }
            },
            "selvitys_oikeuksista": {
              "type": "boolean",
              "sosmeta": {
                "name": [
                  {
                    "lang": "fi",
                    "value": "Selvitys oikeuksista"
                  },
                  {
                    "lang": "sv",
                    "value": "En redogörelse över rättigheter"
                  }
                ],
                "title": [
                  {
                    "lang": "fi",
                    "value": "Asiakkaalle on annettu selvitys oikeuksista, velvollisuuksista ja erilaisista tilanteeseen sopivista toimenpidevaihtoehdoista"
                  },
                  {
                    "lang": "sv",
                    "value": "Klienten har fått en redogörelse över rättigheter, skyldigheter och lämpliga åtgärdsalternativ i olika situationer"
                  }
                ],
                "description": [
                  {
                    "lang": "fi",
                    "value": "Kenttään kirjataan tieto siitä, että asiakkaalle on annettu selvitys hänen tilanteessaan käytettäväksi soveltuvista erilaisista vaihtoehdoista sosiaalihuollon asiakkaan asemasta ja oikeuksista annetun lain (asiakaslaki) 5 §:n mukaisesti. Asiakaslain 5 §:n mukaan asiakkaalle on selvitettävä hänen oikeutensa ja velvollisuutensa, erilaiset vaihtoehdot ja niiden vaikutukset sekä muut asiat, joilla on merkitystä asiakkaan asiassa."
                  },
                  {
                    "lang": "sv",
                    "value": "I fältet antecknas uppgifter om att klienten har fått en utredning om olika alternativ som lämpar sig för hans eller hennes situation i enlighet med 5 § i lagen om klientens ställning och rättigheter inom socialvården (klientlagen). Enligt 5 § i klientlagen ska socialvårdspersonalen för klienten utreda hans eller hennes rättigheter och skyldigheter samt olika alternativ och deras verkningar liksom också andra omständigheter som är av betydelse för klientens sak."
                  }
                ],
                "representation": [
                  {
                    "lang": "fi",
                    "value": "Kytkin"
                  },
                  {
                    "lang": "sv",
                    "value": "Brytare"
                  }
                ],
                "repeatable": false,
                "required": false,
                "conditionalRequired": false,
                "nationwideRecordedInformation": false,
                "hiddenField": false,
                "hiddenTitle": false,
                "rowNumber": 30
              }
            },
            "kuvaus_siita_miten_selvitys_on_annettu": {
              "type": "string",
              "sosmeta": {
                "name": [
                  {
                    "lang": "fi",
                    "value": "Kuvaus siitä miten selvitys on annettu"
                  },
                  {
                    "lang": "sv",
                    "value": "Beskrivning av hur utredningen har getts"
                  }
                ],
                "description": [
                  {
                    "lang": "fi",
                    "value": "Kenttään kuvataan tekstinä kuinka asiakkaalle on annettu asiakaslain 5 §:n vaatima selvitys hänen oikeuksistaan ja velvollisuuksistaan, erilaisista vaihtoehdoista ja niiden vaikutuksista sekä muista asioista, joilla on merkitystä asiakkaan asiassa. Asiakaslain 5 §:n mukaan selvitys on annettava siten, että asiakas riittävästi ymmärtää sen sisällön ja merkityksen."
                  },
                  {
                    "lang": "sv",
                    "value": "I fältet beskrivs med fri text på vilket sätt klienten har getts utredningen om hans eller hennes rättigheter och skyldigheter samt olika alternativ och deras verkningar liksom också andra omständigheter som är av betydelse för klientens sak, vilket krävs i 5 § i klientlagen. Enligt 5 § i klientlagen ska utredningen ges så att klienten tillräckligt förstår dess innehåll och betydelse."
                  }
                ],
                "representation": [
                  {
                    "lang": "fi",
                    "value": "Teksti"
                  },
                  {
                    "lang": "sv",
                    "value": "Text"
                  }
                ],
                "repeatable": false,
                "required": false,
                "conditionalRequired": false,
                "nationwideRecordedInformation": false,
                "hiddenField": false,
                "hiddenTitle": false,
                "rowNumber": 31
              }
            },
            "sovitut_jatkotoimet": {
              "type": "string",
              "sosmeta": {
                "name": [
                  {
                    "lang": "fi",
                    "value": "Sovitut jatkotoimet"
                  },
                  {
                    "lang": "sv",
                    "value": "Avtalade fortsatta åtgärder"
                  }
                ],
                "description": [
                  {
                    "lang": "fi",
                    "value": "Kenttään kuvataan kuinka asiakkuus jatkuu. Kenttään voidaan esimerkiksi kirjata asiakkaan kanssa sovittuja konkreettisia toimenpiteitä ja niihin liittyviä aikatauluja."
                  },
                  {
                    "lang": "sv",
                    "value": "I fältet beskrivs, hur klientrelationen fortsätter. I fältet kan man till exempel anteckna konkreta åtgärder som man har kommit överens om med klienten och tidsschema för dessa."
                  }
                ],
                "representation": [
                  {
                    "lang": "fi",
                    "value": "Teksti"
                  },
                  {
                    "lang": "sv",
                    "value": "Text"
                  }
                ],
                "repeatable": false,
                "required": false,
                "conditionalRequired": false,
                "nationwideRecordedInformation": false,
                "hiddenField": false,
                "hiddenTitle": false,
                "rowNumber": 32
              }
            },
            "eriavat_nakemykset": {
              "type": "string",
              "sosmeta": {
                "name": [
                  {
                    "lang": "fi",
                    "value": "Eriävät näkemykset"
                  },
                  {
                    "lang": "sv",
                    "value": "Avvikande åsikter"
                  }
                ],
                "title": [
                  {
                    "lang": "fi",
                    "value": "Suunnitelman tekoon osallistuneiden henkilöiden eriävät näkemykset suunnitelman sisällöstä"
                  },
                  {
                    "lang": "sv",
                    "value": "Avvikande åsikter om planens innehåll bland de personer som har medverkat i utarbetandet av planen"
                  }
                ],
                "description": [
                  {
                    "lang": "fi",
                    "value": "Kenttään kuvataan suunnitelmaan tekoon osallistuneiden henkilöiden eriäviä näkemyksiä tai mielipiteitä suunnitelman sisällön suhteen."
                  },
                  {
                    "lang": "sv",
                    "value": "I fältet antecknas avvikande åsikter om planens innehåll bland de personer som har medverkat i upprättandet av planen."
                  }
                ],
                "representation": [
                  {
                    "lang": "fi",
                    "value": "Teksti"
                  },
                  {
                    "lang": "sv",
                    "value": "Text"
                  }
                ],
                "repeatable": false,
                "required": false,
                "conditionalRequired": false,
                "nationwideRecordedInformation": false,
                "hiddenField": false,
                "hiddenTitle": false,
                "rowNumber": 33
              }
            },
            "arvio_asiakkuuden_kestosta": {
              "type": "string",
              "sosmeta": {
                "name": [
                  {
                    "lang": "fi",
                    "value": "Arvio asiakkuuden kestosta"
                  },
                  {
                    "lang": "sv",
                    "value": "Bedömning av klientrelationens varaktighet"
                  }
                ],
                "description": [
                  {
                    "lang": "fi",
                    "value": "Kenttään kirjataan arvio asiakkuuden kestosta (SHL 39 §)."
                  },
                  {
                    "lang": "sv",
                    "value": "I fältet antecknas en bedömning av klientrelationens varaktighet (socialvårdslagen 39 §)."
                  }
                ],
                "representation": [
                  {
                    "lang": "fi",
                    "value": "Teksti"
                  },
                  {
                    "lang": "sv",
                    "value": "Text"
                  }
                ],
                "repeatable": false,
                "required": false,
                "conditionalRequired": false,
                "nationwideRecordedInformation": false,
                "hiddenField": false,
                "hiddenTitle": false,
                "rowNumber": 34
              }
            },
            "suunnitelman_tarkistaminen": {
              "type": "object",
              "additionalProperties": false,
              "sosmeta": {
                "name": [
                  {
                    "lang": "fi",
                    "value": "Suunnitelman tarkistaminen"
                  },
                  {
                    "lang": "sv",
                    "value": "Granskning av planen"
                  }
                ],
                "description": [
                  {
                    "lang": "fi",
                    "value": "Tähän kirjataan seuraava suunnitelman tarkistusaika. Käytetään Päivämäärä ja kellonaika -kenttää tai Ajankohta-kenttää sen perusteella, miten tarkkaan seuraava neuvotteluaika tiedetään."
                  },
                  {
                    "lang": "sv",
                    "value": "Här antecknas tidpunkten för följande granskning av planen. Man använder fältet Datum och klockslag eller fältet Tidpunkt beroende på hur exakt man vet tidpunkten för följande överläggning."
                  }
                ],
                "repeatable": false,
                "required": false,
                "conditionalRequired": false,
                "nationwideRecordedInformation": false,
                "hiddenField": false,
                "hiddenTitle": false,
                "rowNumber": 35
              },
              "required": [],
              "properties": {
                "paivamaara_ja_kellonaika": {
                  "type": "string",
                  "pattern": "^-?[0-9]{4}(-(0[1-9]|1[0-2])(-(0[0-9]|[1-2][0-9]|3[0-1])(T([01][0-9]|2[0-3]):[0-5][0-9]:[0-5][0-9](\\.[0-9]+)?(Z|(\\+|-)((0[0-9]|1[0-3]):[0-5][0-9]|14:00)))?)?)?$",
                  "sosmeta": {
                    "name": [
                      {
                        "lang": "fi",
                        "value": "Päivämäärä ja kellonaika"
                      },
                      {
                        "lang": "sv",
                        "value": "Datum och klockslag"
                      }
                    ],
                    "description": [
                      {
                        "lang": "fi",
                        "value": "-"
                      },
                      {
                        "lang": "sv",
                        "value": "-"
                      }
                    ],
                    "representation": [
                      {
                        "lang": "fi",
                        "value": "Hetki"
                      },
                      {
                        "lang": "sv",
                        "value": "Datum och klockslag"
                      }
                    ],
                    "repeatable": false,
                    "required": false,
                    "conditionalRequired": false,
                    "nationwideRecordedInformation": true,
                    "hiddenField": false,
                    "hiddenTitle": false,
                    "rowNumber": 36
                  }
                },
                "ajankohta": {
                  "type": "string",
                  "sosmeta": {
                    "name": [
                      {
                        "lang": "fi",
                        "value": "Ajankohta"
                      },
                      {
                        "lang": "sv",
                        "value": "Tidpunkt"
                      }
                    ],
                    "description": [
                      {
                        "lang": "fi",
                        "value": "Kenttään kirjataan tekstinä tapahtuman suunniteltu ajankohta silloin, kun tarkkaa päivämäärää ja kellonaikaa ei pystytä asettamaan."
                      },
                      {
                        "lang": "sv",
                        "value": "I fältet antecknas den planerade tidpunkten för händelsen med fri text om exakt datum och klockslag inte kan fastställas."
                      }
                    ],
                    "representation": [
                      {
                        "lang": "fi",
                        "value": "Teksti"
                      },
                      {
                        "lang": "sv",
                        "value": "Text"
                      }
                    ],
                    "repeatable": false,
                    "required": false,
                    "conditionalRequired": false,
                    "nationwideRecordedInformation": false,
                    "hiddenField": false,
                    "hiddenTitle": false,
                    "rowNumber": 37
                  }
                },
                "paikka": {
                  "type": "string",
                  "sosmeta": {
                    "name": [
                      {
                        "lang": "fi",
                        "value": "Paikka"
                      },
                      {
                        "lang": "sv",
                        "value": "Plats"
                      }
                    ],
                    "description": [
                      {
                        "lang": "fi",
                        "value": "Kenttään kirjataan neuvottelupaikka."
                      },
                      {
                        "lang": "sv",
                        "value": "I fältet antecknas platsen för överläggningen."
                      }
                    ],
                    "example": [
                      {
                        "lang": "fi",
                        "value": "Asiakkaan koti."
                      },
                      {
                        "lang": "sv",
                        "value": "Klientens hem."
                      }
                    ],
                    "representation": [
                      {
                        "lang": "fi",
                        "value": "Teksti"
                      },
                      {
                        "lang": "sv",
                        "value": "Text"
                      }
                    ],
                    "repeatable": false,
                    "required": false,
                    "conditionalRequired": false,
                    "nationwideRecordedInformation": false,
                    "hiddenField": false,
                    "hiddenTitle": false,
                    "rowNumber": 38
                  }
                }
              }
            },
            "henkilot_joille_tama_suunnitelma_toimitetaan": {
              "type": "string",
              "sosmeta": {
                "name": [
                  {
                    "lang": "fi",
                    "value": "Henkilöt joille tämä suunnitelma toimitetaan"
                  },
                  {
                    "lang": "sv",
                    "value": "Personer som planen ska ges till"
                  }
                ],
                "description": [
                  {
                    "lang": "fi",
                    "value": "Kenttään kirjataan henkilöt, joille asiakirja toimitetaan."
                  },
                  {
                    "lang": "sv",
                    "value": "I fältet antecknas de personer som handlingen ska ges till."
                  }
                ],
                "representation": [
                  {
                    "lang": "fi",
                    "value": "Teksti"
                  },
                  {
                    "lang": "sv",
                    "value": "Text"
                  }
                ],
                "repeatable": false,
                "required": false,
                "conditionalRequired": false,
                "nationwideRecordedInformation": false,
                "hiddenField": false,
                "hiddenTitle": false,
                "rowNumber": 39
              }
            }
          }
        },
        "lisatiedot": {
          "type": "string",
          "sosmeta": {
            "name": [
              {
                "lang": "fi",
                "value": "Lisätiedot"
              },
              {
                "lang": "sv",
                "value": "Mer information"
              }
            ],
            "description": [
              {
                "lang": "fi",
                "value": "Kenttään voidaan tarvittaessa kirjata muita tarpeellisia tietoja."
              },
              {
                "lang": "sv",
                "value": "I fältet kan vid behov andra behövliga uppgifter antecknas."
              }
            ],
            "representation": [
              {
                "lang": "fi",
                "value": "Teksti"
              },
              {
                "lang": "sv",
                "value": "Text"
              }
            ],
            "repeatable": false,
            "required": false,
            "conditionalRequired": false,
            "nationwideRecordedInformation": false,
            "hiddenField": false,
            "hiddenTitle": false,
            "rowNumber": 40
          }
        },
        "lakiselostus": {
          "type": "string",
          "sosmeta": {
            "name": [
              {
                "lang": "fi",
                "value": "Lakiselostus"
              },
              {
                "lang": "sv",
                "value": "Lagförklaring"
              }
            ],
            "implementationNote": [
              {
                "lang": "fi",
                "value": "Kentässä voidaan käyttää automaattitekstiä, jonka organisaatio yhdessä tietojärjestelmätoimittajan kanssa laatii. THL ei laadi kentässä näytettäviä tekstejä."
              },
              {
                "lang": "sv",
                "value": "Kentässä voidaan käyttää automaattitekstiä, jonka organisaatio yhdessä tietojärjestelmätoimittajan kanssa laatii. THL ei laadi kentässä näytettäviä tekstejä."
              }
            ],
            "representation": [
              {
                "lang": "fi",
                "value": "Teksti"
              },
              {
                "lang": "sv",
                "value": "Text"
              }
            ],
            "repeatable": false,
            "required": false,
            "conditionalRequired": false,
            "nationwideRecordedInformation": false,
            "hiddenField": false,
            "hiddenTitle": false,
            "rowNumber": 41
          }
        },
        "paivamaara": {
          "type": "string",
          "pattern": "^-?[0-9]{4}(-(0[1-9]|1[0-2])(-(0[0-9]|[1-2][0-9]|3[0-1]))?)?$",
          "sosmeta": {
            "name": [
              {
                "lang": "fi",
                "value": "Päivämäärä"
              },
              {
                "lang": "sv",
                "value": "Datum"
              }
            ],
            "description": [
              {
                "lang": "fi",
                "value": "Kenttään kirjataan suunnitelman laatimisen päivämäärä"
              },
              {
                "lang": "sv",
                "value": "I fältet antecknas datumet för upprättandet av planen."
              }
            ],
            "representation": [
              {
                "lang": "fi",
                "value": "Pvm"
              },
              {
                "lang": "sv",
                "value": "Datum"
              }
            ],
            "repeatable": false,
            "required": false,
            "conditionalRequired": false,
            "nationwideRecordedInformation": true,
            "hiddenField": false,
            "hiddenTitle": false,
            "rowNumber": 42
          }
        },
        "laatija": {
          "type": "array",
          "minItems": 1,
          "items": {
            "type": "object",
            "additionalProperties": false,
            "sosmeta": {
              "name": [
                {
                  "lang": "fi",
                  "value": "Laatija"
                },
                {
                  "lang": "sv",
                  "value": "Upprättare"
                }
              ],
              "description": [
                {
                  "lang": "fi",
                  "value": "-"
                },
                {
                  "lang": "sv",
                  "value": "-"
                }
              ],
              "repeatable": true,
              "required": true,
              "conditionalRequired": false,
              "nationwideRecordedInformation": false,
              "hiddenField": false,
              "hiddenTitle": false,
              "rowNumber": 43
            },
            "required": [
              "sukunimi",
              "etunimet"
            ],
            "properties": {
              "sukunimi": {
                "type": "string",
                "minLength": 1,
                "sosmeta": {
                  "name": [
                    {
                      "lang": "fi",
                      "value": "Sukunimi"
                    },
                    {
                      "lang": "sv",
                      "value": "Efternamn"
                    }
                  ],
                  "description": [
                    {
                      "lang": "fi",
                      "value": "-"
                    },
                    {
                      "lang": "sv",
                      "value": "-"
                    }
                  ],
                  "representation": [
                    {
                      "lang": "fi",
                      "value": "Nimi"
                    },
                    {
                      "lang": "sv",
                      "value": "Namn"
                    }
                  ],
                  "repeatable": false,
                  "required": true,
                  "conditionalRequired": false,
                  "nationwideRecordedInformation": false,
                  "hiddenField": false,
                  "hiddenTitle": false,
                  "rowNumber": 44
                }
              },
              "etunimet": {
                "type": "string",
                "minLength": 1,
                "sosmeta": {
                  "name": [
                    {
                      "lang": "fi",
                      "value": "Etunimet"
                    },
                    {
                      "lang": "sv",
                      "value": "Samtliga förnamn"
                    }
                  ],
                  "description": [
                    {
                      "lang": "fi",
                      "value": "-"
                    },
                    {
                      "lang": "sv",
                      "value": "-"
                    }
                  ],
                  "representation": [
                    {
                      "lang": "fi",
                      "value": "Nimi"
                    },
                    {
                      "lang": "sv",
                      "value": "Namn"
                    }
                  ],
                  "repeatable": false,
                  "required": true,
                  "conditionalRequired": false,
                  "nationwideRecordedInformation": false,
                  "hiddenField": false,
                  "hiddenTitle": false,
                  "rowNumber": 45
                }
              },
              "tehtavanimike": {
                "type": "string",
                "sosmeta": {
                  "name": [
                    {
                      "lang": "fi",
                      "value": "Tehtävänimike"
                    },
                    {
                      "lang": "sv",
                      "value": "Uppgiftsbeteckning"
                    }
                  ],
                  "description": [
                    {
                      "lang": "fi",
                      "value": "-"
                    },
                    {
                      "lang": "sv",
                      "value": "-"
                    }
                  ],
                  "example": [
                    {
                      "lang": "fi",
                      "value": "-"
                    },
                    {
                      "lang": "sv",
                      "value": "-"
                    }
                  ],
                  "representation": [
                    {
                      "lang": "fi",
                      "value": "Teksti"
                    },
                    {
                      "lang": "sv",
                      "value": "Text"
                    }
                  ],
                  "repeatable": false,
                  "required": false,
                  "conditionalRequired": false,
                  "nationwideRecordedInformation": false,
                  "hiddenField": false,
                  "hiddenTitle": false,
                  "rowNumber": 46
                }
              },
              "palveluyksikko": {
                "type": "object",
                "additionalProperties": false,
                "sosmeta": {
                  "name": [
                    {
                      "lang": "fi",
                      "value": "Palveluyksikkö"
                    },
                    {
                      "lang": "sv",
                      "value": "Serviceenhet"
                    }
                  ],
                  "description": [
                    {
                      "lang": "fi",
                      "value": "Kenttään kirjataan palveluyksikön nimi SOTE-organisaatiorekisterin avulla."
                    },
                    {
                      "lang": "sv",
                      "value": "I fältet antecknas namnet på serviceenheten enligt Organisationsregistret för social- och hälsovården."
                    }
                  ],
                  "example": [
                    {
                      "lang": "fi",
                      "value": "1.2.246.10.1012636.10.1.1.100768 \u003d Espoon keskuksen lastensuojelu, Espoon kaupunki, sosiaali- ja terveystoimi"
                    },
                    {
                      "lang": "sv",
                      "value": "1.2.246.10.1012636.10.1.1.100768 \u003d Esbo centrums barnskydd, Esbo stad, social- och hälsovårdssektorn"
                    }
                  ],
                  "classification": [
                    {
                      "lang": "fi",
                      "value": "Koodistopalvelin: THL - SOTE-organisaatiorekisteri 1.2.246.537.6.202"
                    },
                    {
                      "lang": "sv",
                      "value": "Kodtjänsten: THL - SOTE-organisationsregister 1.2.246.537.6.202"
                    }
                  ],
                  "classificationLink": [
                    {
                      "lang": "",
                      "value": "https://koodistopalvelu.kanta.fi/codeserver/pages/classification-view-page.xhtml?classificationKey\u003d421\u0026versionKey\u003d501"
                    }
                  ],
                  "classificationOid": [
                    {
                      "lang": "",
                      "value": "1.2.246.537.6.202"
                    }
                  ],
                  "representation": [
                    {
                      "lang": "fi",
                      "value": "Koodi"
                    },
                    {
                      "lang": "sv",
                      "value": "Kod"
                    }
                  ],
                  "repeatable": false,
                  "required": false,
                  "conditionalRequired": false,
                  "nationwideRecordedInformation": true,
                  "hiddenField": false,
                  "hiddenTitle": false,
                  "rowNumber": 47
                },
                "required": [
                  "system",
                  "code",
                  "display"
                ],
                "properties": {
                  "system": {
                    "type": "string",
                    "pattern": "^urn:oid:1\\.2\\.246\\.537\\.6\\.202(\\.\\d+)*$"
                  },
                  "code": {
                    "type": "string"
                  },
                  "display": {
                    "type": "string"
                  }
                }
              }
            }
          }
        }
      }
    }
  }
}